<?xml version='1.0' encoding='utf-8'?>
<doc><id>1</id><url>http://news.nankai.edu.cn/nkyw/system/2018/12/10/000422875.shtml</url><title>南开大学获评“全国高等学校创新创业教育改革特色典型经验高校”称号--南开要闻</title><datetime>2018-12-10 00:00:00</datetime><body>南开新闻网讯(通讯员 刘子凯 王修彦)12月6日至7日，中国高等教育学会创新创业教育分会2018年工作年会暨第九届全国高校创新创业教育高峰论坛在江苏徐州举办。会议对在全国高等学校创新创业教育工作中涌现出来的先进集体、先进个人和优秀论文等进行了表彰，包括深化创新创业教育改革特色典型经验高校30所、高等学校创业教育个人工作突出者114人、优秀论文60篇、“精彩一课”微慕课31门、视频公开课20门。南开大学荣获“全国高等学校创新创业教育改革特色典型经验高校”称号。

中国高等教育学会创新创业教育分会会长、中南大学原党委书记高文兵，教育部高等教育司综合处武世兴处长，中国高等教育学会秘书处副秘书长郝清杰，教育部(国家)教育发展研究中心研究员、战略发展部主任马陆亭等出席会议。开幕式上，中国矿业大学党委书记刘波、江苏省教育厅副厅长王成斌、中国高等教育学会副秘书长郝清杰先后致辞。高文兵在会上作了题为“坚持中国特色社会主义教育发展道路深化高校创新创业教育改革”的工作报告，从创新创业人才培养新模式、新时期大学素质教育新路径、积极为国际高等教育发展贡献新经验、规范学会组织建设等多反面对分会工作作了详细阐述。武世兴在主旨报告中指出，要推进“五个结合”和“五育平台”，推动创新创业教育与思政教育、专业教育、体育、美育以及劳动教育紧密结合，打造五育平台。贯彻落实全国教育大会精神，全力打造高校创新创业教育升级版。

全国256所高校代表共600余人参加了本次会议。高峰论坛安排在4个分会场，包括主会场高校特色典型经验、教学成果奖分享、“互联网”+创新创业与校企合作、圆桌论坛，并安排论文展示+圆桌论坛、微慕课展示+圆桌论坛、视频公开课展示+圆桌论坛3个分论坛。会议还宣布了通过2018年新增会员单位名单。</body></doc>