<?xml version='1.0' encoding='utf-8'?>
<doc><id>10</id><url>http://news.nankai.edu.cn/nkyw/system/2018/12/07/000422694.shtml</url><title>“南开大学-中国应急管理学会”2018年会举行--南开要闻</title><datetime>2018-12-07 00:00:00</datetime><body>南开新闻网讯(记者 郝静秋 摄影 吴军辉)12月7日，“南开大学-中国应急管理学会”2018年会暨第二届“南开巨灾保险论坛”在我校津南校区举行。本次大会由南开大学与中国应急管理学会共同主办。100余位专家学者、企业家围绕本届年会主题“新时代、新风险、新使命：保险根植于灾害风险综合防范治理，有效提升国家韧性”展开研讨与交流。

南开大学党委副书记兼纪委书记李义丹，中国应急管理学会副会长陈兰华，黑龙江省政府财政厅副厅长于宏，中国保险学会副秘书长蔡宇出席大会开幕式并致辞。开幕式由金融学院教授范小云主持。

李义丹在致辞中说，南开大学与中国应急管理学会有着深厚的合作基础，本次大会的举办为未来双方加强合作，共同进行灾害风险管理和巨灾保险等领域的科学研究、人才培养、服务国家解决重大社会发展问题奠定了基础。本次论坛旨在围绕保险未来发展，诠释新思想、解读新变化、交流新经验、引领新方向，希望专家学者们畅所欲言，深入交流思想和观点，为中国保险事业进一步发展贡献自己的力量。

陈兰华说，这次与南开大学联合主办论坛活动，旨在落实习近平总书记提出的关于建立高效科学的自然灾害防治体系、提高全社会自然灾害防治能力、为保护人民群众生命财产安全和国家全提供有力保障的重要讲话精神。下一步我们将与南开大学建立更紧密的合作关系，希望各位专家学者就灾害风险的管理与巨灾保险领域的课题研究多展开交流，促进中国应急管理领域新的发展。

于宏说，从实践来看，研究巨灾保险对政府利用市场机制解决巨灾的问题具有重要意义，如何运用现代金融保险手段，提升现代化保障能力一直是政府关注的问题。他以黑龙江为例，阐述了推进农业巨灾保险的重要意义，希望与会专家学者为保护人民群众生命财产安全和国家安全，给予关心支持积极建言献策，为开展各项应急研究提供必要的方便和协助。

蔡宇说，从绿色金融和绿色保险研究工作来看，巨灾保险工作的发展呈现出巨灾保险产品积极创新、管理服务领域不断延伸、巨灾模型应用范围扩大的特点，显示出巨灾保险风险管理技术的应用潜力较大，也体现出巨灾保险风险管理的服务领域非常广泛，因此为促进巨灾保险进一步发挥功能作用，积极参与构建高效、科学的自然灾害防治体系，持续加强研究工作非常重要。

开幕式后，中国应急管理学会教授佘廉、南开大学环境科学与工程学院教授于宏兵、北京师范大学减灾与应急管理研究院教授叶谦、中国财产再保险有限责任公司巨灾研究中心总干事周俊华、南开大学灾害风险管理与巨灾保险研究中心副主任魏钢先后作了主旨演讲。主旨发言阶段由金融学院教授刘玮主持。

佘廉在主旨发言中围绕当今中国城市发展的主要方向，阐述了目前面临的风险挑战问题。他说，现在国内城市建设的主题是韧性城市，韧性主要包括基础韧性、制度韧性、经济韧性、社会韧性。关于基础韧性，是指一个城市中基本的结构，这个城市面对灾害和风险有没有一个缓冲，有没有一种恢复的能力。如何能够对风险进行有效的规避，以及在遭受冲击的时候能够快速的恢复，这是我们韧性中所要回答的问题。佘廉提出，城市韧性要满足可防性、可控性、可恢复性、免疫性(削减性)四个特性，要充分利用地下空间解决城市脆弱性的问题，地下管廊，地下交通，垃圾处理，污水处理，这些东西都是未来要做的，其次要充分考虑应急系统的完善，做到城市地上地下空间一体化，建立新的风险预警管理系统，从早期的事件或者灾害的机理过程中早期干预进入这个过程，保障城市的安全发展。

于宏兵围绕“环境风险和保险制度要紧密结合”的主题，指出现在发生的一些环境污染事故，它把安全和污染紧密结合在一起了，使得安全事故发生之后马上带来的是环境污染和风险。他列举了爆炸、撞船、有害气体泄露等环境污染事故，认为环境污染这种事故跟人为的生产活动结合的非常紧密，从科学角度来说它的发生具有必然性，只是事故发生的频率、大小，和我们的保护和采取的措施是相关的，环境污染事故与环境保险制度必须要充分紧密结合。

叶谦在“如何应对新风险”的主题报告中谈道，风险通常有三个主要的因素，第一是致灾因子，第二是孕灾环境，包括社会的和自然的环境，第三是承灾体，这三者合作起来应该是造成我们风险的一个主要来源。研究发现，致灾因子、孕灾环境、我们自身的承灾体都在不断发生变化，这些合作起来形成了现在新的风险，这些新风险是多样且相互连接的。所以面对这些灾害风险和新的挑战，我们应该在影响上考虑灾害链，同时考虑时空指数，充分利用大数据等灾害认识的新的方法，积极思考怎么把科学与政策怎么更好地应用起来，特别是要从保险角度出发，探索如何把减灾、气侯变化和绿色发展三个方面融合起来，从科学理论上的认识和技术上以及具体实践上，我们都要采取一些新的认识。

周俊华在“一个保险从业人员关于巨灾保险的思考”的报告中谈道，与发达国家相比，我国的保险深度偏小，地震、台风、洪水等大的灾种，灾害损失很大，但保险的赔付比重很低。在我国经济高速增长过程中，这实际上造成了较大的潜在损失，自然灾害的巨灾保险在里面发挥的作用相对较小。从保险本身来说，洪水和台风自动在保单当中，我们对于它风险的定价认识不够充分，尤其地震保险是作为附加险，在一定程度上缺乏科学依据，有时候免费赠送了，或者相当于一个火险保单的10%，这个差别造成了风险评估的不充分、风险保费不充分的状况。

魏钢从灾害和保险的基本概念跟大家分享了相关研究成果，展示了气侯变化情况下灾害发生的规模、强度和损失的状态。他说，保险和灾害的关系，灾害是因，损失是果，损失是因，次生财务灾害是果，那么保险对应的是次生财务灾害，而保险跟自然灾害的发生，跟损失的发生没有直接关系，因为这些发生了保险不会逆转，但是保险需要了解自然灾害发生的概率，需要对这个损失和没有损失的风险暴露需要了解，我们需要计算出保险的成本，也就是或有资本的成本，这样才能够应对这些事情，这是它们的关系。

论坛上，与会专家学者分别就“中国灾害治理与巨灾保险试点实践、巨灾保险建设深度融合财政涉灾预算改革-案例分析”“提出灾害防治、灾害风险管理与巨灾保险新体系、新观点和方向指引”等议题展开深入研讨。

2017年，南开大学灾害风险管理与巨灾保险研究中心在中国保监会和天津市人民政府支持下成立，由南开大学与天津保监局合作，以风险管理与保险学、金融学、环境生态科学、政府管理等多个优势学科集群为核心，是联合政府部门、社会组织、高等院校及国内外十几家保险机构发起成立的非实体性科研机构，挂靠于南开大学金融学院。中心旨在建设国家级保险智库，为破解经济民生难题、建立和完善国家灾害风险管理体系和巨灾保险制度提供理论、政策、制度设计与试点实践的科学支撑。中心成立一年多以来，搭建起了政产学研一体的新型研究平台，聚焦灾害风险与巨灾保险，拓展自然科学与社会科学领域相结合的跨学科研究，主办了一系列有影响力的学术活动。</body></doc>