<?xml version='1.0' encoding='utf-8'?>
<doc><id>100</id><url>http://news.nankai.edu.cn/nkyw/system/2018/11/21/000419435.shtml</url><title>南开文化周末上演美国斯坦伯格小提琴钢琴二重奏--南开要闻</title><datetime>2018-11-21 00:00:00</datetime><body>南开新闻网讯(通讯员 罗庆 摄影 杜晋懿)11月15日晚，南开大学八里台校区东方艺术大楼内上演美国斯坦伯格小提琴钢琴二重奏，两位艺术家分别是小提琴演奏家路易莎·斯通希尔和钢琴家尼古拉斯·本斯，精彩的演奏使全场观众沉浸在小提琴钢琴二重奏的独特魅力之中。

美国斯坦伯格小提琴钢琴二重奏的两位成员被称为“热情又执着的音乐家”，同时有着“温暖的音乐性及琴技”，其琴声也是被盛赞为“描绘性极强同时又极为广阔”。他们与天鹅乐团及指挥家肯内特·伍兹录制了交响协奏曲，并且与英国作曲家菲尔·索耶有着密切的合作。路易莎·斯通希尔和尼古拉斯·本斯的曲目充满想象力，曾在美国、加拿大、西班牙等多地巡演，其独特的诠释及迷人的表演获得了许多掌声。

本场演出向观众们展示了小提琴和钢琴的美妙结合，展示了组合成员高超的琴技和对音乐的热爱与投入，小提琴与钢琴的巧妙融合使这场斯坦伯格小提琴钢琴二重奏更具独特魅力和非凡的视听感受，现场的观众掌声如潮，称赞不绝。

本场音乐会是南开文化周末系列高雅艺术演出之一。本着以文化气质培育大学品格，用艺术力量弘扬南开精神的宗旨，南开文化周末致力于把更多的高水平演出引入校园，以丰富师生的课余文化生活，为广大南开师生带来更加多彩的校园文化生活。</body></doc>