<?xml version='1.0' encoding='utf-8'?>
<doc><id>10005</id><url>http://news.nankai.edu.cn/nkyw/system/2011/06/30/000040184.shtml</url><title>南开大学多篇论文在天津市纪念中国共产党成立90周年理论征文中获奖--南开要闻</title><datetime>2011-06-30 00:00:00</datetime><body>南开新闻网讯(记者 李军)日前，在天津市委组织部、市委宣传部、市委党校、市委党史研究室、市社联、市委教育工委、市教委、天津社会科学院、天津警备区政治部联合主办的“纪念中国共产党成立90周年”理论征文和研讨活动中，南开大学提交的多篇论文获奖。

在此次征文中，我校刘景泉与张健的《党领导社会建设的主要成就和基本经验》、吴志成与王天韵的《中国共产党对欧交往90年的历史回顾与思考》、徐行的《党执政以来对基层干部的教育培训》、寇清杰的《对马克思主义的理论自觉是中国共产党不断取得胜利的必要条件》、张睿壮与刘丰的《中国共产党建党90年来的对美交往》、张健的《中国共产党实行党内民主的优良传统及其对当代中国民主政治建设的深刻影响》等六篇论文获一等奖；平章起与陆阳的《按照“三化”的要求加强学习型政党建设》、杨永志的《论共产党人的力量源泉》、宋志勇与吴远的《中国共产党建党90年来的对日政策》、赵美玲与滕翠华的《从现代化的角度透视中国共产党统筹城乡发展的理论与实践》、赵铁锁与张彤薇的《新时期中国共产党救灾减灾的举措及基本经验》、王文俊与周永发的《独立学院党建工作实践与理论探讨》、党委宣传部课题组的《以改革创新精神加强新时期高校党的建设》等7篇论文获二等奖；林绪武与奚先来的《中国共产党执政现代化的制度因素》、盛林的《“两会机制”――中国特色的政党政治形态》、翟永冠的《现代政治文明的奠基――试论新中国第一届政府在我国政治现代化过程中的作用》、高辉的《中国共产党的对日交往与日中邦交正常化》、李国忠的《中国共产党对中央与地方关系的探索》、余一凡的《90年来中国共产党历史方位的转变及其自觉》、赵春玲的《党对社会主义基本经济制度的实践探索和理论创新》、赵彤的《中国共产党与新中国科技政策战略思想的发展历程》、祖金玉的《十六大以来党内民主的创新发展及其启示》、王翠文的《中国共产党对拉丁美洲交往的历史进程及启示》、姬丽萍的《马克思主义的传入与中国政治现代化的新选择》、张长虹的《加强大学生政治心理塑造，培养坚定的青年马克思主义者》等12篇论文获三等奖。

此次理论征文和研讨活动旨在隆重纪念中国共产党成立90周年，从历史与现实、理论与实践的结合上深入研究阐释中国共产党90年的伟大成就和历史经验，研究阐释我们党推进马克思主义中国化、时代化、大众化取得的重大成果，研究阐释推进中国特色社会主义经济、政治、文化、社会建设以及生态文明建设和党的建设的一系列重大理论和现实问题，研究阐释中国共产党领导天津人民革命、建设、改革的光辉历程。

据了解，此次活动共征集论文逾千篇，经有关专家认真审读，共评出获奖论文169篇。其中，一等奖30篇，二等奖49篇，三等奖90篇。</body></doc>