<?xml version='1.0' encoding='utf-8'?>
<doc><id>10008</id><url>http://news.nankai.edu.cn/nkyw/system/2011/06/30/000040164.shtml</url><title>我校多篇论文在天津市教育系统纪念建党90周年征文活动中获奖--南开要闻</title><datetime>2011-06-30 00:00:00</datetime><body>南开新闻网讯(记者 党宣)日前，在天津市委教育工委组织开展的纪念建党90周年理论征文活动中，我校多篇论文获奖。其中,刘景泉、张健的《党领导社会建设的主要成就和基本经验》；吴志成、王天韵的《中国共产党对欧交往九十年的历史回顾与思考》，张睿壮、刘丰的《中国共产党建党九十年来的对美交往》，寇清杰的《对马克思主义的理论自觉是中国共产党取得胜利的必要条件》4篇论文获得一等奖；丁军的《苏联剧变解体苏共丧失执政地位原因剖析――为加强中国共产党的建设提供参考》，赵美玲、滕翠华的《从现代化角度透视中国共产党统筹城乡发展的理论与实践》，杨永志的《论共产党人的力量源――纪念中国共产党建党90周年》，平章起、陆阳的《按照“三化”的要求加强学习型政党建设》，赵铁锁、张彤薇的《新时期中国共产党救灾减灾的举措及基本经验》，宋志勇、吴远的《中国共产党建党九十年来的对日政策》6篇论文获得二等奖；刘娟、刘倩的《中国共产党对公平正义思想的追求与探索》，尹倩的《中国共产党对中国社会发展道路的探索及启示》，余一凡的《九十年来中国共产党历史方位的转变及其自觉》，王翠文的《中国共产党对拉丁美洲交往的历史进程及启示》，李国忠的《中国共产党对中央与地方关系的伟大探索》，徐曼、刘旭虹的《中国共产党农村思想政治工作的历史回顾及现代启示》，王文俊、周永发的《独立学院党建工作实践与理论探索》，林绪武、奚先来的《中国共产党执政现代化的制度因素》，赵春玲的《建党九十年来党对社会主义基本经济制度的实践探索和理论创新》9篇论文获得三等奖。南开大学党委宣传部获得优秀组织奖。 此次征文活动共收到全市教育系统32个单位报送理论征文173篇。经过专家评委评审，评出一等奖16篇，二等奖26篇，三等奖36篇，优秀奖40篇。</body></doc>