<?xml version='1.0' encoding='utf-8'?>
<doc><id>10009</id><url>http://news.nankai.edu.cn/nkyw/system/2011/06/30/000040160.shtml</url><title>天津市评估专家组来南开对国家级实验教学示范中心进行前期验收--南开要闻</title><datetime>2011-06-30 00:00:00</datetime><body>(通讯员 设备处)为迎接教育部对我校国家级实验教学示范中心的评估验收工作，日前，天津市教委评估专家组来到我校，对化学和基础物理实验教学示范中心进行了前期验收。天津市教委高教处处长张卫国，南开大学党委常委、教务长朱光磊出席了此次评估验收工作会议，我校实验室设备处、化学实验教学示范中心、基础物理实验教学示范中心、生物实验教学示范中心、经济实验教学示范中心相关负责人以及部分天津市高等学校观摩代表等参加会议。

张卫国主持评估验收会议，朱光磊在会上致辞。实验室设备处负责人就我校国家级实验教学示范中心的建设情况进行了汇报，化学实验教学示范中心和基础物理实验教学示范中心负责人分别作自评报告。

我校从1998年开始整合实验教学资源，组建实验教学中心，目前共有4个国家级实验教学示范中心、4个天津市优秀实验教学中心、5个校级实验教学中心、4个教学实验室和2个教学部。在近五年的实验教学中心建设中，我们严格贯彻“注重素质、培养能力、强化基础、提高质量”的本科教学改革方针。教研相辅，促进实验教学改革，提高实验教学质量。利用实验教学中心平台，构建创新人才培养体系。实施“百项工程”、开放实验室、开展多种形式竞赛活动，提高学生动手能力和竞争意识。获得了诸多国家级和省部级以上的奖项，发表了诸多高水平的教学科研论文，出版了系列实验教材，成绩斐然。

评估专家组认真听取汇报，并依据天津市高校“国家级实验教学示范中心”评估验收指标体系的要求，对各项汇报材料进行审核验收，对中心相关实验室进行了实地考察验收。

评估专家组对我校化学和基础物理实验教学示范中心以国家级实验教学示范中心建设为契机，在更新实验教学理念、深化实验教学改革、狠抓实验教学队伍建设、完善管理机制、优化实验教学环境、发挥中心示范辐射作用和彰显中心特色等方面取得的成绩予以肯定。评估专家组希望在今后实验教学中心的建设中要进一步加大实验教学经费投入，提高仪器设备更新率，加强实验教学档案资料的收集整理工作，积极采取有力措施，促进科研成果转化成实验教学项目的工作，以全新的姿态迎接教育部国家级实验教学示范中心的验收。</body></doc>