<?xml version='1.0' encoding='utf-8'?>
<doc><id>10001</id><url>http://news.nankai.edu.cn/nkyw/system/2011/07/01/000040201.shtml</url><title>天津市高校深化反腐倡廉建设交流会在南开举行--南开要闻</title><datetime>2011-07-01 00:00:00</datetime><body>南开新闻网讯(通讯员 王福鑫)6月28日，天津市高等院校板块深化反腐倡廉建设互学互看活动交流会在南开大学举行。南开大学纪委书记张式琪、市委教育工委纪检组组长刘十洲、市纪委四室主任刘群立等出席。南开大学、天津医科大学、天津财经大学、天津理工大学、天津中医药大学、中国民航大学、天津城建学院等七所高校纪委领导及相关部门负责人参加了交流会。会议由刘十洲主持。

今年，市纪委、市监察局会同市委教育工委、市教委研究制定了《关于深化天津市教育系统反腐倡廉建设的实施办法》，旨在从源头上预防教育系统廉政风险，进一步提升教育系统反腐倡廉建设科学化水平。为了保证《实施办法》所列各项任务以及教育系统创新项目高质量完成，市委教育工委、市教委纪检组精心组织了本次互学互看交流活动。与会各单位分别就招标采购管理机制和监督机制、科研经费使用的审计与监管、程序性制度建设、教育收费审查备案及资产管理信息系统、党风廉政建设考核以及廉洁教育等项目交流展示了本单位的重点创新工作项目，汇报了项目的设计、功能、成效和进度完成等情况。市委教育工委纪检组组长刘十洲对各高校的深化反腐倡廉创新工作给与了充分的肯定，并对下一阶段的工作重点提出了要求。</body></doc>