<?xml version='1.0' encoding='utf-8'?>
<doc><id>10007</id><url>http://news.nankai.edu.cn/nkyw/system/2011/06/30/000040173.shtml</url><title>南开大学展览红色出版物 宣传党史知识--南开要闻</title><datetime>2011-06-30 00:00:00</datetime><body>(记者 陈鑫 摄影报道)为迎接建党90周年，南开大学图书馆特地举办红色出版物展览，集中展出一批馆藏精品――版本珍贵的红色经典图书104种和报纸4种，以独特的方式向广大师生展现了中国共产党不断发展、壮大的光辉历程。

此次展览的图书包括建党初期到建国初期翻译、出版的马克思主义理论经典和红色文学经典。其中理论经典有马克思、恩格斯、列宁、毛泽东等的著作，展现马克思主义理论在中国的传播和不断发展。时间最早的为1927年朱应祺和朱应会翻译、上海泰东图书局出版的《马克斯的工资价格及利润》、《马克斯的伦理概念》(记者按：此为当时的译名)。红色文学包括《林海雪原》、《红旗谱》、《红岩》、《青春之歌》等脍炙人口、影响了几代人的经典作品。

展出的报纸包括1949年10月2日《人民日报》第一版登载的毛泽东主席在天安门上庄严宣布中华人民共和国成立的图文报道。

除出版物外，此次展出的还有南开大学图书馆专门制作的主题图片展，用一系列珍贵的历史图片生动地展现中国共产党历史上的一些重要时刻，以及南开大学在党史上的贡献。

南开大学历史学院的博士生小张认真参观了展览。他说：“这些不同时期不同版本的红色出版物和珍贵图片，让我大开眼界，也为研究马克思主义在中国的发展史和中共党史提供了生动史料。通过这些发黄的书页，我仿佛看到了我们党90年来艰辛而光荣的历程。”</body></doc>