<?xml version='1.0' encoding='utf-8'?>
<doc><id>10003</id><url>http://news.nankai.edu.cn/nkyw/system/2011/07/01/000040198.shtml</url><title>在南开大学庆祝中国共产党成立90周年大会上的讲话-建党,90周年-南开要闻</title><datetime>2011-07-01 00:00:00</datetime><body>(2011年6月30日)

薛进文

同志们：

今天，我们在这里隆重集会，热烈庆祝中国共产党成立90周年。首先，我代表学校党委，向全校各级党组织和广大共产党员，致以节日的问候！

刚才，我们表彰了受到市委奖励的先进党组织和优秀党员，陈志远教授、刘维爽同学和陈军、苏明辉、白宏涛、赵秀清等几位同志作了十分精彩的发言，内容丰富生动，充满真挚感情，听了以后深受启发和鼓舞。

90年前，中国共产党在风雨飘摇、水深火热的中华大地诞生，这是中国历史上开天辟地的大事件。90年来，我们党领导全国各族人民进行了艰苦卓绝的英勇奋斗，取得了一个又一个伟大胜利，从根本上改变了中国人民的命运、中国历史的方向和中国社会的面貌，谱写了中华民族历史的光辉篇章。中国共产党的90年，是为中华民族的独立、解放、繁荣，为中国人民的自由、民主、幸福而不懈奋斗的90年；是将马克思主义基本原理与中国具体实际相结合、不断推进马克思主义中国化的90年；是经受住各种风浪考验、不断发展壮大、更加坚强有力的90年。

中国共产党90年的不平凡历程证明：没有共产党，就没有新中国；没有中国共产党，就没有中国特色社会主义的美好现实和光明前景。坚持中国共产党的领导，是历史的必然，是人民的选择。在中国，只有中国共产党，才能团结带领全国各族人民战胜前进道路上的一切困难和挑战，才能开创中国特色社会主义道路，实现民族振兴、国家富强和人民幸福。

南开大学是最早受到党的积极影响的中国高校之一。1919年，作为南开大学首期学生，周恩来等人在天津组织觉悟社，邀请党的主要创始人之一李大钊座谈马克思学说，学习、宣传马克思主义。在周恩来的带动下，南开大学涌现出了一批具有初步共产主义思想的青年知识分子，马骏、于方舟、陈镜湖等就是其中的杰出代表。周恩来和马骏等成为我们党最早的一批党员，于方舟、陈镜湖等也先后入党。在如火如荼的革命斗争中，周恩来逐步成长为党的卓越领导人，于方舟成为天津党团组织的主要创始人和当时的重要负责人。

20年代中期到30年代初，在天津党组织的指导下，南开大学越来越多的进步师生成为党的外围组织的骨干成员，积极宣传党的思想主张，开展了一系列爱国革命斗争和抗日救亡活动。1935年“一二・九”运动后，在中共中央北方局和中共天津市委的支持下，南开大学正式建立了党支部。从那时起，南开党的组织走过了光荣而曲折的历程，在抗日战争时期、解放战争时期，都发挥了积极而重要的作用，一批优秀的南开学子为民族独立和人民解放献出了宝贵的生命。

新中国成立后，党在南开大学的工作不断得到加强。1950年设立党总支，1956年设立党委，1959年召开了全校第一次党员代表大会。在上级党组织的领导下，在全校党组织、共产党员和师生员工的共同努力下，南开大学的办学水平和教育质量逐步提高，国内外声誉日益提升，取得了令人瞩目的成就。在这一过程中，党组织自身也不断发展壮大，从最初建立支部时的几名党员，发展到今天的33个分党委、569个基层党支部、12500多名党员，成为领导学校各项改革和事业发展的核心力量。

进入新世纪后，特别是第七次党代会以来，我校各级党组织以邓小平理论和“三个代表”重要思想为指导，全面贯彻落实科学发展观，团结带领广大师生员工，坚持“求精求强、注重特色”的发展思路，稳步实施“五大战略”举措，守正创新、埋头苦干，各项改革和事业发展取得了显著成就，党的建设得到全面加强，南开向着世界知名高水平大学的建设目标迈出了坚实步伐。

南开大学蓬勃发展的实践表明，党的领导是学校事业发展的根本保证。只有坚持中国共产党的领导，才能把握好社会主义办学方向，坚持正确的办学指导思想，全面提高人才培养质量；才能把握好改革发展稳定大局，推动学校科学发展；才能维护好广大师生员工的根本利益，凝聚人心，促进和谐。历史证明，无论是革命战争年代，还是改革建设时期，南开大学各级党组织都能始终发挥战斗堡垒作用，广大共产党员都能始终发挥先锋模范作用，以坚强的党性原则、严格的组织纪律、无私的奉献精神和开拓创新的优秀品格，为中国革命和建设、为党的教育事业、为南开大学的改革和发展而不懈奋斗。在这里，我代表学校党委，向在长期革命斗争中英勇牺牲的南开革命先烈表示深切的怀念，向为南开大学的发展作出贡献的老领导、老同志、老党员表示崇高的敬意，向辛勤工作在教学科研、管理服务第一线的基层党组织和广大党员表示衷心的感谢！

同志们，对党的历程最好的回顾和总结，对党的90华诞最有意义的庆祝和纪念，就是要高举中国特色社会主义伟大旗帜不动摇，坚持中国特色社会主义道路不动摇，坚持中国特色社会主义理想信念不动摇，把改革开放和现代化建设继续推向前进，把南开大学发展好、建设好。

当前，南开的发展正处在承前启后的关键阶段，面临着党和国家加快推进教育事业改革的重大机遇，面临着天津经济社会跨越发展的重大机遇，面临着规划建设我校新校区的重大机遇。今年9月，我们要召开学校第八次党代会，研究部署今后一个时期学校发展的总体战略。各级党组织、广大党员和全校师生员工，要以庆祝党的90华诞为契机，认真学习贯彻胡锦涛总书记在清华大学建校100周年大会上的重要讲话精神和在天津考察工作时的重要讲话精神，自觉把思想行动统一到中央和教育部、天津市的部署要求上来，倍加珍惜大好形势，倍加珍惜发展机遇，同心同德、乘势而上，努力推动学校各项工作再上新台阶，使南开大学成为全面贯彻落实科学发展观、实施素质教育的排头兵，走在教育改革创新的前列，走在学术研究创新的前列，走在服务社会发展的前列，走在文化传承创新的前列。当前，主要做好以下几个方面的工作：

一是进一步完善学校发展战略。要围绕提高高等教育质量，坚持内涵发展、创新发展、特色发展，进一步理清发展思路，完善发展战略，切实编制好学校“十二五”事业发展规划。要进一步加强学校发展的顶层设计和长远谋划，统筹协调文科与理工科、硬件与软件、特色与共性、继承与创新、本土化与国际化、服务社会与引领时代等重要关系，不动摇、不懈怠、不折腾，不断开拓更加广阔的发展前景。

二是进一步强化育人为本的理念。要坚持以学生为主体，以教师为主导，把促进学生健康成长作为学校一切工作的出发点和落脚点，尊重教育规律和学生身心发展规律。深化教育教学改革，大力推动实施南开特色的素质教育，坚持德育为先，能力为重，全面发展，努力培养德才兼备的社会主义合格建设者和可靠接班人。

三是进一步凝聚人才队伍。通过强有力的基层组织建设，扩大党的工作覆盖面，把广大专家学者和优秀人才凝聚在党的旗帜下。要采取更加切实有效的措施推进高水平师资队伍建设，完善人才引进、培养、评价、激励、竞争和保障等政策体系，真正把人才强校战略落到实处。

四是进一步推进重点工作。要根据今年学校工作要点要求，进一步做好新校区的规划建设等相关工作，进一步服务好天津经济社会发展和滨海新区的开发开放，进一步做好学校第八次党代会召开的各项筹备工作，进一步维护校园和谐、安全和稳定，进一步做好毕业生离校和期末相关工作。

五是进一步深化创先争优活动。要按照中央部署要求，进一步深入开展创先争优活动，进一步发挥党组织的战斗堡垒作用和党员的先锋模范作用。党组织要带领师生员工在本单位工作中创造一流成果，争当先进；党员要在本职岗位上创造优秀业绩，争当模范。每一个支部都应该是一个优秀的工作团队，每一位党员都应该是一面旗帜，一个榜样。要通过创先争优，全面提升党组织和党员的先进性，不断加强和改进学校党的建设，为学校改革发展提供更加坚强有力的保证。

同志们！隆重纪念中国共产党成立90周年，是党和国家政治生活中的一件大事，也是南开大学政治生活中的一件大事。明天，中央要召开建党90周年庆祝大会，胡锦涛总书记将发表重要讲话。全校各级党组织和广大党员，一定要认真学习、深刻领会、全面贯彻胡锦涛总书记的重要讲话，把纪念建党90周年焕发出的热情，投入到建设南开、发展南开的实践中来。让我们更加紧密团结在以胡锦涛同志为总书记的党中央周围，在党的领导下不断加快南开各项改革和事业发展，为创建世界知名高水平大学进而建设世界一流大学而努力奋斗！</body></doc>