<?xml version='1.0' encoding='utf-8'?>
<doc><id>10006</id><url>http://news.nankai.edu.cn/nkyw/system/2011/06/30/000040181.shtml</url><title>南开大学集体和个人获天津市教育系统“五五”普法工作表彰--南开要闻</title><datetime>2011-06-30 00:00:00</datetime><body>南开新闻网讯(记者 李军)日前从教育工委获悉，在天津市教育系统2006-2010年普法先进单位和个人评比中，南开大学党委宣传部荣获依法治理先进单位称号，学校办公室副主任邢志杰获得依法治理先进工作者称号，法学院李晓兵副教授获得依法治理先进个人称号。

“五五”普法活动开展以来，党委宣传部在学校党委领导下，全面落实科学发展观，坚持多渠道开展普法宣传，组织、协调法制宣传教育工作。不断创新方式方法，不断增强部内工作人员尤其是部门领导的法制意识和法律素养，营造了全校学法、懂法、用法的良好氛围。邢志杰同志在“五五”普法期间，围绕学校中心工作和师生关注的热点、难点问题，开展有针对性的法制宣传工作，充分发挥办公室信访室和法律事务室的职能，为领导、部门、师生员工提供法律咨询服务，使法制宣传教育工作在学校的改革发展稳定中发挥积极作用。李晓兵同志在日常的教学活动中，以深入浅出、循循善诱的方式培养学生们的宪法观念，提升学生们的宪法意识。同时，他还积极地参与法制宣传活动和和社会活动，通过具体的法治实践活动积极地宣传宪法，普及法律知识和法治理念。

2006年至2010年，天津市教育系统全面开展了普法依法治理工作。为鼓励先进，市委教育工委决定开展先进集体和个人的评比工作，最终评比出15个单位、6名先进工作者和23名先进个人。</body></doc>