<?xml version='1.0' encoding='utf-8'?>
<doc><id>10004</id><url>http://news.nankai.edu.cn/nkyw/system/2011/07/01/000040197.shtml</url><title>南开大学隆重庆祝中国共产党成立90周年-建党,90周年-南开要闻</title><datetime>2011-07-01 00:00:00</datetime><body>高举中国特色社会主义伟大旗帜 努力建设世界知名高水平大学

(记者 张 丽 平 扬 摄影 陈 晨 任永华)6月30日，南开大学庆祝中国共产党成立90周年大会，在主楼小礼堂隆重举行。校党政领导班子成员，市级先进基层党组织代表，天津市教育系统先进基层党组织代表和优秀共产党员、优秀党务工作者，我校红旗党组织代表、优秀共产党员标兵，全校中层干部，党支部书记代表，离退休老党员、老同志代表参加大会。校党委书记薛进文发表讲话，校长龚克主持大会。

大会在雄壮的国歌声中开始。

薛进文代表校党委向全校各级党组织和广大共产党员致以节日的问候。他指出，90年来，中国共产党领导全国各族人民进行了艰苦卓绝的英勇奋斗，取得了一个又一个伟大胜利，从根本上改变了中国人民的命运、中国历史的方向和中国社会的面貌，谱写了中华民族历史的光辉篇章。90年的不平凡历程证明：没有共产党，就没有新中国；没有中国共产党，就没有中国特色社会主义的美好现实和光明前景。

薛进文说，南开大学是最早受到党的积极影响的中国高校之一。无论是革命战争年代，还是改革建设时期，学校各级党组织都能始终发挥战斗堡垒作用，广大共产党员都能始终发挥先锋模范作用，以坚强的党性原则、严格的组织纪律、无私的奉献精神和开拓创新的优秀品格，为中国革命和建设、为党的教育事业、为南开大学的改革和发展而不懈奋斗。

薛进文强调，对党的历程最好的回顾和总结，对党的90华诞最有意义的庆祝和纪念，就是要高举中国特色社会主义伟大旗帜不动摇，坚持中国特色社会主义道路不动摇，坚持中国特色社会主义理想信念不动摇，把改革开放和现代化建设继续推向前进，把南开大学发展好、建设好。当前，我们要进一步完善学校发展战略、强化育人为本的理念、凝聚人才队伍、推进重点工作、深化创先争优活动，把纪念建党90周年焕发出的热情，投入到建设南开、发展南开的实践中来，为创建世界知名高水平大学进而建设世界一流大学而努力奋斗。

龚克在主持时说，列宁曾经说过：“庆祝伟大革命的纪念日，最好办法是把注意力集中到还没有解决的革命任务上。”全校各级党组织和广大党员要把思想和行动统一到党委要求上来，以更加坚定的信念、更加坚决的举措、更加积极的行动，推进教育改革、科技创新、社会服务和文化传承创新等各方面的工作，特别是要认真做好第八次党代会的筹备工作，抓紧做好学校“十二五”规划，加快推进新一期“985工程”建设。让我们以纪念建党90周年为契机，振奋南开的实干精神，共同开创世界知名高水平大学建设的新局面。

大会表彰了受到市委奖励的先进党组织、优秀党员和优秀党务工作者。

中共一大代表陈潭秋烈士之子、历史学院教授陈志远，人民日报纪念建党90周年“追寻”主题活动南开大学小分队代表、周恩来政府管理学院学生刘维爽，教师优秀党员代表、化学学院教授陈军，干部优秀党员代表、学校机关党委副书记苏明辉，学生优秀党员代表、环境科学与工程学院博士生白宏涛，优秀党组织代表、商学院党委书记赵秀清，分别在大会上作了发言。大家表示：要以满腔热情追随党的足迹，继承党的事业，为国家繁荣、社会和谐、民族振兴和南开发展贡献全部力量。

大会在庄严的《国际歌》声中结束。</body></doc>