<?xml version='1.0' encoding='utf-8'?>
<doc><id>10019</id><url>http://news.nankai.edu.cn/nkyw/system/2011/06/29/000040113.shtml</url><title>680名博士研究生从南开毕业-博士,研究生,毕业-南开要闻</title><datetime>2011-06-29 00:00:00</datetime><body>(记者 张 剑 摄影 任永华 陈 晨)“轻轻的我走了，正如我轻轻的来；我轻轻的招手，作别西天的云彩。”每当毕业的钟声敲响，毕业生的最后一段南开时光开始进入倒计时，诗人徐志摩的名句成为萦绕在他们心头的一支毕业歌。

6月28日，南开大学2011届博士研究生毕业典礼暨学位授予仪式在田家炳音乐厅举行。680名博士毕业生从南开起航，即将踏上崭新的征程。

校长龚克，常务副校长陈洪，党委副书记杨庆山、刘景泉，副校长陈永川、佟家栋，党委常委、教务长朱光磊，以及研究生院、研工部和各学院负责人出席毕业典礼。陈永川宣读了学位授予决定。毕业典礼由佟家栋主持。

典礼上，龚克为每一位博士毕业生颁发了证书，并将其学位帽上的流苏由右边拨至左边。他在致辞中寄语同学们“宽广”、“深入”、“独立”和“创造”4个关键词，勉励博士毕业生夯实、拓宽理论基础，深入研究专业知识，独立从事研究工作，并作出创造性成果。他说，博士不是一个荣誉，而是一个学术标准，是一生为人为学的准则。作为南开的博士生，要用“允公允能”的精神去思索、践行，用坚实、宽广、系统、深入的研究去独立创造，在建设创新型国家、构建和谐社会、实现中华民族伟大复兴和可持续发展的事业中建功立业，不负南开博士的光荣称号。

化学学院博士生导师袁直希望毕业生们不忘自己对祖国的责任，踏实做事，认真做人，感恩社会，报效祖国，并祝愿同学们前程似锦，事业辉煌。物理科学学院学生刘继元代表全体博士毕业生对母校南开致以最真诚的感谢。他说：“我们将以南开人特有的品格走向社会，实现自我，发扬南开精神，践行‘公能’校训，勇担责任，奉献青春! ”毕业典礼上，同学们齐唱校歌，一同将学位帽高高抛起，表达着相似的喜悦与感伤。这个每一位毕业生都不想缺席的重大仪式，那些飞在空中的学位帽，承载了多少对南开母校难以释怀的留恋？“渤海之滨，白河之津，巍巍我南开精神……”毕业生唱起这熟悉的旋律，集体从南开启航，让雄壮的校歌陪伴自己走向新的起点。

毕业典礼结束后，校长龚克来到主楼前和毕业生合影留念。

毕业不是情感的疏离，而是力量的扩散。受过南开教育之后，毕业生们自身得到成长，同时也将南开精神根植于心。“南开人”的光荣称号与他们伴随一生、鼓舞一生。</body></doc>