<?xml version='1.0' encoding='utf-8'?>
<doc><id>10013</id><url>http://news.nankai.edu.cn/nkyw/system/2011/06/29/000040123.shtml</url><title>毕业生组成"I LOVE 南开"图案感恩母校--南开要闻</title><datetime>2011-06-29 00:00:00</datetime><body>南开新闻网讯(记者 平扬 摄影 陈晨 )毕业之际，南开大学周恩来政府管理学院、化学学院、历史学院的100多名毕业生身着学位服，组成“I LOVE南开”图案，以表达对母校感恩之情。</body></doc>