<?xml version='1.0' encoding='utf-8'?>
<doc><id>10015</id><url>http://news.nankai.edu.cn/nkyw/system/2011/06/29/000040120.shtml</url><title>第八次党代会第一代表团召开座谈会--南开要闻</title><datetime>2011-06-29 00:00:00</datetime><body>(记者 张轶帆 摄影 任永华)6月27日，第八次党代会第一代表团座谈会在办公楼召开，就第八次党代会党委工作报告(征求意见稿)和纪委工作报告(征求意见稿)广泛听取代表的意见和建议。校党委书记薛进文、党委副书记杨庆山、纪委书记张式琪参加座谈会。

薛进文说，第八次党代会党委工作报告和纪委工作报告既是对上届党代会以来学校工作的回顾和总结，也是对学校今后发展目标、发展战略和主要任务的展望与规划，是学校未来几年发展的纲领性文件，事关学校的前途和核心竞争力，学校党委将最大限度地听取广大代表们的意见和建议，希望大家从学校主人翁的角度出发，开动脑筋，群策群力，充分发表自己的真知灼见，同心协力开好学校第八次党代会，为学校的又好又快发展作出贡献。

第一代表团的成员主要由机关各职能部门的代表组成，大家本着对学校事业负责的态度，从各自的本职工作出发，围绕报告(征求意见稿)进行了热烈讨论。就学校面临的形势、南开的定位、未来发展的目标、存在的问题和差距、学科建设、教学科研、管理服务、新校区的建设和功能定位等方面提出了自己的看法和修改意见。

校领导对代表们的发言进行了认真记录并予以充分肯定，要求报告起草小组认真研究，最大限度地吸收采纳意见和建议，对代表们提出的有关急需解决的问题要尽快落实到工作当中，以实际行动迎接学校第八次党代会的召开。

此前，学校向第八次党代会代表发放了学习材料，包括：《中国共产党章程》、《国家中长期教育改革和发展规划纲要(2010-2020年)》、《国家中长期人才发展规划纲要(2010-2020年)》、《国家中长期科技发展规划纲要(2006-2020年)》、《中国共产党普通高等学校基层党组织工作条例》以及国家领导人近期关于高等教育和高校党建的重要讲话等。</body></doc>