<?xml version='1.0' encoding='utf-8'?>
<doc><id>10016</id><url>http://news.nankai.edu.cn/nkyw/system/2011/06/29/000040118.shtml</url><title>第八次党代会第11代表团举行讨论会--南开要闻</title><datetime>2011-06-29 00:00:00</datetime><body>(记者 张轶帆 摄影 任永华)6月23日，第八次党代会第11代表团分团讨论会在图书馆召开，会议就第八次党代会党委工作报告(征求意见稿)和纪委工作报告(征求意见稿)广泛听取代表的意见和建议。校纪委书记张式琪参加座谈会，第11代表团召集人主持会议。

张式琪说，第八次党代会是今年我校的重要任务，也是全年工作的中心与主线，党委工作报告和纪委工作报告是学校未来几年发展的纲领性文件，既是对上届党代会以来学校工作的回顾和总结，也是对学校今后发展目标、发展战略和主要任务的展望与规划，希望大家从自己的工作内容出发，联系实际，为工作报告与学校发展献计献策。

讨论会上，代表团成员围绕学校的发展战略、发展任务、学生培养、素质教育实施、南开特色的突显、机关工作作风建设等问题提出了自己的看法和修改意见，气氛十分热烈。</body></doc>