<?xml version='1.0' encoding='utf-8'?>
<doc><id>1001</id><url>http://news.nankai.edu.cn/nkyw/system/2018/03/20/000372734.shtml</url><title>曹雪涛调研文学院--南开要闻</title><datetime>2018-03-20 00:00:00</datetime><body>南开新闻网讯(记者 郝静秋 摄影 任永华)3月20日，校长曹雪涛到文学院调研，听取学院工作汇报并就学科建设、学院发展与干部教师深入交流。

学院党政负责人分别从学院概况、学科发展、师资队伍建设、教育教学、国际交流与合作、社会服务、学院党建、发展中面临的危机和机遇等方面进行了工作汇报。学院班子成员、学术带头人及骨干等也就人才引育、学科评价、人才培养、项目申报、办学条件、学校管理服务水平提升等问题提出了意见建议。

曹雪涛认真听取发言，并同与会人员交流。他表示，习近平总书记指出，“中华优秀传统文化是我们最深厚的文化软实力，也是中国特色社会主义植根的文化沃土”。南开大学文学院基础雄厚、名师辈出，中文、传播、艺术等学科设置，对于提升学生人文素养、推动学校文学教育与人文素养教育、传承中华优秀传统文化具有重要意义。进入新时代，学院要根据新形势和新要求，冷静分析现状，明确发展定位，进一步优化人才结构、平衡学科布局、扩大办学空间，在巩固传统优势的基础上，借鉴同行先进经验，瞄准国际国内前沿，咬住目标不放松，努力实现新突破。

曹雪涛指出，面向未来发展，学院要强化行动意识，强化攻关意识，强化开放意识，用强大的执行力、广泛的凝聚力、开放的心态和模式迎接新的挑战与机遇。要追求内涵式发展，逐步加强人才梯队建设，完善学科体系，巩固优势学科、补强薄弱学科、开辟新兴学科，凝练特色方向，打造高峰高地；要注重特色化发展，找准特色优势，聚集各方资源，整合优质力量办大事；要实现跨越式发展，引进智力，挖掘潜力，推进学科交叉融合，破除体制机制障碍，树立大视野、打造大格局、实现大作为。

曹雪涛强调，文学院要继续深入学习贯彻落实党的十九大精神，坚持党的教育方针和社会主义办学方向，全面落实全国高校思想政治工作会议精神，将党建工作与学院中心工作融合开展，培养素质全面发展、具有家国情怀的中国特色社会主义事业建设者和接班人。

学校办公室、人事处、国际学术交流处负责人参加调研。</body></doc>