<?xml version='1.0' encoding='utf-8'?>
<doc><id>10010</id><url>http://news.nankai.edu.cn/nkyw/system/2011/06/30/000040157.shtml</url><title>庆祝建党90年 后勤党委表彰先进党支部优秀党员--南开要闻</title><datetime>2011-06-30 00:00:00</datetime><body>(通讯员 李洁梅)6月28日，南开大学后勤党委在伯�H楼多功能厅召开大会，纪念中国共产党成立90周年，表彰先进党支部和优秀共产党员。校党委常委、校长助理、总会计师孙广平以及后勤党委委员出席大会并为获奖者颁奖。后勤系统全体党员参加了会议。

会上，后勤党委授予后勤系统党支部1个“红旗支部”称号、2个“先进支部”称号，16名同志“优秀共产党员”称号。这些先进党支部和优秀共产党员，是近年来在我校后勤系统各项工作中涌现出来的模范集体和先进人物的杰出代表。

后勤党委负责人向受到表彰的先进党支部和优秀共产党员表示祝贺，向后勤各基层支部和广大共产党员致以节日的问候。他说，后勤各项事业能不能更好地发展，取决于广大党员的思想政治素质和业务能力素质，取决于党员的先锋模范作用是否得到很好的发挥。希望后勤广大党员：一要做解放思想、创新实干的表率。要强化危机意识，以时不我待的压力感和紧迫感，时刻把加快发展放在心上，把各项工作抓在手上，努力创造一流的业绩；二要做脚踏实地、埋头苦干的表率。后勤广大党员干部要带头弘扬求真务实、真抓实干的作风，以强烈的事业心和忘我的敬业精神，在本职岗位上勤勤恳恳、埋头苦干，努力创造经得起实践和群众检验的业绩。今天，以表彰先进党组织和优秀共产党员的形式，庆祝我们党成立90周年，具有特殊而重要的意义。我们各党支部和广大共产党员，都要向受到表彰的集体和个人学习，努力在各自不同的岗位上为学校发展建功立业，为创建世界一流大学后勤而努力奋斗。

会上，“红旗支部”膳食服务中心党支部书记许立群，房产处张毅，校园环境服务中心、动力供应与维修中心赵瑜、刘爱会等优秀共产党员先后发言，表示将珍惜荣誉，再接再厉，立足本岗，做好工作，推动科学发展，促进校园和谐。</body></doc>