<?xml version='1.0' encoding='utf-8'?>
<doc><id>10018</id><url>http://news.nankai.edu.cn/nkyw/system/2011/06/29/000040114.shtml</url><title>在南开大学2011届博士研究生毕业典礼上的讲话-博士,研究生,毕业,讲话,龚克-南开要闻</title><datetime>2011-06-29 00:00:00</datetime><body>南开大学校长 龚 克

亲爱的2011届博士毕业研究生同学们：

刚才毕业同学和导师的代表都讲了富有深情的话，引起了大家的共鸣，我看到有的同学留下了眼泪。作为一名老博士，我深知获得这个学位是多么的不容易。请接受我、也请允许我代表全校的教师和员工对你们表示由衷的祝贺。

刚才，大家对于高龄的申泮文老师和架着手杖的周爱民老师来到现场报以热烈的掌声。我想，他们表达了导师们(包括因故不能到场的导师们)对于大家的挚爱和尊重。同学们，你们手中的博士证书，不仅凝结着你们的辛勤努力，而且凝结着父母亲友甚或妻子丈夫子女、老师同学特别是你们的导师和课题组的同事们，以及从教务学务、实验技术、文献信息到安全保卫、膳食住宿、动力维修等方方面面的人们为你们所提供的辛勤服务，凝结着社会公众对你们的帮助和期待。

对人生长跑来说，成功者往往不是赢在起点，而是赢在转折点。同学们，今天就是你们人生的一个转折点，从今往后，你们就将作为获得了博士学位的南开人去继续你们的人生征程。在转折点上，重要的是“看路”和“加油”。作为南开人，我们要在这个转折的时刻坚持“知中国、服务中国”的方向和道路，以“允公允能”的精神激励自己，加油不懈怠。

“允公允能”是南开人的灵魂。前天，在本科毕业典礼上，我作为一个新南开人，谈了对“公能”精神的理解，强调要有“公”之志向，即振兴中华的志向；要有“公”之操守，即公德心、公益心和责任感；要有“公”之襟怀，即不以物喜、不以己悲。要“能”学习、“能”吃苦、“能”团结。昨天，在硕士研究生毕业典礼上，我又谈到对南开研究生的一些思考，希望南开的研究生不是研究一阵子，而是研究一辈子。不论做什么，都以“南开式”的研究的态度去做。我认为，“南开式”的研究就是以“公能”精神去发现、研究和解决问题。要以科学发展作为当今之“公”，要围绕着转变发展方式结合自身的工作任务去研究问题，坚持实事求是的科学态度，并善于运用唯物辨证科学方法，等等等等。这里，我不再重复那两篇讲话，但希望博士毕业生同学们能将那两篇作个参考，并请你们不吝指正。

今天，我想以自己博士毕业25年来的体会与大家讨论一下对于“博士”的理解。谈谈“宽广”、“深入”、“独立”和“创造”这4个关键词，这4个关键词来自中华人民共和国学位条例对博士的要求。条例要求博士学位获得者要有坚实宽广的理论基础，系统深入的专门知识，能独立地从事研究工作并作出创造性成果。总之，和硕士相比，区别就在于“宽广”、“深入”、“独立”和“创造”。这是国家和社会公众对“博士”的要求。我想，这不是对你们博士学业的一次性要求，而是对博士学位获得者一生的要求。问题是，我们如何一生都真正达到这个要求呢？我以为：

“宽广”就是要让思想冲突狭隘的学科牢笼，不是局限在某级学科管中窥豹，而是“独上高楼，望尽天涯路”；比如，不论是什么学科，都应有哲学的思考、历史的深邃和文学的浪漫；不论是什么学科，都应关注科技的进步及其对于人类社会的影响，理解物理新概念、运用数学新方法和信息技术新工具等等。宽广就是要善于利用“他山之石”，善于与其他学科进行合作，出于公心地合作。因此，“宽广”也是某种意义上的“公”。

“深入”就是不“浅尝辄止，一得自矜”，而是“咬定青山不放松”，“衣带渐宽终不悔”，“沉潜往复，从容含玩”。“深入”不是故弄玄虚，而是要“浅出”，必“深入”才能“浅出”。“浅出”就“是蓦然回首，那人却在灯火阑珊处”。显然，“深入”乃是一种“能”。

“独立”就是要用自己的头脑独立思考，用自己的双手亲力亲为苦干实干。独立与合作是相辅相成的，“独立”不是孤芳自赏，不是为了自己，而是奉献自己，是为“公”。

“创造”就是敢为人先，就是发现未知的规律，所以，创造必须善于学习，善于理论联系实际，“创造”也是一种“能”。

同学们，博士不是一个荣誉，而是一种“标准”，是我们这些“博士”一辈子为人为学的应该遵循的标准。作为南开的博士生，我们要用南开之“允公允能”的精神去不断地思索和践行“坚实宽广”、“系统深入”和“独立创造”的要求，在建设创新型国家、构建和谐社会、实现中华民族伟大复兴和可持续发展的事业中建功立业。只有这样，我们才能成为名副其实的南开博士。</body></doc>