<?xml version='1.0' encoding='utf-8'?>
<doc><id>10014</id><url>http://news.nankai.edu.cn/nkyw/system/2011/06/29/000040121.shtml</url><title>苟利军来南开看望老党员--南开要闻</title><datetime>2011-06-29 00:00:00</datetime><body>(记者 平扬 摄影 陈晨)6月28日，天津市委常委、市委教育工委书记苟利军来校看望哲学院陈晏清教授，送来党的温暖与关怀。市委办公厅、市委教育工委负责同志，南开大学党委常委、校长助理、总会计师孙广平及组织部负责同志陪同。

苟利军代表市委、市政府、市委教育工委向陈晏清教授表示亲切问候，对这位教育系统的老党员长期以来在繁荣文化、创新科研和培养人才事业中作出的努力予以高度赞誉，并希望他继续发挥党员的先锋模范作用，为党和国家作出新的贡献。

陈晏清与市领导一起庆祝了党的90华诞，并诚挚感谢组织的关怀。</body></doc>