<?xml version='1.0' encoding='utf-8'?>
<doc><id>10017</id><url>http://news.nankai.edu.cn/nkyw/system/2011/06/30/000040161.shtml</url><title>南开学子成功捐献造血干细胞-造血干细胞,邓朝晖-南开要闻</title><datetime>2011-06-30 00:00:00</datetime><body>(学生记者 聂际慈 记者 陈鑫)经过层层检测和四天的准备期，6月27日，南开大学化学学院2009级学生邓朝晖进入造血干细胞采集室，成功完成捐献。采集出的造血干细胞将很快送往重庆，救治一位白血病患者。

前不久，邓朝晖接到了天津市红十字会打来电话，说此前他捐献的造血干细胞样本，跟一位重庆患者的抗原基因初配成功。经过进一步检测，可以进行捐献。于是小邓来到天津市血液病研究所做捐献前的准备。

在造血干细胞采集室中，一根导管从小邓右臂静脉抽出血液，输入血液分离机，分离出造血干细胞，再将余下的血液由左臂输回体内。“就是血液在体外进行了一个循环，其实比献血还省血呢。”对自己的捐献，小邓说得轻描淡写。

小邓是四川德阳人，他母亲刚刚从老家赶到天津。她说，最近几天才知道儿子捐献造血干细胞的事，之前他都没有告诉家人。虽然作为家长，对儿子的健康有点担心，但是想到儿子的捐献关系到患者的生命，母亲还是支持小邓把好事做到底。“邓朝晖是个有爱心的孩子。当年汶川大地震，我们德阳也受到很大破坏。当时他正在成都上中学。由于担心家里，他很快赶回老家。看到家人无恙，他主动参加志愿者活动，帮助受灾的人。其实那时我们自己家也被震塌了，正住在一个操场上临时搭的帐篷里。”

据天津市红十字会的一位工作人员介绍说，小邓捐献出的造血干细胞会很快用飞机送往重庆，输送给患者，帮助他恢复健康。</body></doc>