<?xml version='1.0' encoding='utf-8'?>
<doc><id>10029</id><url>http://news.nankai.edu.cn/nkyw/system/2011/06/27/000040084.shtml</url><title>学校纪念建党90周年理论征文活动圆满结束-理论征文-南开要闻</title><datetime>2011-06-27 00:00:00</datetime><body>南开新闻网讯(记者 党宣)按照学校党委的部署，作为学校纪念中国共产党成立90周年活动的一项重要内容，学校党委宣传部、马克思主义研究中心在全校组织开展了纪念建党90周年理论征文活动。相关学院、单位广泛动员，广大师生积极踊跃参与，共计收到应征文章百余篇。

经过专家评审，刘景泉、张健的《党领导社会建设的主要成就和基本经验》等15篇文章获得一等奖；经济研究所党支部的《论新时期的党风廉政和反腐倡廉建设》等25篇文章获得二等奖；李宗建的《论宣传思想工作实现战略性调整的四个着力点》等37篇文章获得三等奖。马克思主义教育学院、周恩来政府管理学院、经济学院、信息技术科学学院、外国语学院5个单位获得优秀组织奖。

理论征文活动得到了广大师生的积极响应和广泛参与，大家撰写了主题鲜明、论点准确、概念清晰、逻辑严谨的高质量论文，充分体现了南开大学的理论研究特色和哲学社会科学优势。论文大都以回顾总结中国共产党成立90年来的光辉历程和宝贵经验，深化广大党员干部和群众对党的历史地位、执政经验和伟大事业的认识和理解为主要内容，鼓舞全校师生更加奋发有为地投身学校改革发展，在党的领导下加快世界知名高水平大学建设进程。

本次征文是南开大学纪念中国共产党成立90周年系列活动的重要组成部分，各级党组织和各单位各部门高度重视，积极组织师生参加。对于征文活动中的优秀论文，学校汇编出版了南开大学纪念中国共产党成立90周年论文集《伟大旗帜 领航中国》。同时，部分优秀论文还由学校推荐参与了全国或天津市纪念建党90周年的理论征文评选。</body></doc>