<?xml version='1.0' encoding='utf-8'?>
<doc><id>10027</id><url>http://news.nankai.edu.cn/nkyw/system/2011/06/27/000040080.shtml</url><title>3786名硕士毕业生南开启航-毕业-南开要闻</title><datetime>2011-06-27 00:00:00</datetime><body>南开新闻网讯(记者 张剑 摄影 任永华)6月27日，南开大学2011届硕士研究生毕业典礼暨学位授予仪式在体育馆隆重举行，3786名硕士研究生从南开毕业，即将踏上新的人生旅程。

校党委书记薛进文，校长龚克，常务副校长陈洪，校党委副书记刘景泉，副校长陈永川、许京军、佟家栋，校党委常委、教务长朱光磊，以及研究生院、研工部和各学院负责人出席毕业典礼，并为毕业生颁发证书。陈洪宣读了学位授予决定。毕业典礼由佟家栋主持。

龚克代表全校教师员工对2011届硕士毕业生表示热烈祝贺。他追述南开先贤“公能”言行，勉励大家“养成研究之习惯，无论做什么事都秉着研究的态度，成为一个能于发现问题、能于钻研问题、能于解决问题的南开人”。他说，南开人的研究要以‘为公’作为目的，以‘加快转变发展方式’作为课题，运用科学的唯物辩证法，秉承实事求是、公能兼济的态度，用“允公允能、日新月异”之实干不负“南开人”的称号。

教师代表、商学院教授戚安邦希望毕业生谨记校训，终生学习，再创佳绩，并祝愿大家在今后的人生道路上一帆风顺、事业有成。

化学院学生汪卫琨代表2011届全体硕士毕业生向母校和恩师的培育和教诲致以崇高的敬意和诚挚的感谢。他说，今天我们即将奔赴祖国各地追寻梦想，但永远难忘在南开留下的美好年华，我们将秉承南开精神努力奋斗、锐意进取，不辜负南开人的光荣称号，祝福母校永远年青，续写华章。

毕业典礼在全体在场师生齐唱《南开校歌》中结束。同学们纷纷与现场观礼的亲友同窗合影留念。很多学生将手中的学士帽向天空高高抛起，将喜悦和激动定格在毕业之日。

收拾行囊，走出南开园，去追寻各自的梦想，去创造生活的未来。今天的毕业典礼注定成为他们人生中最为宝贵的记忆片段。</body></doc>