<?xml version='1.0' encoding='utf-8'?>
<doc><id>10028</id><url>http://news.nankai.edu.cn/nkyw/system/2011/06/28/000040094.shtml</url><title>校领导与党代会第十二代表团座谈-党代会,代表团,座谈-南开要闻</title><datetime>2011-06-28 00:00:00</datetime><body>校领导与党代会第十二代表团座谈 来源： 南开新闻网 发稿时间： 2011-06-28 10:12 南开新闻网讯(记者 陈 晨 摄影报道 学生记者 刘南飞)6月24日，第八次党代会第十二代表团座谈会在后勤会议室召开。座谈会就第八次党代会党委工作报告(征求意见稿)和纪委工作报告(征求意见稿)广泛听取代表们的意见和建议。校纪委书记张式琪，党委常委、校长助理、总会计师孙广平出席座谈会。后勤党委负责同志主持座谈会。 (记者 陈 晨 摄影报道 学生记者 刘南飞)6月24日，第八次党代会第十二代表团座谈会在后勤会议室召开。座谈会就第八次党代会党委工作报告(征求意见稿)和纪委工作报告(征求意见稿)广泛听取代表们的意见和建议。校纪委书记张式琪，党委常委、校长助理、总会计师孙广平出席座谈会。后勤党委负责同志主持座谈会。 张式琪指出，学校党委就党代会报告召开各代表团座谈会广泛征求意见和建议，就是要充分发扬民主，集思广益，凝聚共识，同心协力开好学校第八次党代会。在探讨新校区建设发展时，他强调，我们要坚持质量、特色、内涵式的发展战略。孙广平表示，要增强办学实力，加强资源整合，坚持内涵发展。 代表团围绕报告(征求意见稿)进行了热烈讨论。就学校面临的形势、南开的定位、未来发展的目标、存在的问题等方面提出了意见和建议。 编辑 ： 冀宁 分享南开大学新闻 相关新闻： 【视频】张高丽与南开大学学生座谈 南开大学举行30年党龄党员座谈会 【快讯】张高丽与南开天大学子座谈共迎建党90周年 校领导参加第八次党代会离退休代表团座谈会 校领导出席国家汉办欧洲地区孔子学院工作座谈会</body></doc>