<?xml version='1.0' encoding='utf-8'?>
<doc><id>10022</id><url>http://news.nankai.edu.cn/nkyw/system/2011/06/28/000040106.shtml</url><title>【组图】南开周末乐坛：领航中国红歌会（上）-红歌会-南开要闻</title><datetime>2011-06-28 00:00:00</datetime><body>南开新闻网讯(记者 高杨 摄影 任永华 兰昊)6月26日晚，南开周末乐坛：领航中国――南开大学庆祝中国共产党成立90周年红歌会在东方艺术大楼演播厅隆重举行，校长龚克、校党委副书记刘景泉同现场300余名师生共同观看了晚会，全校各单位百余位师生参演，红歌会在庄严的《国际歌》歌声中拉开序幕，“以歌说史”是该晚会的主要特点，“革命的艰辛，历史的足迹”、“伟大的祖国，亲爱的母亲”和“发展的祖国，和谐的社会”三个篇章梳理出中国共产党90年走过的光辉历程，整场晚会在激昂雄壮的《走向复兴》旋律中落下帷幕。</body></doc>