<?xml version='1.0' encoding='utf-8'?>
<doc><id>10025</id><url>http://news.nankai.edu.cn/nkyw/system/2011/06/27/000040083.shtml</url><title>田家美名誉教授、陈剑兼职教授致聘仪式举行--南开要闻</title><datetime>2011-06-27 00:00:00</datetime><body>(通讯员 周轩 胡海清)6月24日，田家美名誉教授、陈剑兼职教授致聘仪式在南开大学举行。校长龚克，南开大学长江学者、东北财经大学校长、南开大学公司治理中心主任李维安出席会议。会议由商学院院长张玉利主持。

田家美(JAMES M. TIEN)博士是美国国家工程院院士，于1966年在美国伦塞利尔理工学院获得电子工程学士学位，分别于1967年和1972年在麻省理工学院获得硕士和博士学位。现任迈阿密大学工程学院院长、杰出教授。主要学术研究领域是计算机和系统分析技术在信息和决策系统中的发展与应用。在工程管理领域具有很高的学术成就和学术声誉，在国际学术团体中具有很高的声望。

陈剑教授为长江学者特聘教授，1989年7月在清华大学获得博士学位。现任清华大学经济管理学院联想讲席教授、博士生导师、管理科学与工程系主任、教育部人文社科重点研究基地清华大学现代管理研究中心主任。主要学术研究领域是供应链和决策支持系统。在管理科学领域取得杰出成就，在国内外学术团体中担任重要职务，在运营管理学界具有很高的影响力。

致聘仪式后，田家美博士为南开大学的师生作了题为“Towards A Calculus for Services Innovation”的学术报告。田家美教授和陈剑教授加盟南开，将对南开大学管理科学与工程相关学科的快速发展、提高相关学科在国际学术界的地位有极大的推动作用，并对南开大学商学院的国际化合作与交流产生积极影响。</body></doc>