<?xml version='1.0' encoding='utf-8'?>
<doc><id>10024</id><url>http://news.nankai.edu.cn/nkyw/system/2011/06/27/000040082.shtml</url><title>“领航中国”红歌会唱响南开园--南开要闻</title><datetime>2011-06-27 00:00:00</datetime><body>(记者 张剑 摄影 任永华)一首红歌，记录一段峥嵘岁月；一首红歌，象征一面光辉旗帜。6月26日晚，悠扬激越的歌声在东方艺术大楼唱响，“南开周末乐坛”――“领航中国”南开大学庆祝中国共产党成立90周年红歌会在此举行。师生以深情的歌声为建党90周年献上祝福。

校长龚克，党委副书记刘景泉，与全校300多名师生共同观看了演出。

此次红歌会以“领航中国”为主题，旨在深情回顾党的奋斗历史，热情讴歌党的光辉业绩，抒发南开师生对党的热爱，激励全体教职员工的工作学习热情。红歌会分为“革命的艰辛历史的足迹”、“伟大的祖国亲爱的母亲”、“发展的祖国和谐的社会”3个篇章，融合了合唱、重唱、独唱、歌曲联唱、男女对唱等多种艺术形式。

在一首首饱含深情的歌曲中，南开师生共同回顾了中国共产党成立90年来取得的丰功伟绩。《过雪山草地》、《保卫黄河》、《西南联大校歌》、《没有共产党就没有新中国》等记录了工农红军面对艰难困苦的顽强斗志；《东方红》、《咱们工人有力量》、《爱我中华》、《歌唱祖国》等展现了建国后全国人民团结奋进的美好图景；《春天的故事》、《大中国》、《走进新时代》、《走向复兴》回顾了改革开放30多年来中国共产党坚持以经济建设为中心，带领全国各族人民所取得的重大成就。

晚会中，师生们以饱满的激情放声歌唱，歌声飘扬在南开园的清风里，歌唱红色的6月，迎接庄严的7月。</body></doc>