<?xml version='1.0' encoding='utf-8'?>
<doc><id>10023</id><url>http://news.nankai.edu.cn/nkyw/system/2011/06/28/000040096.shtml</url><title>海南大学代表团访问南开-海南大学,访问-南开要闻</title><datetime>2011-06-28 00:00:00</datetime><body>(记者 平 扬 张轶帆 摄影 任永华)日前，海南大学党委书记刘康德一行来校访问。党委书记薛进文、校长龚克分别会见了客人。

薛进文对刘康德一行表示欢迎。他向客人介绍了南开近年来的总体发展及津南新校区规划建设等情况，并表示，南开大学多年来致力于发挥综合大学优势，为国家和地方社会经济发展贡献力量，希望今后海南大学与南开大学加强合作互动，以旅游领域的研究工作作为更好地参与海南省开发建设工作的良好起点。

龚克介绍了南开大学的优势学科及师资队伍等情况，着重介绍了南开大学旅游与服务学院的办学特色。他说，我曾到三亚参加会议，发现那里旅游业具有得天独厚的优势，但在旅游管理方面亟需专业人才。他还表达了希望继续深化南开与海南大学在各自优势学科领域内交流合作的愿望。

刘康德表示，海南自然景观优美，有巨大的发展潜力，希望依托本地特色发展相关文化产业。

双方还就人才交流合作项目进行了深入探讨。</body></doc>