<?xml version='1.0' encoding='utf-8'?>
<doc><id>10031</id><url>http://news.nankai.edu.cn/nkyw/system/2011/06/27/000040081.shtml</url><title>“服务系统与服务管理”国际学术研讨会南开举行-研讨会-南开要闻</title><datetime>2011-06-27 00:00:00</datetime><body>南开新闻网讯(记者 陈鑫 摄影 任永华)6月25日，第八届服务系统与服务管理国际学术研讨会在南开大学召开。本次会议为美国电气和电子工程师协会(IEEE )关于服务系统与服务管理的系列国际学术会议，由南开大学与美国电气和电子工程师协会、清华大学、香港中文大学主办，南开大学商学院承办。会议得到了国家自然科学基金委员会的支持。南开大学常务副校长陈洪，美国国家工程院院士、南开大学名誉教授田家美，南开大学商学院负责人出席开幕式。

东北财经大学校长、长江学者、南开大学公司治理中心主任李维安，清华大学现代管理研究中心主任、长江学者、南开大学兼职教授陈剑担任本次大会主席。

服务系统与服务管理国际学术研讨会至今已经举办七届，在国际服务管理、运营管理和工商管理学界已经得到广泛关注和重视，是服务系统与服务管理世界范围内的重要年会。本届会议收到来自16个国家和地区的投稿467篇，经过严格的评审过程录取243篇，参会230多人，均为来自亚、欧、美、澳的主要国家和地区的知名高校和研究机构学者。会议邀请到在服务系统与服务管理领域的知名学者和企业代表做主题演讲。

本届服务系统与服务管理国际学术研讨会是一场国际化、高水平的学术盛会。会议分为主题演讲和专题研讨两部分，研讨领域涉及服务科学理论，服务系统设计、运营和管理，服务供应链管理、服务营销和财务管理，具体产业服务管理，服务信息技术和决策支持，服务行为研究和案例研究，客户满意度和服务价值创造，服务系统中的决策技术和服务管理，行为运营管理，公共资源管理，中国供应链创新，服务创新，中国和韩国移动商业市场的比较研究,P2P领导的网络时代，供应链管理和金融服务，医疗服务系统，服务供应链风险分析等。</body></doc>