<?xml version='1.0' encoding='utf-8'?>
<doc><id>10039</id><url>http://news.nankai.edu.cn/nkyw/system/2011/06/25/000040045.shtml</url><title>南开大学举行30年党龄党员座谈会-组织部,建党90年,30年党龄-南开要闻</title><datetime>2011-06-25 00:00:00</datetime><body>南开新闻网讯(记者陈鑫 摄影任永华)6月23日，南开大学举行30年党龄党员座谈会。校党委书记薛进文、党委副书记杨庆山出席会议。在中国共产党90华诞来临之际，南开大学有30余位党员党龄达到30年，学校特地为他们颁发了“党龄纪念杯”，感谢他们为党的事业、为学校的发展做出的努力和贡献。

薛进文指出，为30年党龄党员颁发纪念杯、举行座谈会是学校的优良传统。今年适值党的90岁生日，这次座谈会具有特殊的意义。过去的30年，正是党领导下实行改革开放，中华民族走向复兴、走向富强的30年。大家既是这一伟大历史时期的见证人，也是参与者。作为老党员，大家对党的理解，对自己肩负的使命和发挥的作用，都有了更加充分地认识，希望大家坚定信念，继续做好自己担负的工作，用行动使党员作用体现更充分，使群众对党的评价更积极。

薛进文强调，教育工作者主要任务是培养人，老党员们要培养年轻人科学、客观、正确地认识理解中国的历史、尤其是中国近代以来的历史、中国共产党90年的历史和改革开放30年的历史，建立走中国特色社会主义道路、建设现代化强国的信念和信心，真正成为未来党和国家的中坚骨干。

到会的老党员纷纷发表感言，回顾自己30年中在党的培养教育下不断成长的经历。他们表示，作为党员感到由衷自豪，今后要更加尽心尽力，做党的健康细胞，起到一个党员应起的作用。有些老党员虽然已经从工作岗位上退休，但仍积极表示，愿做一颗永不生锈的螺丝钉。</body></doc>