<?xml version='1.0' encoding='utf-8'?>
<doc><id>10030</id><url>http://news.nankai.edu.cn/nkyw/system/2011/06/27/000040079.shtml</url><title>滨海学院举行2011届毕业生毕业典礼-滨海学院-南开要闻</title><datetime>2011-06-27 00:00:00</datetime><body>南开新闻网讯(通讯员 王玮 梁巍 邵迎 摄影 王玮 王大珩)6月24日上午，伴随着庄严的国歌，滨海学院2011届毕业生毕业典礼暨学位授予仪式隆重举行。1721名毕业生经过了四年的大学学习生活，学有所成，满载梦想从滨海学院扬帆起航。

南开大学常务副校长、滨海学院董事长陈洪，南开大学教务长朱光磊，滨海学院院长杨清海、院党委书记王文俊等出席典礼，与各系(专业)主任一起为毕业生颁发毕业和学士学位证书，并施拨穗礼，祝贺学子们顺利完成学业。典礼由学院党委副书记、副院长李玉峰主持，院长助理赵智文宣读毕业生名单。

陈洪代表南开大学向毕业生们表示祝贺，向为学生们健康成长付出辛勤劳动的滨海学院领导和广大教职工表示衷心感谢。他说，对于一所大学来说，六月是个特别的月份，因为它是收获的季节。我非常荣幸，也非常高兴，参与和见证了滨海学院这一欢快的、重要的场景。同时，更要祝贺南开滨海学院所取得的不俗成绩。

陈洪希望同学们在今后的人生道路上总能保持一个乐观的态度，乐观的对待人生。他用“士不可以不弘毅，任重而道远。”激励大家时刻牢记自己是南开大学滨海学院的一员，要以一种宏大的胸怀，以一个坚韧的毅力走向光明的未来。他激动地对毕业生说，作为你们的老师，作为在台上就座的我的各位同仁的代表，我想我们最大的希望就是我们目送着你们远行的身影，希望能够经常听到各位令我们骄傲的信息，更希望在这个美丽的校园中，看到各位将来回到母校时快乐的、亲切的笑容。

杨清海在致辞中代表学院向圆满完成学业的1721名毕业生表示祝贺。他说，今天，同学们就要毕业了，即将踏上人生新的征程。在毕业典礼这一辉煌时刻，我和你们的心情一样激动，作为你们的师长，最大的心愿莫过于看到你们学业有成并能立足社会。

公共外语教研室主任张文起教授、2007级日语外经贸翻译专业学生段蔚分别代表全体教师和毕业生发言。随后，师生代表满怀深情地朗诵了他们集体创作的配乐诗《我们一起走过的日子》。一句句叮咛，一声声珍重，回想四年来在滨海学院留下的点点滴滴，令在座师生感动不已。

“渤海之滨，白河之津，巍巍我南开精神。汲汲�V�V，月异日新，发煌我前途无垠……”典礼在全场师生齐唱的南开大学校歌声中结束。</body></doc>