<?xml version='1.0' encoding='utf-8'?>
<doc><id>10034</id><url>http://news.nankai.edu.cn/nkyw/system/2011/06/26/000040055.shtml</url><title>南开大学举行2011届本科生毕业典礼--南开要闻</title><datetime>2011-06-26 00:00:00</datetime><body>(记者 韦承金 摄影 李星皎 任永华)6月26日，南开大学2011届本科生毕业典礼在南开大学体育中心隆重举行，2836名本科生从南开毕业，踏上新的人生征程。

校党委书记薛进文，校长龚克，常务副校长陈洪，校党委副书记刘景泉，校纪委书记张式琪，副校长陈永川、许京军、佟家栋，校党委常委、教务长朱光磊，校党委常委、总会计师、校长助理孙广平，校长助理、泰达学院院长冼国明，校长助理周鸿，以及教务处、各学院负责人出席毕业典礼并为毕业生颁发证书。陈洪宣读学位授予决定，刘景泉主持毕业典礼。

龚克代表南开大学向全体毕业生在过去四年中勤奋学习、砥砺品行、积极实践、增进才干的成就表示祝贺，并追述南开先贤的“公能”之言行，勉励毕业生们“不论走到哪里，不论从事什么，都要在新的时代条件下，在各自的环境中，结合自身工作的任务践行‘公能’之校训”。他说：“今天你们毕业了，今后你们的路更长、困难更多、责任更重。四载南开学业，一生公能品格。我和全校教职员工衷心希望并坚决地相信，同学们定能秉公尽能，守正创新，以‘实干’向世人昭示巍巍我南开之精神！”

南开大学周恩来奖学金获得者、历史学院2011届毕业生程斯宇同学代表全体毕业生，表达对母校培养和父母抚育的感激之情，并表示将时刻牢记母校“允公允能，日新月异”的校训，用智慧和汗水折射南开的气度和光芒，为母校争光，为祖国的繁荣富强贡献力量，永远不愧于“南开人”的光荣称号。

最后，全体毕业生起立，齐声向母校表达共同的心声：“牢记南开校训，坚守南开精神，诚信做人，扎实做事，拼搏进取，立志成才，报效祖国，为南开争光。祝福母校南开永远年青！”

“渤海之滨，白河之津，巍巍我南开精神……”典礼结束后，毕业生们群情激昂，校歌久久回荡。</body></doc>