<?xml version='1.0' encoding='utf-8'?>
<doc><id>10035</id><url>http://news.nankai.edu.cn/nkyw/system/2011/06/26/000040053.shtml</url><title>南开大学举行2011届毕业生欢送晚会--南开要闻</title><datetime>2011-06-26 00:00:00</datetime><body>(记者 张剑 摄影 任永华 陈晨 聂际慈 王俊峰)“美丽的南开我的家，我用青春伴随她，大中路旁杨柳翠，新开碧波映晚霞……公能校训记心上，月异日新竟芳华，今日湖畔放声唱，明朝建功在天涯。”一段岁月匆匆逝去，一曲别歌久久回响。

6月25日晚的南开之夜，清风徐来，华灯璀璨。 “聚散天涯依依南开”――南开大学2011届毕业生欢送晚会在这里举行，校长龚克、校党委副书记刘景泉与数千名南开学子一起欢歌良宵。

龚克向毕业生寄语，希望作为南开的骄傲的他们，能在今后为祖国作出更大的贡献，为母校增添光彩。走上晚会舞台时，面对数千名学子齐刷刷的挥手，校长的声音略微颤抖，激动的语调里寄托着母校殷切的期望。

晚会以一曲《祝福祖国》拉开序幕，表达了每一个南开人、每一个中国人的共同心愿――祝福祖国永远繁荣富强。《明天会更好》、《站在高岗上》、《祝你一路顺风》、《诗朗诵》、《友谊地久天长》、《美丽的南开我的家》……或深情婉转，或热烈奔放，歌声乐声里，有毕业生们临行前对母校的留恋与回忆，也有他们对南开、对祖国的热爱与祝福。

“请母校放心，我们将无愧于作为南开人的荣耀”、“我们将最美好的青春挥洒在南开，我们永远是南开人”、“我们都是爱南开的”、“南开加油！中国加油！”……晚会上，各院系同学充满激情的毕业留言，将整场晚会推向高潮。同学们的脸上洋溢着青春的风采，他们即将带着母校的期望奔赴全国各地，为实现自己的理想而奋斗。

“渤海之滨，白河之津，巍巍我南开精神。”晚会在毕业生们高亢的校歌声中结束。</body></doc>