<?xml version='1.0' encoding='utf-8'?>
<doc><id>10038</id><url>http://news.nankai.edu.cn/nkyw/system/2011/06/25/000040046.shtml</url><title>学校表彰研究生先进党支部、优秀共产党员-组织部,研工部,建党90年-南开要闻</title><datetime>2011-06-25 00:00:00</datetime><body>南开新闻网讯(记者陈鑫 摄影任永华)在全党上下深入开展创先争优活动、全校师生喜迎中国共产党成立90周年之际，6月24日，南开大学举行会议，表彰2010-2011年度研究生先进党支部、优秀共产党员及党员青年先锋。校党委副书记刘景泉出席大会并讲话，党委组织部、研究生工作部、团委负责人参加。

刘景泉代表学校向所有受到表彰的优秀集体和先进个人表示热烈的祝贺，向在创先争优活动中作出突出成绩、为我校研究生党建及思想政治教育工作作出重要贡献的同志们表示衷心的感谢。他指出，再过几天，我们党将迎来90岁的生日。最有意义的庆祝和纪念，就是坚持在党的领导下继往开来、奋勇争先，尤其要重点抓好深入推进具有南开研究生特点的创先争优活动的各项工作，做好全校研究生党员为学校第八次党代会召开和新校区规划建设建言献策的各项工作，做好全面推进研究生培养机制改革和教育质量提升的各项工作，切实把思想行动统一到中央和学校党委的要求上来。希望今天受表彰的研究生党支部继续发挥积极作用，受表彰的研究生党员把今天的荣誉作为人生道路上的新起点，继续在拼搏中施展抱负、在奋斗中发挥才智、在优秀中追求卓越，影响和带动身边更多的同学共同进步。

本次活动共评选出11个“研究生红旗党支部”，22个“研究生先进党支部”。20名同学荣获“研究生优秀党员标兵”称号，106名同学荣获“研究生优秀共产党员”称号。大会还表彰了“学习身边典型、争当先锋模范”活动评选出的党员青年先锋，包括“学术科研先锋”“爱心公益先锋”“实践应用先锋”“敬业模范先锋”“自强自立先锋”各10名。会上，获奖代表分别进行了展示。</body></doc>