<?xml version='1.0' encoding='utf-8'?>
<doc><id>10046</id><url>http://news.nankai.edu.cn/nkyw/system/2011/06/24/000040020.shtml</url><title>【快讯】张高丽与南开天大学子座谈共迎建党90周年-张高丽-南开要闻</title><datetime>2011-06-24 00:00:00</datetime><body>南开新闻网讯(记者 张 丽 张轶帆 摄影 陈 晨)6月24日，在中国共产党成立90周年之际，中共中央政治局委员、天津市委书记张高丽来到南开大学省身楼，与来自南开大学、天津大学的近百名学生代表亲切座谈。

座谈会上，张高丽与学子们共同回顾了在党的领导下，祖国和天津发生的翻天覆地的变化。张高丽勉励大学生要坚定理想信念、刻苦学习钻研、增强创新意识、加强道德修养、深入社会实践，努力做永远跟党走的合格接班人。

出席座谈会的有苟利军、段春华、成其圣、张俊芳等市领导和市有关部门负责同志。南开大学党委书记薛进文、校长龚克、天津大学党委书记刘建平也出席了座谈会。</body></doc>