<?xml version='1.0' encoding='utf-8'?>
<doc><id>10041</id><url>http://news.nankai.edu.cn/nkyw/system/2011/06/25/000040037.shtml</url><title>天津市委常委、常务副市长杨栋梁来校调研-杨栋梁,调研,办公室-南开要闻</title><datetime>2011-06-25 00:00:00</datetime><body>南开新闻网讯(记者张轶帆 摄影陈晨)6月23日，天津市委常委、常务副市长杨栋梁带领市发改委、经信委、科委、教委、统计局有关负责同志来到南开大学，就推进产学研合作和成果转化，强化自主创新，依靠科技进步，促进发展方式加快转变进行调研。南开大学党委书记薛进文、校长龚克，学校办公室、科技处、社科处等部门负责人陪同调研。

杨栋梁首先来到位于伯苓楼的光电子薄膜器件与技术研究所。成立于1992年的光电子薄膜器件与技术研究所已经形成了薄膜太阳电池研究和信息显示、探测、成像方面稳定的研究方向，许多技术在全国处于领先地位。杨栋梁认真听取了研究所负责人对相关情况的介绍。

统计制度与方法研究中心成立于2010年5月，由国家统计局、天津市政府和南开大学共建，曾出席成立大会的杨栋梁此次也特意来到这里进行调研。中心负责人围绕中心的研究方向、组织结构、主要工作成果、正在进行和即将开展的研究等方面进行了汇报。

杨栋梁在调研时指出，南开大学师资力量雄厚，科研硕果累累，为天津乃至全国培养了大批优秀人才，为天津经济社会发展做出了重要贡献。各高校要积极发挥自身优势，围绕经济社会发展需求，培养更多高素质人才，依靠科技与教育，促进发展方式转变。

杨栋梁强调，要大力推进产学研合作，建立以市场为导向，以企业为主体，产学研相结合的科技创新体系，围绕优势产业和战略新兴产业发展，攻克一批关键技术，加快科研成果转化，提高发展水平，增强发展后劲。要进一步加大培养高素质人才工作力度，面向国际吸引高科技人才，为提高自主创新能力提供坚强的人才保障，为天津经济社会又好又快发展提供有力的科技支撑。</body></doc>