<?xml version='1.0' encoding='utf-8'?>
<doc><id>10043</id><url>http://news.nankai.edu.cn/nkyw/system/2011/06/25/000040035.shtml</url><title>校长到南开中学进行招生宣传-招生办公室,高考-南开要闻</title><datetime>2011-06-25 00:00:00</datetime><body>南开新闻网讯(学生记者 刘南飞 摄影 刘耀辉)随着高考分数的公布，一年一度的高校招生热烈展开。6月23日晚，校长龚克到南开中学瑞廷礼堂参加了高考招生咨询会。

在台下家长和学生真挚的目光中，龚克介绍了南开大学的建校历史、学科建设和就业优势，以及2011年在津的招生计划和录取原则。“南开的优质和优势在何处？”面对学生和家长的疑问，龚克介绍，除了大家熟悉的化学、数学、经济金融等优势学科，学生们的选择范围其实很广泛。“文、史、哲、经、管、法、理、工、农、医、教、军，十二个门类我们科科都有，科科都棒。”

随后，龚克向大家介绍了南开灵活的转专业和辅修双修调整机制，同学们可以在进校后按照规定做第二次选择。龚克说：“但是，我希望大家对自己的决定抱着谨慎和认真的态度。”他还鼓励同学们在年轻的时候多学知识，规划自己的大学前景，莫辜负了美好的青春年华。

龚克指出，南开大学历来重视本科教育，将教学质量作为办学的生命线，同时将招生作为本科教育的重要环节。在办学实践中，南开大学不断积极推进教学改革，本科生创新科研“百项工程”、创新学分等，鼓励并引领学生走入科研创新的大门，让他们切身体会“心有多大，舞台就有多大”，新专业建设等，确保本科教育能够紧跟时代步伐、服务社会发展。此外，南开大学始终坚持“教学神圣”，在这里，最好的教授都为本科生上课……

最后，龚克动情地说：“同为南开人，南开对于周恩来、张学良、曹禺、陈省身、老舍等这些名人的影响，同学们并不陌生。引用南开先贤的话‘到南开上学是需要准备吃苦的，因为我们需要真本事，所以怕难的，不必来，求安逸的，不必来，靠奉承的，不必来，服了这口气的，不必来。’我们相信，南开的前进，就是中国的前进。无论在座的同学们最终是否进入南开园，希望大家能够始终关心南开，支持南开。”

当天，常务副校长陈洪，副校长佟家栋、关乃佳，党委常委、教务长朱光磊分别到耀华中学、实验中学、新华中学、第一中学开展招生宣传。</body></doc>