<?xml version='1.0' encoding='utf-8'?>
<doc><id>10045</id><url>http://news.nankai.edu.cn/nkyw/system/2011/06/24/000040025.shtml</url><title>张高丽与南开学子共庆建党90周年-张高丽-南开要闻</title><datetime>2011-06-24 00:00:00</datetime><body>(记者 张 丽 张轶帆 摄影 陈 晨)在中国共产党成立90周年之际，6月24日，中共中央政治局委员、天津市委书记张高丽来到南开大学省身楼，与来自南开大学、天津大学的近百名学生代表亲切座谈。

座谈会上，学生代表踊跃发言，围绕理想信念教育，天津经济社会发展，南开大学、天津大学新校区建设等方面发表了自己的看法，表达了对党和祖国的热爱，畅谈了天津的发展变化。张高丽认真倾听每一位同学的发言，一一记录，并详细回答了同学们的问题。

张高丽指出，中国共产党成立90年来，我们国家从灾难深重的旧中国走向繁荣昌盛的新中国。历史充分证明，中国共产党是伟大、光荣、正确的党，马克思主义中国化的理论成果是指导中国发展进步的光辉旗帜，中国特色社会主义道路是唯一正确的道路。我们必须毫不动摇地坚持中国共产党的领导，毫不动摇地坚持中国特色社会主义理论体系，毫不动摇地坚持走中国特色社会主义道路。

张高丽说，青年是国家的未来，大学生是宝贵的人才。要坚定理想信念，刻苦学习钻研，勇于开拓创新，增强创新意识，提高创新能力，投身社会实践，加强道德修养。

张高丽谈到，培育人才的基础在教育。高校要全面贯彻党的教育方针，坚持正确的办学方向，大力提高教学质量和科研水平，加强和改进大学生思想政治教育工作，为天津经济社会又好又快发展提供智力支撑和人才保证。

张高丽寄语青年学子：伟大的事业和光荣的使命激励着你们，希望你们以执著的信念、优良的品德、丰富的知识、过硬的本领，在建设中国特色社会主义伟大事业中、在推动天津又好又快发展中谱写壮丽的青春乐章。

市委常委、市委教育工委书记苟利军，市委常委、市委秘书长段春华，市委常委、市委宣传部部长成其圣，副市长张俊芳，南开大学党委书记薛进文、校长龚克，天津大学党委书记刘建平及有关方面负责同志出席座谈会。</body></doc>