<?xml version='1.0' encoding='utf-8'?>
<doc><id>10049</id><url>http://news.nankai.edu.cn/nkyw/system/2011/06/24/000039999.shtml</url><title>校长与毕业生代表共议南开发展--南开要闻</title><datetime>2011-06-24 00:00:00</datetime><body>(记者 平 扬 摄影 任永华)6月21日、22日，令不少即将告别母校的南开毕业生兴奋而难忘。校长龚克与60余名2011届优秀研究生、本科生代表，在办公楼亲切座谈。党委副书记刘景泉、副校长佟家栋、教务处、研究生院、学工部、研工部、后勤集团负责人共同参加。

两场座谈会加在一起，持续将近7小时，已至夜晚，谁也没有困意，在一阵阵笑声与掌声中，同学们回忆学习生活的点点滴滴，汇报个人成长情况，畅谈对南开发展建设的意见与建议，抒发对母校的眷恋与热爱，气氛温馨而愉悦。

津南新校区建设是很多学子最为关心的话题，同学们认为，新校区的建设为母校提供了一次难得的历史性发展机遇，是所有南开人关注和期盼的一件大事，但机遇与挑战并存。希望新校区能够秉承南开精神、南开气质，具有深厚的文化积淀和浓郁的人文气息，同时展示出现代大学校园的旺盛的活力和蓬勃朝气，注重高品位校园文化景观建设，创造良好舒适的学习生活环境，建设便利合理的交通设施，提供充足先进的资源配置。

龚克向每一位学子细致介绍着新校区规划建设的总体思路、功能布局、精神内涵和进展情况。他说，愿每位学子建言献策，积极谋划，积极踊跃地参与到学校发展的事业中来，愿更多校友心系母校，助力南开。

同学们还就提升学生培养质量、促进教学改革等话题纷纷发表意见。大家对学校推行的研究生培养双轨制、本科生百项工程等予以高度评价，希望学校继续加大支持力度，提高学生培养质量，在激发学生学术创新热情，提高学生创新能力等方面出台更多有效措施。与此同时，同学们也相互勉励，要广泛涉猎和学习新兴交叉学科知识，注重知识积累和视野开拓，希望学科之间、专业之间加强交流，交汇灵感，共享知识。

许多同学们希望获得更多学业、生涯规划、心理健康等方面的科学引导和教育，并获得更多社会实践和实习就业机会，在实践中检验所学，锻炼综合素质，提升业务能力。还有同学建议大家多参与社会公益活动和志愿服务活动，学会感恩，懂得奉献。

同学们就国际化办学与交流合作提出建议，建议学校加强与国际知名学府间的长期联系与合作，增加国际交流项目，拓宽覆盖范围，提高项目质量，早日实现各学科间交流机会的平衡发展，发挥教师作用为学生交流学习牵线搭桥。

同学们还就图书馆、自习室、宿舍、食堂等学习生活设施的建设与工作的进一步完善提出了意见和建议，并与相关部门负责人愉快沟通，坦诚交流。

龚克说，南开精神刻在每一位南开学子的成长印记上，影响其一生发展，不可磨灭；在南开学习生活的岁月也成为了大家人生的重要组成部分，令人难忘。南开不会遗忘每一名学子，母校的发展也离不开校友与同学的支持。他深情寄语青年学子：“人生中难免遇到困难，希望大家保持一颗乐观的心，勇敢面对各种挑战，保持南开人的精神特质，爱国、敬业、创新、乐群，胸怀宽广，脚踏实地。”</body></doc>