<?xml version='1.0' encoding='utf-8'?>
<doc><id>10042</id><url>http://news.nankai.edu.cn/nkyw/system/2011/06/25/000040036.shtml</url><title>南开大学举办校园开放日 为高考学生咨询-招生办公室,高考-南开要闻</title><datetime>2011-06-25 00:00:00</datetime><body>天津首次出成绩报志愿 专家为考生支招

南开新闻网讯(记者平扬 摄影任永华)6月24日上午，南开大学校园开放日暨2011年高考招生咨询会场面火爆。前来咨询的考生和家长络绎不绝，一场高考生源大战拉开帷幕。

校长招生很亲民

我校21个招收本科生的学院在校园里设立的咨询摊位前，挤满了急切询问的考生和家长，美丽整洁的校园环境为前来咨询的考生和家长们增添了愉快的心情。

大家关心的话题涉及学科发展情况、学生能力培养、南开招生政策、历年录取情况、专业就业前景等，不一而足。

南开大学校长龚克是咨询现场最受考生和家长欢迎与信赖的“咨询专家”，他不仅耐心询问考生们的考试情况、志趣爱好，还认真回答他们提出的各种话题。从学校育人环境、学科专业设置，到南开招生政策、专业就业前景等，他与考生和家长悉心交流，还不时给出最中肯建议。

一位远道而来的学生家长，大清早就直奔南开而来，听说给自己热情解答问题的竟然是一校之长，连声赞叹，直说“南开校长很亲民，南开很亲民”。不少正在进行开展招生咨询的教师们也认为“校长做学校招生代言人很给力”。

专家支招出分填报志愿

针对今年天津首次采取高考成绩公布后填报志愿的报考政策，咨询现场，应该怎样科学填报志愿的话题备受考生及家长关注。南开大学招生办公室主任赵桂敏向考生介绍：“出分报志愿在其他许多省市已有实施，这样做可以‘量体裁衣’，避免考生因估分不准确导致失误。与此同时，考生也应科学填报，最忌盲目。”

专家指出，分数公布之后，家长和考生考生虽然对自己的成绩、排序了如指掌，但“知己”的同时并不“知彼”，无法了解多少更高成绩的学生和自己报考了同一所学校，录取的几率有多大也就不得而知。“只要考生不清楚竞争对手的情况，就不能完全避免报考的盲目性。”赵桂敏说。因此她建议，考生应该依据自己的高考分数把握所报志愿间的梯度，填报志愿偏高或没有梯度，也可能导致高分落榜。在一个批次的填报中，应尽量少地将同录取分数区段的学校填在一起，因为这样会浪费志愿，尤其是中分段和低分段的考生。如果考生不是特别不愿意，建议填写专业服从调剂，避免出现高分退档的现象。

最大规模开放日

清华大学、北京大学、中国人民大学、复旦大学、南京大学、上海交通大学、浙江大学、哈尔滨工业大学等全国各地著名大学，也在同一时间齐聚这场近年来天津最大规模的高招校园开放日活动，开展招生宣传和咨询。各高校现场的咨询台都被考生和家长围得水泄不通，许多考生和家长在咨询学校情况的同时，也开始咨询调剂专业以及入学后转专业、修双学位的相关情况。

据介绍，此次，南开大学与天津大学联合邀请了50余所全国重点高校来津，主要是为了更大限度方便考生及家长，使大家获得更多资讯及指导，提高效率，资源共享。

许多家长和考生在咨询后，继续留在南开参观校园、吃午饭。这样既可以对著名学府有更深入的了解，也可以提前感受大学生活的气氛。虽然一时间学校食堂、餐厅人满为患，但是“神秘”的大学校园也令大多数前来咨询的高中毕业生兴奋不已，让他们对未来的生活充满期待。</body></doc>