<?xml version='1.0' encoding='utf-8'?>
<doc><id>10040</id><url>http://news.nankai.edu.cn/nkyw/system/2011/06/25/000040038.shtml</url><title>校领导会见五大连池市副市长-关乃佳,会见,远程教育学院-南开要闻</title><datetime>2011-06-25 00:00:00</datetime><body>南开新闻网讯(通讯员 赵 睿)6月21日，黑龙江省五大连池市副市长于兴梅一行访问南开大学。副校长关乃佳会见了客人一行。旅游与服务学院、继续教育学院、现代远程教育学院相关同志陪同会见。

关乃佳副校长对于兴梅一行的来访表示欢迎，她简要介绍了南开大学在旅游学科、远程教育、中组部干部培训基地建设等方面的发展现状。双方就南开大学与五大连池市的旅游资源开发、教育合作、干部培训等方面的交流合作进行了洽谈。

于兴梅副市长对双方的合作提出建议，对南开大学的优势学科十分赞赏，希望借南开大学之力发展五大连池，促进双方的深入合作。</body></doc>