<?xml version='1.0' encoding='utf-8'?>
<doc><id>1005</id><url>http://news.nankai.edu.cn/nkyw/system/2018/03/19/000372497.shtml</url><title>南开教授关信平获“林护杰出社会工作学人奖” --南开要闻</title><datetime>2018-03-19 00:00:00</datetime><body>南开新闻网讯(通讯员 张恒茜 吴帆 记者 聂际慈)近日，由国务院学位委员会全国社会工作专业学位研究生教育指导委员会、中国社会工作教育协会、北京大学社会学系、香港理工大学应用社会科学系等联合主办的“第六届林护杰出社会工作奖颁奖典礼”在京举办，南开大学周恩来政府管理学院教授关信平荣获“林护杰出社会工作学人奖”。

“林护杰出社会工作学人奖”由香港林护基金会资助，由北京大学-香港理工大学中国社会工作研究中心设立，采取提名推荐、集中评审的方式，每年表彰1至2位在中国社会工作领域作出突出贡献的学者，是目前国内社会工作领域具有较高规格的奖项。

图：关信平(左)获颁证书和奖杯

颁奖典礼上，香港理工大学副校长阮曾媛琪教授宣读第六届林护杰出社会工作奖获奖名单，并为关信平颁发获奖证书和奖杯。

关信平教授获此殊荣，不仅是对他个人在推进中国社会工作发展中所做出卓越贡献的肯定，也是对南开社会工作整体发展及其国内影响力的肯定。颁奖典礼上，关信平回顾了在南开大学从事社会工作、社会政策教学科研工作30余年的历程，并期望社会工作学界能够为我国的社会工作教育和实务质量提升做出更大贡献。

关信平是我国最早从事社会工作和社会政策领域研究的学者之一、是南开社会工作学科的创始人，现为南开大学社会工作与社会政策系教授、博导，社会建设与管理研究院院长，并担任中国社会工作教育协会副会长(常务)，中国社会工作学会副会长，教育部社会学教学指导委员会副主任委员，民政部专家咨询委员会委员等职务。他迄今已出版著作5部，在国内外发表论文180余篇，主编的《社会工作法规与政策》《社会政策概论》教材被广泛使用，培养指导了50余名博士生和100余名硕士生。</body></doc>