<?xml version='1.0' encoding='utf-8'?>
<doc><id>10052</id><url>http://news.nankai.edu.cn/nkyw/system/2011/06/23/000039975.shtml</url><title>南开大学232名研究生优秀毕业生获表彰--南开要闻</title><datetime>2011-06-23 00:00:00</datetime><body>(通讯员 霍丽敏 摄影 任永华)6月22日，南开大学2011届研究生优秀毕业生表彰大会在学生活动中心隆重举行。南开大学副校长、研究生院院长佟家栋出席并为获奖学生颁奖。研究生院、研工部负责人，优秀毕业生代表、优秀校友代表参加了大会。

佟家栋对获表彰的同学表示祝贺，希望同学们“在走出校园后能更好地认识社会、适应社会和服务社会，发挥自己潜力，追求科学知识，走在社会的前沿，成为优秀的人才”，同时也要“饮水思源，心系母校。时刻关心、支持母校的进步和发展，为南开创建世界知名高水平大学的伟业建言献策，倾心尽力”。

渤海财产保险股份有限公司总经理王建东作为优秀校友代表在会上发言，他鼓励师弟师妹们在走上工作岗位后要“有思想、有胸怀、敢担当”，要做好“从一名学生到一名业者的角色转换，做好自己的职业生涯规划”。

优秀毕业生代表、经济学院2009级硕士研究生米坤义同学在发言中对校领导、老师表达了衷心的感谢。“我们一定会把公能校训铭刻在心，带着老师的叮咛，带着母校的重托，带着沉甸甸的社会责任感，在各行各业施展我们的才华，担负历史与时代重任！”</body></doc>