<?xml version='1.0' encoding='utf-8'?>
<doc><id>10050</id><url>http://news.nankai.edu.cn/nkyw/system/2011/06/24/000039990.shtml</url><title>校领导接待日倾听学生心语--南开要闻</title><datetime>2011-06-24 00:00:00</datetime><body>(学生记者 聂际慈 记者 陈鑫 通讯员 张洋 摄影 任永华)校长与学生同在一个会场，主角却是学生。6月22日，由南开大学学生会、研究生会主办的南开大学校领导接待日举行，校长龚克与教务处、党委学生工作部、研究生工作部、团委等单位负责人走进学生中，与学生交流沟通，接触了解学生群体最真实的想法。省身楼一楼报告厅座无虚席，现场同学踊跃发言，争先恐后地向校长说出自己的想法。

本次接待日以“本科生评价体系创新”为主题。面对校长，学生们毫无拘束，畅所欲言。关于本科生评价体系，学生们提出了两种截然不同的意见。一部分同学支持评价体系多元化，提出“一个立体的人不应只有一套评价体系”。另一方面，也有不少同学坚持学生评价应以学术为主，尤其是在奖学金与保送研究生的评选中，只有通过一套客观标准，才能保证公正。

到场的学生还就校务信息系统、奖学金评定、保送研究生、学生评教等问题阐述了自己的意见。有的学生还运用学习到的管理、信息等方面知识，向学校提出建议。

龚克认真听取了学生意见，并与大家交流。他认为，所谓评价体系，就是讨论什么样的学生是好学生。作为学生，其综合素质的评价，仍应以学为主。但学习不能只以考试为中心。同时，在大学教育中，砥砺德行，陶冶情操是非常重要的。他指出，要改革现行评价体系中不科学的地方，就要认真探讨哪些要素要进入评价体系，怎样科学评价这些要素。要创造一套“允公允能”的南开特色评价模式。虽然改革不能毕其功于一役，但要不断推进这项工作。

龚克承诺，今后校领导接待日将形成制度，定期举行。学校还将通过校长信箱、BBS等各种方式与学生交流。此外，也希望大家提出建议，建立更多沟通渠道。

校领导接待日活动是学生会、研究生会为了进一步拓展学生参与学校管理的途径，反映学生心声而开展的，活动得到了学校领导的大力支持和同学们的积极参与。为了能使校领导接待日活动切实发挥作用，学生会面向全校学生广泛征集学生提案并进行了问卷调查，共收到提案32件，发放调查问卷1000份。学生会的同学们对问卷数据进行了整理和分析，形成了系统、全面的提案，同时将全校的提案汇总为提案汇总报告，提交学校领导和相关部门负责人。</body></doc>