<?xml version='1.0' encoding='utf-8'?>
<doc><id>10053</id><url>http://news.nankai.edu.cn/nkyw/system/2011/06/23/000039968.shtml</url><title>校领导参加第八次党代会离退休代表团座谈会-党代会-南开要闻</title><datetime>2011-06-23 00:00:00</datetime><body>南开新闻网讯(记者 党宣 摄影 任永华)6月22日上午，第八次党代会离退休代表团座谈会在省身楼召开，就第八次党代会党委工作报告(征求意见稿)和纪委工作报告(征求意见稿)广泛听取代表的意见和建议。校党委书记薛进文、党委副书记杨庆山、纪委书记张式琪参加座谈会。离退休党委负责人主持会议。

薛进文说，第八次党代会党委工作报告和纪委工作报告既是对上届党代会以来学校工作的回顾和总结，也是对学校今后发展目标、发展战略和主要任务的展望与规划，是学校未来几年发展的纲领性文件。学校党委就党代会报告召开各代表团座谈会广泛征求意见和建议，就是要充分发扬民主，集思广益，凝聚共识，同心协力开好学校第八次党代会。

离退休代表团成员本着对学校事业负责的态度，怀着对南开深厚的感情，围绕报告(征求意见稿)进行了热烈讨论。就学校面临的形势、南开的定位、未来发展的目标、存在的问题和差距、学科建设、教学科研、管理服务等方面提出了很好的建议。

校领导对代表们的发言进行了认真记录并予以充分肯定，要求报告起草小组认真研究，最大限度地吸收采纳意见和建议，对代表们提出的有关急需解决的问题要尽快落实到工作当中，以实际行动迎接学校第八次党代会的召开。

此前，学校向第八次党代会代表发放了学习材料，包括：《中国共产党章程》、《国家中长期教育改革和发展规划纲要(2010-2020年)》、《国家中长期人才发展规划纲要(2010-2020年)》、《国家中长期科技发展规划纲要(2006-2020年)》、《中国共产党普通高等学校基层党组织工作条例》以及国家领导人近期关于高等教育和高校党建的重要讲话等。</body></doc>