<?xml version='1.0' encoding='utf-8'?>
<doc><id>10059</id><url>http://news.nankai.edu.cn/nkyw/system/2011/06/22/000039938.shtml</url><title>纪念建党90周年主题教育活动表彰会举行-建党90周年,表彰会,学工部-南开要闻</title><datetime>2011-06-22 00:00:00</datetime><body>南开新闻网讯(记者 平 扬 通讯员 贺文霞 摄影 陈 晨)6月21日，深入推进创先争优活动本科学生纪念建党90周年主题教育活动总结表彰大会在学生活动中心举行。校党委副书记刘景泉出席并讲话，组织部、学工部、团委负责人与校领导共同为获奖集体和个人代表颁奖。

刘景泉对学生党支部和学生党员为学校党建工作发展作出的贡献给予高度评价。他指出，近几年来，我校大力加强和改进学生党员队伍的理想信念教育，使学生党员队伍的精神面貌和先锋模范作用得到明显的增强，积极创新学生党组织的工作方法和活动方式，使党组织的凝聚力和战斗力得到了明显的提高，有力推进了学生党建工作和学生思想政治教育工作。他强调，党中央十分关心高校学生党建工作和党员学生的健康成长，对高校党建工作提出了明确的要求，对青年学生特别是党员学生提出了殷切的希望，我们要时刻牢记党的宗旨和历史赋予的神圣使命，积极投入到创先争优活动中来，争当时代的先锋队，以更加优异的成绩迎接第八次党代会的召开，为南开大学的美好明天、为党的伟大事业而努力奋斗。

为深入推进创先争优活动，庆祝建党90周年，南开大学党委学工部围绕“忆党史、铭党恩、强党性、促党建、永远跟党走”这一主题，在全校本科学生中组织开展“创先争优暨纪念建党90周年”主题教育活动，自今年3月份开展以来，历时3个月，从3个方面全面展开：党史明志，丰碑永矗――党史教育系列活动，加强思想理论建设，引导学生正确认识党史，坚定中国特色社会主义信念；感时抒怀，信仰如山――党恩抒情系列活动，通过文字、照片、合唱等多种形式引导学生抒发对党的热爱之情；躬身实践，创先争优――党建创新系列活动，引导学生党组织紧密结合实际，深入推进党建活动创新，营造百花齐放、百家争鸣的党建局面。

活动中，一批优秀项目、先进党支部和党员涌现出来，经过严格选拔和综合评审，文学院2009级本科生党支部“胶片中的丰碑――从红色电影感悟中国共产党发展脚步”等5个项目被评为“创先争优学生党建创新立项”一等奖；商学院2010级本科生党支部“三人红色小组――以组织形式创新，探索适合‘90’后党员的学习型党组织建设”等8个项目被评为“创先争优学生党建创新立项”二等奖；信息技术科学学院2007级计算机类本科生党支部“弘扬爱国精神，增强党员使命感，传承物质文明与精神文明相结合的信息文化”等12个项目被评为“创先争优学生党建创新立项”三等奖。数学科学学院2007级本科生党支部等30个本科生党支部被评为2010―2011学年度南开大学先进学生党支部；化学学院2008级化学专业董晓斐等182名学生党员被评为2010―2011学年度南开大学本科生优秀共产党员。经济学院等5个学院被评为本科生创先争优暨纪念建党90周年主题教育活动“最佳组织奖”；周恩来政府管理学院“国策论坛”系列活动等8项活动被评为本科生创先争优暨纪念建党90周年主题教育活动“最佳活动奖”。

会上，经济学院、信息技术科学学院、商学院、马克思主义教育学院的师生代表做了主题发言，介绍先进经验，交流工作心得。最后，全体参会党员们庄严举起右手，重温入党誓词。</body></doc>