<?xml version='1.0' encoding='utf-8'?>
<doc><id>10055</id><url>http://news.nankai.edu.cn/nkyw/system/2011/06/23/000039964.shtml</url><title>市教育工委思政课督查组来校督查--南开要闻</title><datetime>2011-06-23 00:00:00</datetime><body>南开新闻网讯(记者 陈晨 摄影报道)6月22日，市教育工委思想政治理论课督查组一行三人在组长王秀阁的带领下来到南开大学，对我校开展大学生思想政治理论课建设情况进行督查。校党委副书记刘景泉在办公楼会见了王秀阁一行。马克思主义教育学院负责人陪同会见。 (记者 陈晨 摄影报道)6月22日，市教育工委思想政治理论课督查组一行三人在组长王秀阁的带领下来到南开大学，对我校开展大学生思想政治理论课建设情况进行督查。校党委副书记刘景泉在办公楼会见了王秀阁一行。马克思主义教育学院负责人陪同会见。 刘景泉代表学校对督导组来校表示欢迎，希望专家们对南开大学的工作提出宝贵意见，多指导，多帮助。 王秀阁充分肯定了南开大学近年来在思想政治理论课建设工作中所取得的成绩，并就进一步做好该项工作提出了意见。 督导组听取了马克思主义教育学院负责人的工作汇报，查阅了相关文件资料，旁听了中青年教师授课，并与教师代表进行了座谈。</body></doc>