<?xml version='1.0' encoding='utf-8'?>
<doc><id>10056</id><url>http://news.nankai.edu.cn/nkyw/system/2011/06/23/000039961.shtml</url><title>澳大利亚皇家墨尔本理工大学副校长访问南开--南开要闻</title><datetime>2011-06-23 00:00:00</datetime><body>(通讯员 高媛 摄影 任永华)6月21日，澳大利亚皇家墨尔本理工大学副校长史蒂芬•康奈利(Stephen Connelly)一行来访，南开大学副校长关乃佳在办公楼会见客人。研究生院、国际学术交流处、社会心理学系负责人陪同会见。

关乃佳向史蒂芬•康奈利一行表示欢迎。她简要介绍了南开大学的优势学科及师资队伍等情况，着重介绍了南开大学所开设的英语授课课程及青年教师培训项目。她还表达了希望继续深化南开与皇家墨尔本理工大学在各自优势学科领域内交流合作的愿望。

史蒂芬•康奈利表示，南开大学是皇家墨尔本理工大学在中国最重要的战略合作伙伴之一。特别是今年5月关乃佳访问皇家墨尔本理工大学并签署两校合作谅解备忘录，更是将两校间的交流合作推向了一个新的高度，使两校关系更加密切。

双方还就本科阶段学生交换项目进行了深入探讨，探索两校间联合授课及合作科研的可能性。

皇家墨尔本理工大学是澳大利亚高校中国际化程度最高的院校之一，拥有众多的海外办学项目及丰富的合作办学经验，2011年5月与我校签订合作谅解备忘录。</body></doc>