<?xml version='1.0' encoding='utf-8'?>
<doc><id>10054</id><url>http://news.nankai.edu.cn/nkyw/system/2011/06/23/000039965.shtml</url><title>南开大学教工“红歌唱响校园”--南开要闻</title><datetime>2011-06-23 00:00:00</datetime><body>(记者 张轶帆 摄影 陈晨)在绿意盎然的六月，在鲜花盛开的六月，伟大的中国共产党即将迎来90华诞。为表达对党和祖国的热爱之情，颂扬中国共产党的丰功伟绩，唱响共产党好、社会主义好、改革开放好、伟大祖国好、各族人民好的时代主旋律，6月22日，“红歌唱响校园”南开大学教工迎建党90周年歌咏比赛在田家炳音乐厅隆重举行。

南开大学党委书记薛进文、校长龚克、党委副书记刘景泉、纪委书记张式琪、副校长佟家栋与在场师生共同观看演出或参加演唱。

比赛中，激昂奋进的旋律、满怀深情的歌声，热情讴歌了党的丰功伟绩，充分展现了南开教工为教育事业拼搏、为伟大祖国奉献的良好精神风貌。从荡气回肠的《我的祖国》到高亢嘹亮的《团结就是力量》，从满怀深情的《军港之夜》到气势磅礴的《走向复兴》，一首首耳熟能详的经典红色歌曲在音乐厅中回响。

音乐会上，高低错落的和声回荡在音乐厅里，点燃了师生们心中如火的爱国、爱党激情。

经过激烈的角逐，机关、商学院、信息技术科学学院、远程教育学院荣获一等奖，法学院、图书馆、医学院、经济学院、资产公司、后勤、外国语学院荣获二等奖。据悉，“红歌唱响校园”歌咏比赛的优胜者还将被推荐参加市教育工会“颂歌献给党”庆祝建党90周年暨第六届教职工文化艺术节汇报演出。</body></doc>