<?xml version='1.0' encoding='utf-8'?>
<doc><id>10061</id><url>http://news.nankai.edu.cn/nkyw/system/2011/06/21/000039911.shtml</url><title>南开大学教职工书画摄影作品展举行-作品展-南开要闻</title><datetime>2011-06-21 00:00:00</datetime><body>南开新闻网讯(记者 张轶帆 摄影 陈晨)为迎接中国共产党成立90周年，6月20日，南开大学教职工书画摄影作品展在学校工会举行。校党委副书记、教代会工会主席刘景泉出席展览开幕式。

该作品展由校工会和离退休人员管理处共同主办，共收到60余名在职及离退休教职工的近百幅作品，涵盖书法、国画、油画、摄影等多种形式。参展作者通过一幅幅作品的构思、线条、笔画、镜头，观者透过一缕缕墨香、瞬间的生活定格，共同重温党的光辉历程，歌颂党的丰功伟绩，唱响了中国共产党好、社会主义好、改革开放好、伟大祖国好的主旋律。展览将持续至7月2日。

在饶有兴趣地观看了展览后，刘景泉对参展作品给予积极评价。他说，此次展出的书画、摄影作品题材丰富、形式多样，爱党、爱国、爱校的情怀跃然纸上，感人至深，充分体现了我校广大教职工热爱美、追求美、创造美的精神境界。</body></doc>