<?xml version='1.0' encoding='utf-8'?>
<doc><id>10068</id><url>http://news.nankai.edu.cn/nkyw/system/2011/06/20/000039854.shtml</url><title>南开大学与辽宁省人民政府签署战略合作框架协议-辽宁省,战略合作,框架协议,合作-南开要闻</title><datetime>2011-06-20 00:00:00</datetime><body>(记者 张轶帆 摄影报道)为贯彻落实党中央、国务院关于加强科技创新、振兴东北老工业基地的战略部署，充分发挥辽宁省老工业基地以及南开大学科技、人才、信息等方面的优势，全面推进辽宁省和高校的长期紧密合作关系，6月17日，辽宁省人民政府与包括南开大学在内的6所高校在辽宁省友谊宾馆签署战略合作框架协议。

辽宁省省委书记、省人大常委会主任王珉，省长陈政高，副省长滕卫平，省委副秘书长彭益民，省政府副秘书长马祥图，南开大学党委书记薛进文，以及北京理工大学、天津大学、吉林大学、哈尔滨工业大学、西安交通大学有关负责人出席签约仪式，沈阳市市长陈海波、省委办公厅、省政府办公厅、发展改革委、经济和信息化委、科技厅、教育厅、财政厅、沈阳浑南新区，南开大学办公室、科技处、研究生院、经济与社会发展研究院主要负责同志参加签约仪式。

滕卫平、薛进文分别代表辽宁省、南开大学签署协议。

签字仪式前，王珉、陈政高与6所高校的领导进行了省校合作座谈，王珉在座谈会上讲话。

王珉首先代表省委、省政府对签署省校战略合作协议表示热烈祝贺，向6所高校长期以来对辽宁省科技教育工作的大力支持表示衷心感谢。他说，近年来，我们坚持以增量带动结构优化、创新促进产业升级，推进辽宁全面振兴取得了新的重要进展。我们将认真贯彻落实中央的决策和部署，加快转变经济发展方式，大力推进经济结构调整，充分发挥科技引领、创新驱动、人才支撑作用，加快国家科技创新试点省建设，进一步深化产学研结合，加大各类人才的培养引进力度，努力提高科技成果转化和企业自主创新能力，大力培育战略性新兴产业和发展高新技术产业。这次与辽宁省签署战略合作协议的6所高校，都是我国著名的高等学府，在国内外享有很高的声誉和影响力。辽宁省与高校扩大合作具有广阔空间，相信通过共同努力，战略合作必将结出丰硕成果。

薛进文在讲话中说，南开大学将以签署省校战略合作协议为契机，进一步加大双方在科技创新、人才培养等领域的合作力度，进一步组织整合学校相关的研发力量，与辽宁省密切沟通和联系，确保合作项目落到实处。

根据协议，辽宁省人民政府与南开大学将本着“优势互补、互惠互利、务实高效、共同发展”的原则，在发展战略咨询、科技合作、推动科技成果转化、引进拔尖人才、合作培养高层次人才等方面开展省校长期合作，并积极推动双方产学研合作、人才交流和培养等工作，进一步提升辽宁省产业技术水平和自主创新能力、促进科技成果转化，推动经济社会又好又快发展。

双方战略合作的总体目标为，瞄准国家战略新兴产业发展方向，面向辽宁老工业基地，着眼企业重大技术需求，重点开展区域和行业的发展战略咨询，共性及关键技术的合作研发和创新，探索共建省校产学研合作基地，推动南开大学高新技术成果来辽宁转化，为辽宁培养高端工程技术人才。

沈阳市有关负责人还介绍了沈阳国家大学科技城的规划建设情况及优惠政策。</body></doc>