<?xml version='1.0' encoding='utf-8'?>
<doc><id>10066</id><url>http://news.nankai.edu.cn/nkyw/system/2011/06/20/000039873.shtml</url><title>南开师生红歌颂祖国“永远跟党走”--南开要闻</title><datetime>2011-06-20 00:00:00</datetime><body>(记者 冀宁 摄影 任永华)满腔爱国志，红歌唱给党。6月19日晚，南开大学庆祝建党90周年红色经典歌曲演唱会在田家炳音乐厅隆重举行。教师合唱团、学生合唱团、学生交响乐团总共近200位团员，用深情的歌声与激昂的乐声，献礼中国共产党成立90周年。

南开大学党委书记薛进文、校长龚克、党委副书记刘景泉、纪委书记张式琪，与700余位师生共同观看了演出。

晚会在全场师生的合唱《没有共产党就没有新中国》中拉开帷幕。舞台中央的红色背板，以天安门、党旗和党徽为背景彰显出庄严大气，“永远跟党走”5个大字则挥洒出铮铮誓言。舞台两侧的墙壁上方，一颗颗五角星闪耀出熠熠光辉，两方大屏幕则根据演出的曲目内容变幻出相应的场景，用视频与图片带领观众回顾中国共产党领导全国人民取得革命建设胜利的辉煌历程。

交响乐《红旗颂》气壮山河，描绘了中华人民共和国成立时第一面五星红旗升起的情景，同时，以宏伟庄严的歌唱性的旋律，表现了中国人民在红旗的指引下，英勇顽强、奋发向上的革命气概，热烈讴歌了伟大祖国蒸蒸日上的繁荣景象。

清唱剧《江姐》选段选择了《红梅赞》与《绣红旗》，领唱者将那个刚毅英勇的女英雄形象还原舞台，唱出了革命者的意志和品质。歌曲《你是这样的人》是为纪念南开杰出校友、共和国总理周恩来诞辰100周年而拍摄的大型电视专题艺术片《百年恩来》的主题曲，追忆周恩来总理的不凡一生，礼赞他的高贵品格与伟大贡献。独唱《我爱你，中国》一咏三叹，音调明亮高亢，将对祖国的热爱与赞美表现得淋漓尽致，倾泻出海外儿女炽烈的爱国主义情感。交响合唱《天路》赞颂了共和国的建设者在青藏高原用双手创造奇迹，用铁一样的意志铸造了一条通往天堑的路，让中国人充满自豪与骄傲。

交响合唱套曲《黄河》气势恢宏，配以激情澎湃的朗诵，将晚会气氛推向高潮。《黄河船夫曲》《黄河颂》《黄水谣》《河边对口唱》《黄河怨》……或独唱，或合唱，大气磅礴而又不失温柔深情，精准地勾勒出中华民族的英勇刚强与勤劳善良，也无限神似地描摹出黄河的奔腾与灵秀，令人感觉到黄河的能量，中华民族的力量。当《保卫黄河》的旋律响起时，全场观众不由自主、不约而同地打起节拍。最后《怒吼吧，黄河》波澜迭起，让听众热血沸腾。

“从小爷爷对我说，吃水不忘挖井人，曾经苦难才明白，没有共产党哪有新中国。从小老师教我唱，唱支山歌给党听，几经风雨更懂得，跟着共产党才有新中国……”交响合唱《在灿烂的阳光下》深情演绎，表达“跟着共产党建设大中国”的决心。

晚会最后，全场观众起立共同唱响《歌唱祖国》。在悠扬的齐声合唱南开校歌声中，晚会落下帷幕。为整场晚会担任指挥的是首都师范大学音乐学院研究生，中国国家交响乐团首席指挥、中央音乐学院教授李心草先生的弟子金刚，以及南开大学文学院教授、南开大学学生合唱团暨天津市大学生合唱团指挥孟超美。</body></doc>