<?xml version='1.0' encoding='utf-8'?>
<doc><id>10062</id><url>http://news.nankai.edu.cn/nkyw/system/2011/06/21/000039895.shtml</url><title>荷兰格罗宁根大学与南开签署校际合作协议-荷兰,格罗宁根大学,合作-南开要闻</title><datetime>2011-06-21 00:00:00</datetime><body>(通讯员 张 宁 摄影 任永华)6月16日，荷兰格罗宁根大学(University of Groningen)校长西布兰德(Prof. Sibrand Poppema)一行访问南开大学，校长龚克在办公楼会见了客人。国际学术交流处、环境科学与工程学院、医学院负责人陪同会见。

龚克对西布兰德一行的来访表示欢迎，并简要介绍了南开大学的学科发展现状。他表示，南开大学在化学、环境科学和医学等领域有自己的发展优势和特点，希望加强和格罗宁根大学的合作，共同为环境保护问题作出贡献。

西布兰德简要介绍了格罗宁根大学的情况。他表示，格罗宁根大学和南开一样，也是一所综合性大学，在材料科学、医学、环境科学、能源研究和立法方面走在欧洲的前列。希望能够在以上领域与南开大学展开更多的交流与合作。

龚克和西布兰德共同签署了《南开大学与格罗宁根大学校际合作协议》。双方还探讨了学生交换和共同举办国际会议的问题。

荷兰格罗宁根大学创建于1614年，是一所有着优良学术传统的综合性院校。优势学科有材料学、医学、法学、经济学、管理学等。1985年，荷兰格罗宁根市与天津市建立了友好城市关系，此后双方市领导曾多次互访，并在经贸、环保、文教、体育等领域进行了密切交往。南开大学环境科学与工程学院多年来与格罗宁根大学医疗中心进行着合作项目，并计划筹建“中荷环境健康中心”。</body></doc>