<?xml version='1.0' encoding='utf-8'?>
<doc><id>10069</id><url>http://news.nankai.edu.cn/nkdxb/system/2011/06/19/000039847.shtml</url><title>【1130期】人才强校 锻造精良之师-党代会-南开大学报</title><datetime>2011-06-19 00:00:00</datetime><body>本报记者 张 剑

人才是高校发展的战略性资源，也是南开兴衰成败的关键。学校第七次党代会明确提出“人才强校”战略，将人才工作摆在学校发展的首要位置。8年来，各类优秀人才团结在党的周围，努力工作在各自的岗位，共同为学校事业改革发展贡献力量。



截至目前，学校共有两院院士11人，比2003年增长57%；长江学者45人，比2003年增长275%；国家杰出青年基金获得者（含B类）29人，比2003年增长1.6倍；“973”计划首席科学家（含重大科学研究计划）9人，比2003年增加8人；“新世纪百千万人才工程”国家级人选20人，超过2003年两倍；教育部跨世纪、新世纪优秀人才支持计划入选者已达125人。



2004年，学校召开人才工作会议，全面分析了人才工作形势，研究探讨了人才培养、引进和使用的有效措施，并达成诸多共识。



加强领导，健全机制。学校制定了《南开大学关于加强高层次人才工作的若干意见》，成立高层次人才工作办公室；充分利用校内外资源，广罗海内外高层次人才信息，选拔一批在相关学科领域处于国内外领先水平、业绩突出、引领作用显著的人才，研究制定个性化的培养方案。



搭建平台，构筑高地。学校推出“杰出人才+创新团队”的人才构建模式，制定了《南开大学创新学术团队建设实施办法》，为优秀人才的发展创造广阔的空间，搭建出以院士、长江学者等领军人物为核心的高水平学术团队。迄今为止，学校已有国家自然科学基金委创新研究群体两个，教育部创新团队6个。



尊重人才成长规律，坚持引进培养并重。学校在学术交流、科研基金等方面出台政策，不断加大对青年教师的激励与支持，多项举措培育具有发展潜力的“苗子”。近年来，青年教师队伍发展迅速，目前全校教师平均年龄43岁，35岁以下教师540人，超过全校教师的四分之一，比2003年增长了121人。学校还实施“百名后备师资培养计划”，遴选优秀本科毕业生赴国外一流院校攻读博士学位，为南开培养后备师资队伍

创建宽松的人才工作环境。出台了《关爱教师行动计划》，把“感情留人、事业留人、待遇留人”提升到“环境留人”的层面。在人才引进过程中，建立配套政策，保证引进人才的配偶、子女、住房等方面得到较好安排。学校明确规定，对引进高层次人才的职务晋升，不受来校时间和任职时间的限制，不受各部门单位指标限制，可直接参加高级职称评审。多次举办高层次优秀人才与学校领导班子全体成员、校职能部门负责人的见面会，建立了畅通的沟通交流渠道。



逐渐将人才引进的重心转向海内外高层次创新人才。先后制定了《南开大学特聘教授岗位制度实施办法》和《南开大学人文社会科学学科特聘教授岗位制度实施办法》，面向海内外公开招聘在国际学术界有一定影响，具有创新性构想和战略性思维的学科带头人。设立了“陈省身百名讲席教授”职位，斥资近千万元人民币，面向国际学术界公开招聘100名左右的讲席教授来校执教。目前全校专任教师中在国外取得最高学位者240人，比2003年翻了一倍多；在国内非本校取得最高学位者583人，比2003年增长49%。

</body></doc>