<?xml version='1.0' encoding='utf-8'?>
<doc><id>10067</id><url>http://news.nankai.edu.cn/nkyw/system/2011/06/20/000039867.shtml</url><title>南开成立谷书堂经济学学术基金培育中青年学者-谷书堂,经济学,学术基金-南开要闻</title><datetime>2011-06-20 00:00:00</datetime><body>(记者 张 剑 摄影 任永华)6月19日，以著名经济学家谷书堂先生命名的学术基金在南开大学成立，用以支持中国经济学基础理论与重大现实问题的开创性研究，奖励、扶助中青年学者的成长。

谷书堂先生是我国著名的经济学家、教育家。1946年考入南开大学学习，1950年毕业留校，从事经济学科研和教学工作。20世纪80年代，他先后担任经济研究所所长和经济学院院长职务，长期致力于社会主义经济理论的研究，在商品经济、价值理论、分配理论以及政治经济学理论体系构建等方面卓有建树。他主编的政治经济学教科书多次再版、屡屡获奖，发行逾百万册，影响了几代经济学人。2004年，谷书堂的3位学生同时获得“孙冶方经济学奖”，成就了教育界的一段佳话。

值谷书堂先生85岁诞辰之际，南开大学成立“谷书堂经济学学术基金”。该基金由南开校友张思民先生创办的深圳海王集团出资千万予以资助，旨在发扬南开传统、繁荣学术、经世济民，资助高水平经济学学术论坛与讲座的举办，鼓励中国经济学基础理论与重大现实问题的开创性研究，奖励扶持优秀的中青年科研人员。

19日上午，谷书堂经济学学术基金成立大会暨南开经济学论坛在省身楼隆重举行。国家统计局局长马建堂，教育部社会科学司副司长张东刚，天津市政府副秘书长陈宗胜，海王生物工程股份有限公司总经理刘占军，南京大学党委书记洪银兴，南开大学党委书记薛进文、校长龚克，著名经济学家卫兴华、张卓元、朱光华、熊性美等出席大会。会议由南开大学原副校长逄锦聚主持。

龚克在致辞中对“谷书堂经济学学术基金”的成立表示祝贺，并对慷慨给予资助的海王集团表示感谢。他说，随着国家的发展，学术基金应成为资金的重要走向之一，在经济社会运行中发挥更大的作用，南开大学将以严谨的治学态度用好“谷书堂经济学学术基金”。谷书堂先生是南开的骄傲，也是中国经济学人的骄傲。希望更多的南开人能从谷先生等学人对教学、科研的执着追求中受到启发，秉承它的精神为南开多作贡献。

马建堂说：“我于1982年到南开大学经济研究所学习，师从谷书堂先生。尽管工作之后我的头衔几经变化，但‘南开校友’这一身份将永远不变。我们会继承、秉承、传承恩师的学问和品德，为国家建设贡献出自己的力量。”

张东刚指出，该基金的成立是推动教育科研事业发展的一个重要举措，相信其一定会为中国经济学科的发展发挥积极作用。遥想当年在南开学习和工作的日子，张东刚说：“记得当年谷先生时常邀请青年学者一起讨论交流，了解我们的思想和学术动态，他的关心与教诲一直让我受益良深。”

刘占军表示，捐资设立“谷书堂经济学学术基金”是学生后辈对母校和恩师敬意的表达，也是对中国经济学发展的一份希冀。相信在全国学人的共同努力下，“谷书堂经济学学术基金”一定会不断发展壮大，在人才培养、科学研究和服务社会方面发挥重要的作用。

面对鲜花与掌声，谷书堂谦逊地说：“大家在发言中对我的各个方面有所肯定，我感到惶恐。我有3个感受：一是感动，二是感谢，三是不安。我代表全家向学校和前来参会的朋友们致以诚挚的谢意。”“我将与大家一起，不断学习、不断创新，坚持站在科研和教学的第一线，继续为南开经济学科贡献力量，为祖国为社会培养更多的优秀人才。”谷书堂说。

这场别开生面的“谷书堂经济学学术基金”成立大会，也是由该基金资助的首届南开经济学论坛。会上，来自中国人民大学、南京大学、西南财经大学、中国社会科学院等高校和科研机构的新老学者，围绕“经济发展方式转变：难点与对策”这一主题展开深入研讨。大家纷纷表示，愿在谷先生的勉励和支持下，提携后辈，继续为经济学科的发展光大作出奉献。</body></doc>