<?xml version='1.0' encoding='utf-8'?>
<doc><id>10063</id><url>http://news.nankai.edu.cn/nkyw/system/2011/06/21/000039893.shtml</url><title>【组图】红歌颂祖国 “永远跟党走”-红歌,建党,90周年-南开要闻</title><datetime>2011-06-21 00:00:00</datetime><body>南开新闻网讯(摄影 任永华 记者 冀宁)满腔爱国志，红歌唱给党。6月19日晚，南开大学庆祝建党90周年红色经典歌曲演唱会在田家炳音乐厅隆重举行。教师合唱团、学生合唱团、学生交响乐团总共近200位团员，用深情的歌声与激昂的乐声，献礼中国共产党成立90周年。</body></doc>