<?xml version='1.0' encoding='utf-8'?>
<doc><id>10060</id><url>http://news.nankai.edu.cn/nkyw/system/2011/06/22/000039927.shtml</url><title>校领导出席国家汉办欧洲地区孔子学院工作座谈会--南开要闻</title><datetime>2011-06-22 00:00:00</datetime><body>南开新闻网讯(通讯员 李莉)日前，欧洲地区部分孔子学院工作座谈会在匈牙利首都布达佩斯举行，此次会议得到了中匈两国政府有关部门的高度关注与大力支持，匈牙利总统施米特•帕尔为会议发来贺信。匈牙利国会副议长姚考伯•伊什特万、全国人大常委会原副委员长许嘉璐、中国驻匈牙利大使高建出席会议开幕式并致辞。中国国家汉办主任、孔子学院总干事许琳在开幕式上发表了主旨演讲。南开大学副校长关乃佳代表我校出席会议并担任分组论坛主持人。

许琳在发表主旨演讲时说，在中外双方大力支持和共同努力下，欧洲各国孔子学院平稳发展，在汉语教学和文化交流中逐渐摸索出一条适合当地需求、具有自身特色的发展道路。未来孔子学院将重点面向中小学开展汉语教学和本土教师培训，注重当代中国研究，培养汉学家，打造中外文化交流中心，并加强中医、旅游、艺术等专门类孔子学院建设。

来自欧洲22个国家的60所孔子学院院长及所在大学校长，以及中国8所合作院校的校长就孔子学院2015年发展规划、国际汉语教材工程、孔子学院办学标准与评估办法等议题进行讨论和交流。

参加本次会议的孔子学院代表主要来自欧洲地区成立3年以上的孔子学院。截至目前，欧洲已开设117所孔子学院和99个孔子课堂，分布在33个国家和地区。南开大学在欧洲地区孔子学院有两所，分别为葡萄牙第一所孔子学院米尼奥大学孔子学院和英国格拉斯哥孔子学院。</body></doc>