<?xml version='1.0' encoding='utf-8'?>
<doc><id>1007</id><url>http://news.nankai.edu.cn/nkyw/system/2018/03/16/000372094.shtml</url><title>魏大鹏调研生命科学学院 --南开要闻</title><datetime>2018-03-16 00:00:00</datetime><body>南开新闻网讯(记者 郝静秋 摄影 任永华)3月15日，校党委书记魏大鹏到生命科学学院调研。

学院党政负责人汇报了近期工作情况，重点围绕学科发展、人才引育、学生培养、科学研究、资源配置、学科发展中遇到的困难和问题进行了汇报。

魏大鹏认真听取发言，并就相关问题与大家展开讨论。他表示，南开生命科学历史悠久、底蕴深厚、人才辈出、成果显著，为国家和社会发展作出了积极贡献。当前南开正站在跨越新老百年的关键时间节点上，大家要通过回首历史，认真总结宝贵经验，继承发扬优秀传统，努力改进问题不足，从而更好地展望未来，更加坚定地走好今后的道路。

魏大鹏强调，生命科学是一个极具生命力的学科，学院要牢牢把握立德树人根本任务，为国家建设、民族复兴、社会发展培养更多德才兼备的优秀人才，通过实现一流人才的培养目标，推进一流学院和一流大学的建设；要牢牢抓住学科建设这个“龙头”，把学科建设作为人才培养和科学研究的基础与依托，不断提高人才培养质量，不断提升科学研究水平，以此带动学院学校整体实力的提升；要激励广大教师围绕国家重大需求，积极申请国家重大项目，承担国家重大科研任务，体现南开作为，展现南开实力；要充分发挥生命科学国际关注度高的优势，持续加强国际交流与合作，通过与世界一流大学、一流机构深入开展合作，提升教学科研水平，扩大国际影响力；要加大人才引进力度，扩大师资队伍规模，坚持一手抓引进、一手抓培养，两手都要抓、两手都要硬，培育出新的优秀人才梯队，实现可持续发展；要积极探索新机制、开创新方法，完善奖惩激励制度，形成你追我赶、力争上游的良好发展生态，促进学院不断向前发展。

魏大鹏说，南开大学每一个学院都应当不断树立“标杆意识”，瞄准一流标准，积极主动作为。进入新时代，希望南开生命科学因应新要求，谋划新发展，进一步巩固优势、优化结构、突出特色、发展重点，在继承创新中阔步前行；希望学院发挥老中青三代教师结合互补的优势，全院师生团结奋进、努力拼搏、苦干实干，以新的更大作为开创南开生命科学新的辉煌。

调研过程中，魏大鹏参观了生命科学学院历史发展及成果展览，并前往学院实验室，了解实验室研究内容、科研成果、人才培养、实验室管理等情况。

学校办公室负责人参加调研。</body></doc>