<?xml version='1.0' encoding='utf-8'?>
<doc><id>10077</id><url>http://news.nankai.edu.cn/nkyw/system/2011/06/16/000039791.shtml</url><title>我校召开招生咨询工作布置会--南开要闻</title><datetime>2011-06-16 00:00:00</datetime><body>(通讯员 刘芳)6月15日，我校2011年招生咨询工作布置会在办公楼召开，校长龚克出席并讲话，招生办公室及各学院主管招生负责人参加会议。

龚克在讲话中指出，对待招生工作要有责任意识和机遇意识，要有高度的责任感，考生及家长与南开的第一次接触可能就是宣传时的一问一答，这是能否吸引考生的关键时刻。这个时期高校也是备受社会关注，这正是每年一次的宣传和展示南开的好机会。招生宣传工作要有针对性，天津的发展速度之快令全球瞩目，要通过宣传天津的地域优势宣传南开。另外，要根据宣传对象组织宣传语言，展示亮点，吸引考生。

龚克强调了宣传工作人员的态度和形象问题，他要求大家认真热情回答考生问题，展示名校教师风采，积极鼓励考生报考南开。龚克说，招生工作是学校的大事，为招生工作花费时间、付出辛苦是值得的，大家要采用有效的方式方法，扬长避短做好宣传工作。

会上，我校招生办公室负责人向各学院负责人介绍了今年的招生工作形势，指出了我校招生工作现存的问题及面临的困难，通报了2010年我校各专业的志愿情况，并布置了6月24日校园开放日的工作，要求各学院自备展板及宣传材料，安排专业教师参加咨询，介绍本学院专业设置、人才培养等情况，为考生及家长提供准确的信息。各部门要相互配合，共同做好我校今年的招生咨询工作。

据了解，我校将于6月24日上午8：00至下午13：00，在八里台主校区举办校园开放日暨高考招生咨询会。届时，我校21个招收本科生的学院将在大中路设立咨询点，为家长及考生提供现场咨询服务。与此同时，为了方便考生及家长，提高效率，资源共享，南开大学还与天津大学联合邀请了清华大学、北京大学、中国人民大学、复旦大学、南京大学、上海交通大学、浙江大学、哈尔滨工业大学等50余所全国著名大学，同一时间在两校之间的大学道开展招生宣传和咨询活动。</body></doc>