<?xml version='1.0' encoding='utf-8'?>
<doc><id>10074</id><url>http://news.nankai.edu.cn/nkyw/system/2011/06/17/000039809.shtml</url><title>校领导出席天津医科大学60周年校庆大会-校领导,天津医科大学,校庆-南开要闻</title><datetime>2011-06-17 00:00:00</datetime><body>南开新闻网讯(通讯员 乔 盛)6月16日，天津医科大学举行“继承优良办学传统，加快高水平大学建设”大会，庆祝建校60周年。中共中央政治局委员、国务委员刘延东，全国人大常委会副委员长兼秘书长李建国发来贺信，对天津医科大学建校60周年表示祝贺。全国政协副主席陈宗兴，卫生部副部长黄洁夫，教育部副部长郝平，中国工程院副院长、第四军医大学校长樊代明院士，天津市委常委、市委教育工委书记苟利军，市政协副主席曹小红、张大宁等出席大会。 (通讯员 乔 盛)6月16日，天津医科大学举行“继承优良办学传统，加快高水平大学建设”大会，庆祝建校60周年。中共中央政治局委员、国务委员刘延东，全国人大常委会副委员长兼秘书长李建国发来贺信，对天津医科大学建校60周年表示祝贺。全国政协副主席陈宗兴，卫生部副部长黄洁夫，教育部副部长郝平，中国工程院副院长、第四军医大学校长樊代明院士，天津市委常委、市委教育工委书记苟利军，市政协副主席曹小红、张大宁等出席大会。 南开大学校长龚克应邀出席大会，并代表南开师生向天津医科大学表示诚挚的祝贺和美好的祝愿。 天津医科大学是国家“211”工程重点建设高校。学校现有国家级重点学科5个，“211”工程重点建设学科10个，省部级重点实验室9个，目前共有全日制在校生9040人。</body></doc>