<?xml version='1.0' encoding='utf-8'?>
<doc><id>10072</id><url>http://news.nankai.edu.cn/nkyw/system/2011/06/19/000039819.shtml</url><title>30院士齐聚南开 共贺理论物理研究室成立25周年-院士,理论物理研究室,陈省身数学研究所-南开要闻</title><datetime>2011-06-19 00:00:00</datetime><body>(记者 张轶帆 张 丽 摄影 任永华 陈 晨)今年是南开大学陈省身数学研究所理论物理研究室成立25周年，6月18日，包括美籍华裔科学家、诺贝尔物理学奖获得者杨振宁等在内的30余位中科院院士齐聚南开，以理论物理前沿讨论的方式为研究室“庆生”。

南开大学校长龚克、副校长陈永川、许京军，陈省身数学研究所所长龙以明院士，副所长、理论物理研究室主任葛墨林院士，著名书画家、南开大学终身教授范曾，以及来自中科院物理所、理论物理所、高能物理所，北京大学、清华大学等全国40余所高校、科研院所的近百位专家学者和南开大学师生代表参加了在省身楼举行的纪念活动。

“今天省身楼内四代同堂、群贤毕至，白发院士和青年学子少长咸集，共同庆祝理论物理研究室成立25周年，令南开荣幸之至。”龚克代表学校对参会的各位专家学者表示热烈欢迎。他说，在庆祝之际，我们更要记住陈省身先生和杨振宁先生。今年正值陈省身先生诞辰100周年、杨振宁先生89华诞，他们从上世纪30年代以来有超过70年的学术合作与深厚友谊，理论物理研究室则是他们晚年合作的一个重要平台。25年来，理论物理研究室做出了突出成绩，培养了大批人才。希望此次研讨会的举行，能够成为理论物理研究室和陈省身数学研究所发展的新起点。做科学是没有年龄的，祝杨振宁先生学术生命长青，也祝愿在座所有专家学者的学术生命长青。

中国科学院院士、陈省身数学研究所所长龙以明在致辞中说，25年来，理论物理研究室为我国科学事业的发展作出了重要贡献，这与杨振宁先生的指导和帮助是分不开的，他亲自募款支持并指导应注意的研究发展方向，亲自参加该室举办的多次国际会议，并资助该室博士生毕业后到纽约州立大学石溪分校工作一年。在杨先生“宁拙毋华、宁拙毋巧”、“做好活的物理”等思想指导下，师生不断深入固有研究方向，关注新的发展，在学术竞争中锻炼成长。今天，杨先生仍十分关心理论物理研究室的发展，是我们学习的榜样。希望在陈省身数学研究所今后的发展中能够继续得到杨先生以及各位专家学者的指导和关注。

作为杨振宁先生亲自延揽来南开的人才，理论物理研究室主任葛墨林用深深的一鞠躬表达对各界人士给予研究室支持、帮助的谢意。他说，我一直是在陈省身先生的亲切关怀和杨振宁先生的直接指导下做事情，从他们二位身上我们学到的不仅仅是数学和物理，更包括做人。陈先生去世近7年了，但每当我们走进省身楼，还觉得陈先生活在我们中间；杨先生虽已年近九旬，但有很多重要的事情我们仍向他报告，得到了他的指点和支持。

在为期两天的讨论会中，知名学者杨振宁、朱经武、郝柏林、朱邦芬、王恩哥、何祚庥、庆承瑞、霍裕平、郭光灿、孙昌璞、潘建伟、王玉鹏、李有泉、龙桂鲁、向涛等分别作了精彩的学术报告，并和与会代表就理论物理前沿问题进行了深入交流。会议期间，南开大学还举行了陈省身先生夫妇墓碑揭幕仪式和杨振宁先生89华诞庆祝活动。

陈省身数学研究所理论物理研究室成立于1986年，由杨振宁先生应陈省身先生的委托创建并指导研究工作。主要研究方向为数学物理及其在物理中的应用，包括量子可积系统，杨―Mills场，杨―Baxter系统，量子群，关联体系的代数结构, Yangian，纽结理论等。曾举办过国际大会及南开理论物理系列工作会议10次，国内量子力学新进展会议4届。培养博士毕业生25人、硕士毕业生近30人，他们曾分获国家自然科学二等奖，国家教委科技进步一等奖、二等奖，杰出青年基金，教育部新世纪人材，霍英东青年教师奖、基金，中国优秀青年科学家及多项国外基金，多数成为我国中青年理论物理骨干人材。理论物理研究室注重国际交流，百余名著名国外学者曾多次来访问、讲学、合作。同时注意国内的学术合作与交流，得到包括北大、复旦、科学院等单位与学者个人的指导与帮助。</body></doc>