<?xml version='1.0' encoding='utf-8'?>
<doc><id>10079</id><url>http://news.nankai.edu.cn/nkyw/system/2011/06/16/000039777.shtml</url><title>学校召开分党委书记会--南开要闻</title><datetime>2011-06-16 00:00:00</datetime><body>(记者 陈鑫 摄影 陈晨)6月15日，南开大学召开分党委书记会。校党委书记薛进文，党委副书记杨庆山、刘景泉，纪委书记张式琪出席会议。各分党委、党总支书记，机关党群部门负责人参加会议。

薛进文指出，在全校广大党员、各级党组织共同努力下，根据上级党委的要求和学校党委常委会作出的决议，第八次党代会筹备工作正在有条不紊地进行。党代会报告、纪委报告的起草工作也进展顺利，新一轮的修改稿将在选举出的党代表中广泛征求意见。希望各分党委、党总支负责人及机关党群部门负责人进一步做好组织协调工作，严格按照换届的程序规范、纪律要求开展工作。使党委委员、纪委委员选举及两个报告征求意见的过程成为凝聚共识、发扬党内民主、共同谋划南开大学发展的过程。

薛进文强调，各级党组织要做好纪念建党90周年的各项活动。通过各具特色、形式多样、富有感染力的活动，营造良好氛围，增强党组织凝聚力，增强党员意识。纪念活动要做到简朴、热烈。同时，要将活动与创先争优结合起来，联系基层工作，统筹谋划，精心安排。最近一段时期，学校改革发展的成果得到了教育部领导的高度重视和关心，我们要进一步做好相关工作。要继续抓好稳定，认真开展新校区建设相关工作。

会上，杨庆山就新一届党委委员、纪委委员推选工作作了安排，刘景泉就党代会报告的新一轮征求意见工作作了安排，张式琪传达了中央关于各级党委换届期间的有关纪律要求。</body></doc>