<?xml version='1.0' encoding='utf-8'?>
<doc><id>10071</id><url>http://news.nankai.edu.cn/nkyw/system/2011/06/19/000039820.shtml</url><title>专家学者共贺著名物理学家杨振宁望九之年-物理学家,杨振宁,理论物理研究室,陈省身数学研究所-南开要闻</title><datetime>2011-06-19 00:00:00</datetime><body>(记者 张 丽 张轶帆 学生记者 武东翔 刘冬寒 摄影 陈 晨 任永华)今年正值美籍华裔科学家、诺贝尔物理学奖获得者杨振宁89岁华诞，6月18日，庆祝活动在南开大学举行。

南开大学校长龚克出席活动。中国科学院院士、南开大学陈省身数学研究所副所长、理论物理研究室主任葛墨林，北京大学副校长、教务长王恩哥，中国科学院院士、北京大学物理学院技术物理系教授陈佳洱，美国科学院院士、中科院外籍院士、美国休斯敦大学教授朱经武，中国科学院院士、清华大学物理系教授朱邦芬等先后致贺词，结合自己与杨振宁先生的交往体会，回顾他的经历与成就，礼赞他的品格与贡献。

“杨振宁先生帮助理论物理研究室与国际很多著名研究机构建立了联系，他是一位十分忠厚的长者，什么事都可以和他辩论，他的口头禅就是‘我跟你辩论一下’，从杨先生身上，我们不仅学到了物理学的前沿知识和理论方法，更学到了如何做人。”葛墨林说。

在朱经武看来，杨振宁先生是一位理论物理的炼丹专家，能够点石成金。他说，杨先生对物理非常热爱，并且认为做物理要做好，应该有风格、有品位。我刚到美国休斯敦大学教书时，请了杨先生来作报告，他欣然答应，并给了我们很多建议。很多人说物理学家只有两种，一种是一直听别人讲，自己不说，另一种是一直讲自己的东西，别人讲的不听。杨先生则是第三种人，他不仅听别人讲，也会给别人自己的意见。

中国科学院院士、中国科学院高能物理研究所所长陈和生说：“杨振宁先生是20世纪最伟大的物理学家之一，在理论物理研究方面作出了巨大的贡献，对中子云、自由电子激光等理论的发展起了重大推动作用，并培养了大批人才。他是我们物理研究工作者学习的榜样，希望杨先生健康长寿，继续为科学事业作更大的贡献。”

朱邦芬说，杨先生在欣赏数学形式美的同时，还重视把握实验物理的能力。他是一代科学宗师，但人文、艺术品位极高。他待人接物具有绅士风范，并且公开坦率，对亲人、朋友和学生又极其关爱。他年龄已高，但心态却十分年轻，生活中充满欢乐和童心，杨先生的科学道路、为学和为人之道值得我们继续研究。

厦门大学教授卢炬甫说，杨先生是科学上的大师，曾获得诺贝尔奖，是中国的骄傲，也是年轻人的榜样，他的精神品质和学术水平同样值得学习，祝他健康永驻，永远青春。也希望年轻人向他学习，能沉下心来做科研，真心实意做学问，并有更高的追求。

见到众多新朋老友，杨振宁十分高兴，他说：“大家的发言让我想起很多以前的快乐时光和美好记忆，我为有这样的幸福时刻和美好回忆而感到欣慰。我认为自己能够保持青春心态与我的做人态度和人生哲学有很大关系，再过3天我们要去宁夏，实现我儿时踏上贺兰山的愿望，相信几天后的经历也一定非常愉快。”

在当天晚上举行的庆祝晚宴上，南开大学学生合唱团为杨振宁先生演唱了民歌《灯碗碗开花在窗台》，随后夫人翁帆为先生戴上生日帽，两人一起吹蜡烛，同学们演唱了生日快乐歌，并与先生合影留念，场面十分温馨。</body></doc>