<?xml version='1.0' encoding='utf-8'?>
<doc><id>10078</id><url>http://news.nankai.edu.cn/nkyw/system/2011/06/16/000039781.shtml</url><title>学校召开会议推进“三重一大”决策制度贯彻落实--南开要闻</title><datetime>2011-06-16 00:00:00</datetime><body>(通讯员 刘思南)6月15日，学校召开推进“三重一大”决策制度贯彻落实座谈会，纪委书记张式琪出席会议，学校办公室、党委组织部、纪委监察室、人事处、教代会、财务处、审计处等部门负责人参加会议。

张式琪在讲话中指出，“三重一大”决策制度是健全科学民主决策机制，推动学校事业健康发展的重要制度保证，也是从源头上治理和预防腐败的重要途径。特别是在当前我校各项事业改革发展的关键时期，进一步贯彻落实好“三重一大”决策制度，具有极其重要的现实意义和极强的紧迫性。希望相关职能部门结合业务工作，梳理相关制度，找出存在的问题并提出建议，进一步规范和完善我校决策制度的建设工作。

会上，纪委监察室负责人介绍了对“三重一大”决策制度前期调研工作的情况和调研成果，相关部门负责人结合各自业务活动中相关决策的事项及范围、程序及办法，介绍了当前对“三重一大”决策制度的执行情况、存在的问题以及进一步加强和完善的建议，并就如何进一步推进我校“三重一大”决策制度建设工作展开讨论。

“三重一大”最早于1996年中纪委十五届六次全会提出，是指重大决策、重要干部任免、重要项目安排、大额度资金使用应经领导班子集体决定的制度。2011年4月，教育部下发了《关于进一步推进直属高校贯彻落实“三重一大”决策制度的意见》，要求将“三重一大”决策制度的贯彻落实作为规范直属高校领导班子决策行为，防范决策风险，推动直属高校科学发展，全面实施《国家中长期教育改革和发展规划纲要》的重要保障。</body></doc>