<?xml version='1.0' encoding='utf-8'?>
<doc><id>10075</id><url>http://news.nankai.edu.cn/nkyw/system/2011/06/17/000039808.shtml</url><title>人民日报社致信感谢“追寻”学子-人民日报,追寻-南开要闻</title><datetime>2011-06-17 00:00:00</datetime><body>南开新闻网讯(学生记者 武东翔)日前，为纪念中国共产党建党90周年，在青年学生中进行党史、国情、革命传统和爱国主义教育，人民日报社于5月至6月间举办了全国大型主题活动“追寻”。南开大学学生奎潮、王雪超、刘维爽、武东翔、李欣然全程参与了这一活动。

7天行程中，南开同学精神饱满，不辞劳苦，寻访红色足迹，缅怀革命先辈，展现出高昂的政治热情、过硬的综合素养、出色的协作精神和扎实的写作能力。他们在活动期间发表了博客、微博、照片和各类文章，记录下一路的所见所闻、所感所悟，真实生动，亲切感人。经人民日报、人民网编辑见报、上网后，获得了受众的广泛好评，产生了强烈的社会反响，南开大学新闻网和大学报也对他们的行程做了相关报道，在校内反响热烈。

为此，人民日报社特致信中共南开大学委员会，对5位同学的辛勤工作和良好表现提出表扬，对南开大学此次活动组织工作中给予的大力支持致以诚挚的谢意。</body></doc>