<?xml version='1.0' encoding='utf-8'?>
<doc><id>10084</id><url>http://news.nankai.edu.cn/nkyw/system/2011/06/14/000039740.shtml</url><title>学者聚南开共论国学与中国史学科建设--南开要闻</title><datetime>2011-06-14 00:00:00</datetime><body>(记者 陈鑫 摄影 任永华)6月12日，“古典学•国学•中国史一级学科建设”高峰论坛在南开大学举行。北京大学、清华大学、中国人民大学等30多所部省属院校的分管领导或历史学科负责人、学术带头人以及中国社会科学院、中国社会科学杂志社等多家研究机构、学术刊物、出版社的专家前来参会。此次论坛规格之高，盛况空前，反映了全国史学工作者对学科未来发展的深切关注。南开大学校长龚克出席论坛开幕式并讲话。

龚克向到会的学者表示欢迎。他指出，在最新一轮学科目录调整中，中国史成为一级学科，这为学科发展提出了新的要求。南开大学十分重视本次会议，希望学者们平等地进行学术交流，共同为中国史发展献计献策。在治学上，注重学术规范与求真精神。在史学人才培养上，要给予学生更大的舞台和更多的自由度，使学生同时具备深邃的目光和宽广的视野。

西北大学校长、中国思想文化研究专家方光华教授代表来宾在开幕式上发言。他认为，要从时代的角度对中国史的发展进行观察，明确国学在中国史学科中的地位。同时，在要注重研究成果的表现形式，让社会大众乃至全世界了解中国史。

教育部社会科学委员会历史学学部召集人、著名历史学家瞿林东作了题为“‘十二五’中国史学科规划”的大会报告。

近年来，随着中国经济、社会快速转型，全面发掘和充分开发本土资源，大力继承、积极弘扬优秀传统文化，为建设“文化强国”服务，已经成为一个重要的时代要求。最近一个时期，中国古典重新受到高度重视，“国学热”持续升温，正反映国家和社会对传统文化资源的广泛需求。这一形势使中国史学发展的外部环境发生了重大变化，给学科提供了新的发展机遇和拓展空间，同时也提出了新的挑战。

论坛上，学者们就“国学”的由来、形成和兴起的社会背景，“国学”学科建设，古典学、国学和现有相关学科之间的关系，学科目录调整与史学人才培养等问题各抒己见，进行了热烈讨论，提出许多建设性意见。

据悉，本次论坛受到国务院学科评议组高度重视，会议纪要将报送参考。学科评议组近期还将在南开召开会议，进一步研讨历史学科的建设及未来发展。</body></doc>