<?xml version='1.0' encoding='utf-8'?>
<doc><id>10080</id><url>http://news.nankai.edu.cn/nkyw/system/2011/06/16/000039775.shtml</url><title>校党委宣传部课题组获天津市纪念中国共产党成立90周年理论征文一等奖--南开要闻</title><datetime>2011-06-16 00:00:00</datetime><body>南开新闻网讯(记者 边文)日前，在天津市党建研究会、市委党校、市委党校教育研究会联合举办的“纪念中国共产党成立90周年”理论征文和研讨活动中，南开大学党委宣传部课题组的论文《以改革创新精神加强新时期高校党的建设》获评一等奖。 此次理论征文和研讨活动旨在隆重纪念中国共产党成立90周年，深入研究和探讨中国共产党的光辉历程和基本经验；深入研究和探讨中国共产党推进马克思主义中国化的伟大意义和重大贡献；深入研究和探讨党领导人民进行中国特色社会主义建设的重要理论和实践问题。 据了解，此次征文共收到314篇文章，经专家审议，共评出获奖论文193篇。其中，一等奖31篇，二等奖49篇，三等奖113篇。</body></doc>