<?xml version='1.0' encoding='utf-8'?>
<doc><id>10087</id><url>http://news.nankai.edu.cn/nkyw/system/2011/06/13/000039730.shtml</url><title>机关组织迎接建党九十周年红歌展演--南开要闻</title><datetime>2011-06-13 00:00:00</datetime><body>南开新闻网讯(通讯员 苏明辉 摄影 任永华)为庆祝中国共产党成立九十周年，根据《机关庆祝建党九十周年系列活动实施方案》，机关党委于6月10日下午在综合实验楼大报告厅举行“机关组织迎接建党九十周年红歌展演”，18位经机关各党支部推荐的同志先后登台，用红歌歌颂党，那款款深情，那动听的歌声，深深打动着到场的每一个人。展演现场欢声笑语，鼓掌声、加油声此起彼伏。

校纪委书记兼机关党委书记张式琪参加了展演活动，并亲自登台，演唱了一曲“革命人永远是年轻”。

展演活动最后，由张式琪、校工会毕国良老师为获奖同志颁奖。</body></doc>