<?xml version='1.0' encoding='utf-8'?>
<doc><id>10089</id><url>http://news.nankai.edu.cn/nkyw/system/2011/06/13/000039716.shtml</url><title>南开大学：录取专业不设分数级差--南开要闻</title><datetime>2011-06-13 00:00:00</datetime><body>(记者 平扬)南开大学2011年本科生招生章程公布，录取考生按照总分优先的原则，考生报考的各专业志愿之间没有分数级差。

南开大学严格执行教育部和各省、直辖市、自治区招生办公室制定的录取政策和有关规定，贯彻“德、智、体全面考核，择优录取”的原则，在考生德、体考核合格的情况下，以所填报志愿和文化考试成绩为依据，公平竞争，公正录取。该校将调档范围内的考生从高分到低分排列，从第一志愿开始，当分数未达到第一专业志愿录取线时，则看其是否达到了第二专业志愿录取分数线，依次类推直到该考生填报的最后一个专业志愿。

对于天津考生，在高考成绩相同(不含附加分)的情况下，南开大学优先录取高中学业水平考试成绩或综合素质评价结果较佳的考生；在高考成绩相同(不含附加分)的情况下，优先安排高中学业水平考试成绩或综合素质评价结果较佳考生的录取专业。在高考录取中，南开大学对高中学业水平考试成绩的使用采取金牌榜排序，即按获A的多少排序，如获A的数目相同，再看获B的数目，以此类推。如高中学业水平考试成绩相同，优先安排语文、数学和外语3个科目成绩总和高的考生。

据悉，南开大学2011年普通高考招生计划也已经确定并公布，今年仍将稳定招生规模，面向全国招收3120名普通本科生。

南开大学根据我国社会发展和经济建设需要、学校办学条件，按照“优化生源结构，促进区域均衡”的原则，适度调减在属地安排的计划比例，以往年分省招生计划数为基础，结合近年来各地生源情况和毕业生就业情况，编制2011年分省分专业招生计划。

南开大学今年在进一步优化生源结构的基础上促进生源的区域均衡，面向高等教育欠发达且生源数量相对较多、升学压力较大的中西部地区倾斜，预计将在内蒙、安徽、河南、广西等10多个省、市、自治区都增加2至4个招生计划。该校今年预计将在天津投放664个招生计划，占总招生计划的21.3%，其中文科243人，理科421人。</body></doc>