<?xml version='1.0' encoding='utf-8'?>
<doc><id>10082</id><url>http://news.nankai.edu.cn/nkyw/system/2011/06/15/000039742.shtml</url><title>中共中央编译局局长受聘南开兼职教授--南开要闻</title><datetime>2011-06-15 00:00:00</datetime><body>(记者 张轶帆 摄影 任永华)6月14日，中共中央编译局局长衣俊卿受聘为南开大学兼职教授。校党委书记薛进文会见了衣俊卿。在范孙楼举行的致聘仪式上，校长龚克向衣俊卿致送聘书并佩戴校徽，校党委副书记刘景泉介绍衣俊卿简历。党委宣传部、马克思主义教育学院、哲学院负责人和师生代表参加致聘仪式。

龚克向衣俊卿加盟南开表示欢迎。他说，衣俊卿教授长期从事马克思主义文化哲学、国外马克思主义的研究工作，学识渊博，今天他成为南开的一员，相信今后必将促进我校的人才培养和相关学科建设。

衣俊卿表示，培养出了众多杰出校友的南开大学不仅是中国名校，更是国际知名学府，能与大家交流学习感到十分高兴，今后一定加强与南开马克思主义理论研究等方面的交流，尽其所能为学校作出贡献。

致聘仪式后，衣俊卿为在座师生作了题为“20世纪世界历史风云中的马克思主义研究”的学术报告。他围绕20世纪的历史风云和马克思主义的生命力、世界马克思主义研究的历史脉络、世界社会主义实践与马克思主义研究、西方马克思主义研究的主要问题等方面问题，具体阐述了自己的研究成果。

衣俊卿从斯蒂芬•茨威格的回忆录《昨日的世界》出发，说明了20世纪是一个风云变幻的世纪。在这个风云变幻的世纪中，马克思主义从理论变为现实，推动了社会主义在实践中的巨大发展，极大地影响了资本主义的发展，与此同时，马克思主义也以其思想的丰富性和开放性成为世界思想界难以回避的强大“磁场”。

在此基础上，衣俊卿分析了世界马克思主义研究发展的四个阶段，并扼要介绍了每一阶段的主要理论流派和主要观点。他还对世界社会主义实践中各种社会主义模式如民主社会主义、欧洲共产主义、阿拉伯社会主义、非洲社会主义、拉美社会主义和亚洲一些国家的社会主义作了分析。

最后，衣俊卿着重对当前西方马克思主义研究中的六个主要问题――如何看待马克思主义、当代资本主义、社会主义、人和人道主义、科学技术发展社会后果、全球化等进行了探讨。

衣俊卿认为，虽然当代国外马克思主义流派，特别是西方马克思主义流派存在着很多的局限性，如某些批判的片面性、偏激性，甚至否定了马克思主义的一些重要观点。但是，西方马克思主义的一些合理因素如深入的文本研究和详细的资料考证、对当代资本主义进行的全方位批判、对当代重大问题的多视角研究，以及全球视野和世界眼光，对中国特色社会主义的发展有着借鉴意义。

衣俊卿，教授、博士生导师，中共中央编译局局长。1976年7月―1978年2月在黑龙江省虎林县迎春粮库青年点下乡，1982年毕业于北京大学哲学系，1987年获贝尔格莱德大学哲学博士学位。曾先后担任黑龙江大学哲学系主任，《求是学刊》主编，黑龙江大学副校长，黑龙江大学校长、党委副书记。2007年3月起任黑龙江省委宣传部部长、省社会科学界联合会党组书记，2007年4月起担任黑龙江省委常委、省委宣传部部长、省社会科学界联合会党组书记。2010年2月起担任中央编译局局长。现兼任中国现代外国哲学学会副会长、中国俄罗斯东欧中亚学会副会长、中国辩证唯物主义学会常务理事、中国人学学会常务理事、中国马克思主义哲学史学会常务理事。

长期从事马克思主义文化哲学、国外马克思主义的研究工作，主要研究领域：马克思的实践哲学、当代马克思主义、现代化进程中的日常生活批判理论。主要著作有：《实践派的探索与实践哲学的述评》、《东欧的新马克思主义》、《现代化与日常生活批评》、《历史与乌托邦》、《回归生活世界的文化哲学》、《20世纪的新马克思主义》、《20世纪的文化批判》、《文化哲学》、《现代化与文化阻滞力》等。译著：《日常生活》和《宗教与当代西方文化》。在各类学术期刊发表学术论文200多篇。</body></doc>