<?xml version='1.0' encoding='utf-8'?>
<doc><id>10085</id><url>http://news.nankai.edu.cn/nkyw/system/2011/06/14/000039737.shtml</url><title>电影《麦积山的呼唤》首映 以南开学生为原型-电影,《麦积山的呼唤》,首映,南开学生,原型-南开要闻</title><datetime>2011-06-14 00:00:00</datetime><body>(中国青年报记者 张 国)6月14日，一部反映南开大学毕业生到西部支教的电影在甘肃省兰州市举行了首映式。

电影《麦积山的呼唤》以我国西部大开发10年为背景，讲述了甘肃天水籍学生秦聪聪被南开大学录取，因家庭经济困难，在乡亲们和全国支教模范白方礼的帮助下完成学业，毕业后为了感恩社会、回报家乡，放弃高薪职业回到家乡做乡村小学教师的故事。

该片制片人兼导演李佳伦告诉记者，女主人公秦聪聪是剧组采访多位南开学生后创作出的人物。片中男一号的身份也被设定为南开大学学生。该片由影视明星李琦、胡静怡、向日葵、韩会亮、战立国、胡珂瑜等主演。剧中表现抢眼的小演员均为天水当地的小学生。

《麦积山的呼唤》由中共甘肃省委宣传部、天水市委、天津教育发展基金会、天津艾美光影文化发展有限公司联合摄制，是电影《白方礼》的姊妹篇。在此前的看片会上，一些电影界人士认为，该片主题鲜明，人物形象丰满，语言风趣幽默，是一部难得的佳作。</body></doc>