<?xml version='1.0' encoding='utf-8'?>
<doc><id>10081</id><url>http://news.nankai.edu.cn/nkyw/system/2011/06/16/000039774.shtml</url><title>学校表彰2010年优秀博士学位论文获得者-博士,学位论文,优博-南开要闻</title><datetime>2011-06-16 00:00:00</datetime><body>(记者 张 剑 摄影 任永华)6月15日下午，学校在明珠园举行2010年优秀博士学位论文表彰会。校长龚克出席大会并讲话。会议由副校长佟家栋主持。

龚克为优秀博士学位论文获奖学生和导师颁奖，并对他们表示热烈祝贺。他说，希望各位获奖学生在珍爱荣誉的同时牢记南开精神和南开品格，始终坚持创新、求实的科研理念，聚焦国家战略发展需求，加强团结协作，融入科学的大群体中，取得更加丰硕的成果。

佟家栋简要介绍了我校优秀博士学位论文的评选情况。自1999年至今，南开大学已累计获得全国优秀博士学位论文19篇、提名论文26篇，天津市优秀博士学位论文49篇，并评出校级优秀博士学位论文96篇。2010年，我校获得全国优秀博士学位论文1篇、提名论文6篇，天津市优秀博士学位论文9篇(含前7篇)，同时评出校级优秀博士学位论文21篇。

获奖学生代表、2010年全国优秀博士学位论文获得者杨俊向母校和导师的辛勤培养表示感谢。他说，我们在南开找到了人生的乐趣和事业的追求，一定会不忘恩师教导，用更大的成绩回报母校南开。获奖导师代表、南开大学商学院教授张玉利希望同学们再接再厉，争取获得更大的成绩。</body></doc>