<?xml version='1.0' encoding='utf-8'?>
<doc><id>10088</id><url>http://news.nankai.edu.cn/nkyw/system/2011/06/13/000039717.shtml</url><title>南开大学招生咨询开微博-招生-南开要闻</title><datetime>2011-06-13 00:00:00</datetime><body>南开新闻网讯(记者 平扬)记者日前了解到，为了方便广大家长及考生更迅捷、精确地了解本科生招生讯息，南开大学用微博开展咨询活动。与校园开放日、热线电话、网上咨询等多种途径相互补充。

开设在新浪、腾讯、凤凰、网易等网站上的南开大学官方微博、近日活跃在新浪网的南开大学本科招生微博，都在高考结束后，每天及时发布和更新最新招生信息，并与家长及考生开展问答互动，以便使广大考生进一步了解南开的育人环境及最新专业信息等，更好、更准确地填报志愿。</body></doc>