<?xml version='1.0' encoding='utf-8'?>
<doc><id>10086</id><url>http://news.nankai.edu.cn/nkyw/system/2011/06/14/000039731.shtml</url><title>校领导会见美国华盛本大学校长--南开要闻</title><datetime>2011-06-14 00:00:00</datetime><body>南开新闻网讯(通讯员 孙美幸 摄影 任永华)6月13日上午，美国华盛本大学校长杰瑞•法利教授(Prof. Jerry Farley)一行三人访问南开，副校长关乃佳在专家楼会见了客人，国际学术交流处负责人陪同会见。

关乃佳对法利一行的来访表示欢迎，并简要介绍了南开大学的历史及学科发展,以及新校区的建设情况。她说，南开大学非常重视与兄弟院校之间的交流合作，希望两校今后在各领域不断增进合作，促进共同发展。

法利仔细聆听了关乃佳对南开大学的介绍，他说，华盛本大学和南开大学的发展历史相似，尤其注重对学生的培养。南开的学生非常优秀，华盛本大学很愿意与南开大学扩大在学生领域的交流合作。他希望今后有更多的南开学生可以选择到华盛本大学学习。

华盛本大学始建于1865年，位于美国中部堪萨斯州特碧卡市，现有学生约7,000人，包括来自40多个国家的近200名学生。在《美国新闻与世界报道》全美公立硕士类大学排行榜中，华盛本大学被列入前40名。该校已与我校签定学生交换协议，周恩来政府学院先后派出15名学生到华盛本大学学习。</body></doc>