<?xml version='1.0' encoding='utf-8'?>
<doc><id>10083</id><url>http://news.nankai.edu.cn/nkyw/system/2011/06/15/000039741.shtml</url><title>十名优秀学子获评南开“闪亮之星”--南开要闻</title><datetime>2011-06-15 00:00:00</datetime><body>(记者 平扬 摄影 陈晨)6月14日，南开大学2011届优秀本科毕业生暨第二届“闪亮之星”表彰会在学生活动中心举行，校党委副书记刘景泉出席并讲话，党委学工部及各学院分管学生工作负责人参加会议。

学校大力推进学生思想政治教育工作，一大批事迹感人、精神可嘉的优秀学生和先进班集体不断涌现，充分展示了青年学子积极向上的精神风貌和富于社会责任感的思想品质。为大力表彰和宣传这些优秀学生和先进班集体的突出事迹，积极营造学习先进的浓厚氛围，学校授予文学院2007级广播电视新闻学专业王琪等121名本科生“南开大学优秀毕业生”荣誉称号。与此同时，学校还开展了2011年“闪亮之星”评选工作，本着公平、公开、公正的原则，经申请提名、学院初评、申报材料审核和现场展示等程序，环境科学与工程学院环境科学专业2008级本科生李力等10名学生最终获评“闪亮之星”。

刘景泉勉励学子珍惜荣誉，不骄不躁，再接再厉，继续保持良好的精神面貌，在今后的学习和工作中再创佳绩。他说，大家无论是即将走上工作岗位，还是仍在勤奋求学，都要时刻牢记党和人民的殷切期望，努力践行“公能”校训，坚持南开道路，发扬南开品格，光大南开精神。要常怀报国心，努力学习，锻炼自己，掌握本领，奉献社会。要培养创新精神，坚持向实践学习，向人民群众学习，善于接受新事物，努力成为新事物的创始者，始终走在时代的前列。要始终保持南开人质朴无华、求真务实的精神品格，自强不息、务实肯干，激励自己实现人生理想。

荣获“闪亮之星”称号的李力同学感慨良深：“荣誉总会触动我们的内心，给予我们继续前进的动力。抱定不自满的信念而继续努力，这才是人生航道上的绝对法则。”

优秀毕业生代表王琪誓言质朴：“还有短短半个月的时间，我们就要毕业了，我们中的一部分同学会留在校园，继续攻读硕士研究生学位，而选择就业的同学就要离开郁郁葱葱的校园走入社会，迈入崭新的人生阶段了，但不论我们身在哪里，南开的气质和精神都会时刻指引我们前行。”

获奖学生代表还现场朗诵原创诗歌《让青春闪耀》，表达心中激情。</body></doc>