<?xml version='1.0' encoding='utf-8'?>
<doc><id>10099</id><url>http://news.nankai.edu.cn/nkyw/system/2011/06/09/000039639.shtml</url><title>土耳其驻华大使访问南开--南开要闻</title><datetime>2011-06-09 00:00:00</datetime><body>(通讯员 孙美幸 摄影 任永华)6月8日下午，校长龚克在办公楼会见了来访的土耳其驻华大使穆拉特•萨利姆•埃森利一行。副校长关乃佳、国际学术交流处及周恩来政府学院相关负责人陪同会见。正在我校就读的两名土耳其留学生代表也参加了会见。

龚克对埃森利的到来表示热烈欢迎。他首先介绍了南开教育事业发展及近年来的国际交流情况。他说，南开大学与各国间的交流互动非常频繁，特别是高校互访留学生人数很多。南开大学十分重视与土耳其之间的合作，希望能得到使馆的大力支持，让更多的土耳其青年了解南开、了解中国。

埃森利感谢龚克的热情接待，并表示一定会积极推动土耳其院校与南开大学的合作。他说，访问南开之前，他认真了解了南开的历史和发展现状，他十分钦佩为中国外交事业作出重大贡献的南开杰出校友周恩来总理。他指出，在国与国之间关系的发展中，青年人起到了至关重要的作用。今年是中土建交40周年，希望两国有更多的年轻人通过南开大学搭建的平台互相了解，建立友谊。

又讯（通讯员 高翔）当天下午，埃森利受聘为南开大学周恩来政府管理学院特邀教授，周恩来政府管理学院副院长常健教授主持致聘仪式并向埃森利致送聘书。

致聘仪式结束后，埃森利在省身楼为我校师生作题为“中土关系40年”的演讲。他从公元前的中土邻邦关系讲起，从经济社会发展等诸多方面对中国和土耳其进行了对比，对中国和土耳其的未来发展表示了坚定的信心。埃森利还为师生们悉心准备了有关土耳其人文地理的精彩视频，形象生动地展示了土耳其的悠久历史和现代风貌。

演讲结束后，同学们就中土关系、土耳其在欧洲的地位、中东局势等问题与埃森利进行了深入的互动交流。</body></doc>