<?xml version='1.0' encoding='utf-8'?>
<doc><id>10093</id><url>http://news.nankai.edu.cn/nkyw/system/2011/06/12/000039681.shtml</url><title>南开大学千名新党员宣誓入党-新党员,宣誓,入党,建党90周年-南开要闻</title><datetime>2011-06-12 00:00:00</datetime><body>(记者 张 丽 摄影 陈 晨)“我志愿加入中国共产党，拥护党的纲领，遵守党的章程，履行党员义务……”6月11日，铿锵有力的入党誓言响彻南开园。南开大学1130名新党员站在周恩来总理像前，面向鲜红的党旗，庄严宣誓，以为党的事业奋斗终身的决心迎接中国共产党90岁生日。校党委副书记杨庆山出席新党员宣誓大会并讲话，大会由校党委组织部负责人主持。

杨庆山代表校党委向新党员们表示祝贺。他说，中国共产党已经走过了90年不平凡的历程，这是我们党为实现民族独立、人民解放、国家富强不懈奋斗的90年，是我们党经受住各种风浪考验、不断发展壮大、开创各项事业新局面的90年。希望新党员能够加强学习，坚定信念，不断提高思想政治水平和综合素质；求真务实，开拓进取，自觉贯彻胡锦涛总书记在清华大学建校100周年大会上的重要讲话精神；立足本岗，创先争优，充分发挥共产党员的先锋模范作用。

新党员代表、哲学院教师陈建洪怀着激动的心情说：“今天，我们在这里庄严宣誓，光荣地加入党组织，这是我们人生中又一个新的起点。我们将自觉加强理论学习和师德建设，积极参与教学改革和社会实践，忠诚党的教育事业，履行教师的神圣职责，为高等教育和学校事业的科学发展，作出自己应有的、更大的贡献。”

化学学院2009级本科生王超说：“党员，不仅仅是一种身份和称号，更意味着一份神圣的责任和使命。作为新时期的学生党员，我们最好的宣言就是利用自己的所学更好地服务人民、回报社会。”</body></doc>