<?xml version='1.0' encoding='utf-8'?>
<doc><id>10090</id><url>http://news.nankai.edu.cn/nkyw/system/2011/06/12/000039685.shtml</url><title>海内外学者研讨“美国族裔与社会文化” --南开要闻</title><datetime>2011-06-12 00:00:00</datetime><body>（记者 陈鑫 摄影 任永华）6月10日，“美国族裔与社会文化”国际学术研讨会在南开大学举行。来自国内外的90多位学者参加会议，南开大学副校长佟家栋、历史学院负责人出席。本次活动由南开大学世界近现代史研究中心、美国历史与文化研究中心主办。

参加研讨会的除了在该领域研究中一直保持优势的欧美学者外，还有多位来自拉美、亚洲、非洲的学者。他们的论文代表了世界不同区域美国研究的最新成果。

本次会议以“美国族裔与社会文化”为主题，学者们围绕种族、文化等一系列问题展开讨论。会议共收到《美国华侨华人与中国软实力关系讨论》、《从奥巴马现象看美国社会种族融合问题》、《从2010年美国人口普查数据看当前美国种族关系现状》、《“生态的印第安人”假说辨析》等近50篇论文，研究的内容既包括历史问题，又包括现实问题，并涵盖了美国各个族裔群体的研究。

美国历史与文化研究中心负责人介绍说，美国是一个多种族的国家，同时也是一个主要由移民组成的国家，深入探讨各民族、各种族在美国历史发展进程中的作用，考察美国历史和当代的种族关系，进而揭示美国社会文化的复杂性，对于我们更好地认识和了解当代美国社会大有裨益。

南开大学美国研究的开创者为著名历史学家杨生茂先生。1964年成立的美国史研究室，是中国高校中最早的外国史专门研究机构，其后发展为美国历史与文化研究中心。多年来，南开美国史研究形成了自己的优势和特色，主要研究美国外交史、美国政治制度史、美国经济史、美国社会运动史、美国劳工史和种族关系史，并建立了一个比较完整的研究生课程体系。近年，南开多次举办美国研究的国际会议，为国内外学者交流研究成果搭建了重要平台。

</body></doc>