<?xml version='1.0' encoding='utf-8'?>
<doc><id>10094</id><url>http://news.nankai.edu.cn/nkdxb/system/2011/06/12/000039678.shtml</url><title>【1129期】高端智库 服务社会发展--南开大学报</title><datetime>2011-06-12 00:00:00</datetime><body>本报记者 张轶帆

第七次党代会以来，学校始终把大学的价值放在国家和社会需要的大背景中考量，把科研的取向放在服务价值的标尺中度量，秉承“公能”校训，发挥“智库”作用，立足天津，服务全国，面向世界，将“为公”的理念转化为“知中国、服务中国”的一项项成果。

8年来，在国家构建环境友好型、资源节约型社会，实现可持续发展的大战略中，南开的科研力量正在持续发力。学校设立了科技创新专项基金，陆续颁布了《南开大学科技经费管理和使用暂行办法》、《南开大学优秀成果、科技论文、专利及科研管理奖励条例》、《南开大学保护知识产权的规定(试行)》、《南开大学专利基金管理办法》等一系列文件。在规章和制度的保障下，我校科研工作服务社会的水平得到了进一步提升：开发出我国第一个具有自主知识产权的超高效、安全的旱田除草剂“单嘧磺隆”；在世界上首次完成一株高温采油菌的全基因组破译和长链烷烃降解途径的鉴定；非晶硅/微晶硅叠层太阳电池关键技术，成果转化金额达人民币4000余万元……8年来，我校共申请专利1521项，其中发明专利1396项，实用新型125项；取得专利授权586项，其中发明专利491项，实用新型95项。2003年专利和知识产权管理办公室成立以来，专利申请量持续增长，目前已达到每年200多项。

在人文社科领域，南开同样身手不凡。2003年以来，我校人文社会科学研究发展形势喜人，承担课题数量、实际入校科研经费、研究成果数量及质量均呈现良好的发展势头。

我校师生通过多种形式为在天津举行的夏季达沃斯论坛贡献智慧与力量；南开教授参与编写的天津首部全方位反映民营经济发展状况的专著《天津市民营经济发展报告(2008-2009)》(蓝皮书)、《天津市民营经济发展环境报告(2009)》(白皮书)出版；我校与海南大学联合成立的“海南国际旅游岛发展研究院”，成为海南国际旅游岛发展的政府智库、业界智囊、学术高地和人才培养基地；发布经济景气指数、寿险指数、中国上市公司治理指数等多项经济指数与统计数据。

近年来，我校始终将服务社会作为人文科研主攻方向，陆续完成了“绿色农产品封闭供应链技术集成及产业化示范”、“深化收入分配制度改革与增加城乡居民收入研究”、“互利共赢的开放战略研究”等重大项目和课题，平均每年为有关部门提交高质量咨询报告逾百篇。

我校与政府有关部门以及APEC中国企业联席会议合作成立的APEC研究院，是中国专门从事APEC问题研究的国际性学术研究机构。自建院以来，以课题研究为纽带，组织全国范围内的科研人员深入开展有关APEC问题的对策研究，被外交部誉为“高校社科研究与国家决策相结合的一个典范”。经济与社会发展研究院、跨国公司研究中心等一批研究机构群策群力，发挥精英聚集效应，开拓着人文社科领域发展的新空间。

随着滨海新区成为中国经济增长第三极并上升为国家战略，我校集中学科和人才优势为滨海新区加快发展提供智力支持。2008年，学校组建“服务滨海新区建设工作推动领导小组”，出台了《关于进一步加强服务滨海新区建设工作的意见》，初步形成全方位服务滨海新区建设的局面。中共中央政治局委员、天津市委书记张高丽在学校呈送的信息专报上作出重要批示：“衷心感谢南开大学卓有成效的工作，要充分利用南大的资源人才优势，优质高效服务滨海新区，取得实际成效，为经济社会又好又快发展作出新的贡献。”

学校成立滨海开发研究院，围绕新区建设乃至环渤海区域发展的重大问题，开展前瞻性、战略性、全局性的研究。“滨海新区综合改革试验区总体改革方案设计”、“天津滨海新区战略规划研究”等课题已经完成；成立中美环境修复与可持续发展中心，着眼促进滨海新区可持续发展；成立东北亚金融合作研究中心，为今后在天津建立东北亚银行提供理论咨询和对策支持；选派了49名优秀中青年教师、干部赴滨海新区挂职服务。</body></doc>