<?xml version='1.0' encoding='utf-8'?>
<doc><id>10097</id><url>http://news.nankai.edu.cn/nkyw/system/2011/06/10/000039655.shtml</url><title>教育部副部长杜占元来校调研-教育部,副部长,杜占元,调研-南开要闻</title><datetime>2011-06-10 00:00:00</datetime><body>(记者 张 剑 张轶帆 摄影 陈 晨)6月9日，教育部副部长杜占元来津考察研究生培养机制改革试点工作。国务院学位委员会办公室副主任郭新立、梁国雄等陪同考察。

9日上午，教育部研究生培养机制改革试点工作天津调研会在南开大学省身楼召开。天津市教委主任靳润成、副主任林炎生，南开大学党委书记薛进文，校长龚克，副校长佟家栋、关乃佳，以及天津大学、天津医科大学、天津师范大学、天津工业大学、天津理工大学和中国民航大学等高校的负责人参加会议。

会上，佟家栋简要汇报了南开大学近年来开展研究生培养机制改革工作的情况。南开大学自1928年开始招收研究生，2011年全校在学研究生达15494人。近年来，学校不断探索研究生培养的新思路，在学术性硕士研究生中设立分类培养模式，先后确立了博士生淘汰、论文双盲评审和雷同率测试等机制，逐步建立了学校、学科、导师相互支撑的研究生培养体系。

天津大学、天津医科大学、天津师范大学、天津工业大学、天津理工大学和中国民航大学等高校的负责人，分别汇报了各校研究生培养工作的情况。中国科学院院士、南开大学教授龙以明等学科带头人围绕研究生培养机制改革工作中存在的问题提出了意见和建议。

杜占元认真听取了天津各高校的汇报，对南开大学等高校在研究生培养机制改革方面取得的成绩给予高度评价。他希望各高校认真学习贯彻胡锦涛总书记在庆祝清华大学建校100周年大会上的讲话精神，深入落实国家中长期教育改革和发展规划纲要，切实加强科教结合和机制创新，在研究生培养机制改革方面取得更大成绩。

杜占元在讲话中指出，各高校在研究生教育工作中要注重以下几点：一是要树立科学的质量观，在数量和结构等方面满足社会需求；二是做好科教结合，以高水平科研支撑高水平教育，增强大学服务社会的功能；三是加强研究生培养机制创新，平台建设、团队建设、重大项目建设要与研究生培养机制创新挂钩；四是要更好地与实践相结合，强化“实践育人”的理念，加大科研成果转化力度；五是注重文化的传承与创新，重视学术道德和学风建设，培养具有“立德、立功、立言”品质的研究生。

调研会后，杜占元一行考察了南开大学高分子化学研究所、陈省身数学研究所、经济实验教学中心，参观了文科创新楼的人文社会科学创新成果展。每到一处，他都认真听取相关负责人的汇报，并与师生就如何提高教育质量、加强学科建设、突出办学特色，更好地为经济社会发展服务等问题进行深入交流。</body></doc>