<?xml version='1.0' encoding='utf-8'?>
<doc><id>10098</id><url>http://news.nankai.edu.cn/nkyw/system/2011/06/10/000039654.shtml</url><title>本月24日南开大学开放校园开展高考招生咨询-招生-南开要闻</title><datetime>2011-06-10 00:00:00</datetime><body>南开新闻网讯(记者 平 扬)2011年高考刚刚结束，如何有效填报志愿备受考生及家长关注。南开大学将于6月24日在八里台主校区举办校园开放日暨高考招生咨询会，邀请全国50余所重点大学一同开展招生宣传和咨询。

今年的校园开放日暨高考招生咨询会定于6月24日上午8：30至下午13：00，针对今年出现的新变化，力求使广大考生进一步了解南开大学的育人环境、最新专业信息，从而更好、更准确地填报志愿。

届时，南开大学21个招收本科生的学院在新开湖附近现场设立咨询点，为家长及考生提供咨询及服务。考生家长可以方便地了解到学科及课程设置情况、师资力量、历年录取情况、相关专业的就业前景等。

与此同时，为了更大限度方便考生及家长，提高效率，资源共享，南开大学还与天津大学联合邀请了清华大学、北京大学、中国人民大学、复旦大学、南京大学、上海交通大学、浙江大学、哈尔滨工业大学等50余所全国著名大学，同一时间在两校之间的大学道开展招生宣传和咨询。</body></doc>