<?xml version='1.0' encoding='utf-8'?>
<doc><id>10091</id><url>http://news.nankai.edu.cn/nkyw/system/2011/06/20/000039875.shtml</url><title>多国学者赴津参加中国语言学界最大规模盛会--南开要闻</title><datetime>2011-06-20 00:00:00</datetime><body>国际中国语言学学会第十九届年会在南开大学举行

（记者 张轶帆 摄影报道）6月11日，由南开大学和天津市语言学会联合主办的国际中国语言学学会第19届年会(IACL-19)在南开大学拉开帷幕，来自日本、韩国、新加坡、马来西亚、澳大利亚、美国、加拿大、英国、法国、德国、意大利、匈牙利、荷兰，以及中国大陆、中国香港、中国台湾、中国澳门等17个国家和地区的300余位从事中国语言学研究的专家、学者齐聚南开，共襄盛举。

国际中国语言学学会成立于1991年，在国际学术界具有极大的影响力，一年一度的年会是此领域世界范围内最大规模的盛会，分别由亚洲、欧洲、美洲的知名高校和研究机构在三大洲轮流主办，主办权争夺异常激烈，年会申办单位必须提前两到三年提出申请，经学会理事对提出申请的所有单位进行讨论后，根据理事的投票表决结果来决定主办单位。包括本届年会在内，中国大陆仅获得三次主办机会，其中两次都由南开大学得到，十分难得且意义深远。

南开大学党委书记薛进文向与会的专家学者表示欢迎。他说，作为一所有着悠久历史和深厚文化积淀的大学，南开大学一直是中国语言学研究的重镇之一，早年有邢公畹、马汉麟、张清常等先驱学者在汉藏语言学、汉语语法学、汉语音韵学等方面奠定了坚实的基础，现任的老师们继承发展了南开的传统优势，并进行了积极的探索和创新，希望来自海内外的朋友们对南开的发展不吝赐教，共同推动中国语言学的发展。

“我们欣喜地看到，本次会议上，大家围绕语言类型学、语言共性特点、方言研究手段的更新等多个新主题开展了形式多样的研究，这将使语言的核心本体结构、语言结构和大脑、语言习得等领域的研究更加深入。”国际中国语言学学会现任会长李行德向记者介绍说。

国际中国语言学学会执行秘书长、美国威斯康辛大学教授、南开大学陈省身讲席教授张洪明对南开大学在中国语言学领域的研究地位和水平给予了充分肯定：“南开大学不仅语言学研究队伍传承有自、梯队整齐，并始终保持着和海外学界的密切交流与合作，这也正是学会能够两次选择南开作为年会主办方的原因之一。”

本届年会共收到441位学者提交的论文提要407篇，经过专家匿名评审，最终确定参会论文共345篇。论文内容涉及汉语语法、方言、音韵、实验语音、古代汉语、少数民族语言、音系学、语言习得、语言接触、语言比较、社会语言学、文化语言学等众多领域。会议还邀请来自美国哈佛大学的黄正德、中国北京大学的陆俭明、法国高等社会科学院的贝罗贝等多位国内外汉语研究领域的专家、学者作主题演讲。

本届年会循例设立“青年学者奖”、“桥本万太郎汉语历史音韵学”及“跨学科研究奖”三个奖项，奖励在相关领域取得突出成果的学者。

本次会议为期3天，在12日的会员大会上，将宣布国际中国语言学学会下一届年会的举行时间、地点及主办方等。</body></doc>