<?xml version='1.0' encoding='utf-8'?>
<doc><id>10092</id><url>http://news.nankai.edu.cn/nkyw/system/2011/06/12/000039682.shtml</url><title>诺贝尔化学奖得主阿达・尤纳斯访问南开大学-诺贝尔,化学奖,阿达・尤纳斯,访问-南开要闻</title><datetime>2011-06-12 00:00:00</datetime><body>(记者 张 丽 摄影 任永华)6月11日，诺贝尔化学奖得主、以色列魏茨曼研究所结构生物学家阿达・尤纳斯(Ada Yonath)应邀访问南开大学。校长龚克、副校长许京军在办公楼会见了客人。南开大学药物化学生物学国家重点实验室相关负责人陪同会见。

龚克对阿达・尤纳斯的来访表示欢迎，并简要介绍了南开大学的历史、发展现状和新近批准成立的药物化学生物学国家重点实验室的建设情况。他说，作为学校的支柱学科，南开的化学学科实力很强，希望阿达・尤纳斯教授能够经常来南开讲学，增强双方的合作与交流。

阿达・尤纳斯表示，南开大学依托化学、生命科学、药学、医学等传统优势学科建设的药物化学生物学这一新兴交叉学科，势必将成为未来生物医药产业的基础之一，相关方面的研究将为疾病预防、早期诊断、新药开发提供创新性的理论指导和研发途径，并将引领相关前沿基础研究的新突破。

当天下午，阿达・尤纳斯在综合实验楼报告厅为南开师生带来了一场题为“从基础研究到抗生素的发现――核糖体研究”的精彩报告。她讲到，核糖体是细胞内将遗传密码翻译成蛋白质的重要机器。它可以将解码、肽键形成、新生蛋白质的延长完美地融为一体、顺序进行。鉴于其重要性，核糖体经常是一些抗生素的靶标，通过结合到核糖体的功能位点，抗生素能够使核糖体功能丧失。通过研究核糖体和抗生素复合物的晶体结构，可以解析抗生素结合的模式、抑制活性以及协同作用途径等结构信息。报告之后，阿达・尤纳斯就师生感兴趣的问题一一作了详尽的解答。

阿达・尤纳斯是世界著名化学家、生物学家。1939年出生于以色列耶路撒冷，1962年和1964年从以色列耶路撒冷希伯莱大学分别获得化学学士学位和生物化学硕士学位。1968年，在以色列瑞霍旺特・魏茨曼科学研究所获得博士学位，主攻方向是射线晶体学。其后又分别于1969年和1970年在卡耐基梅隆大学和麻省理工学院从事博士后研究。1970年回到以色列魏茨曼研究所，建立了以色列第一个生物结晶实验室。1989至1994年，任以色列魏茨曼研究所结构生物系主任；1986至2004年，任德国汉堡马克斯・普朗克研究所所长。现为美国国家科学院、美国艺术与科学学院、以色列科学与人类学学院、欧洲科学与艺术学院院士，以及欧洲分子生物学协会、国际微生物学会委员。

阿达・尤纳斯的研究方向是通过结构生物学研究核糖体的结构与功能，以及作用于核糖体的抗生素的作用机制。她是核糖体晶体结构研究的第一人，于1980年首次得到了核糖体的晶体，并于2000年与托马斯・施泰茨和万卡特拉曼・莱马克里斯南同时报道了核糖体的高分辨率晶体结构。因在核糖体研究领域的斐然成就，她先后获得2000年欧洲晶体学奖，2002年以色列化学奖，2006年沃尔夫化学奖，2008年联合国教科文组织“世界杰出女科学家成就奖”。2009年，诺贝尔化学奖被授予阿达・尤纳斯与托马斯・施泰茨和万卡特拉曼・莱马克里斯南3人，以表彰他们在核糖体结构与功能研究方面的杰出贡献。阿达・尤纳斯是第四位获得诺贝尔化学奖殊荣的女科学家。</body></doc>