<?xml version='1.0' encoding='utf-8'?>
<doc><id>10102</id><url>http://news.nankai.edu.cn/nkyw/system/2011/06/09/000039613.shtml</url><title>国内首部系统析述日本大地震的学术性著作出版--南开要闻</title><datetime>2011-06-09 00:00:00</datetime><body>(记者 陈晨 摄影报道)近日，由南开大学日本研究院副教授张玉来等七名学者共同撰写的《黑色3•11――日本大地震与危机应对》由中国财政经济出版社正式出版。这也是国内首部系统析述3•11日本大地震的学术性著作。

2011年3月11日，一场规模空前的特大灾难袭击了日本：史无前例的大地震、创下纪录的大海啸、以及随之而来的核泄漏事故，三重复合灾难降临日本列岛。在全世界都在关注3•11日本发展形势之际，凭借自身的学术研究优势，南开大学日本研究院组织了七位年轻学者携手撰写关于这场大地震以及其对日本社会生活深刻影响的著作，他们是经济研究部的张玉来、刘轩、郑蔚，政治与外交研究部的乔林生、尹晓亮，历史与文化研究部的温娟、张博。这部著作从筹划设计到出版发行仅用了两个月时间，实现了第一时间为世人解读日本到底陷入怎样“战后以来最大危机”的目标。

全书共分为四大部分，即政府对策与行动、公众灾害文化、经济与灾害、核安全与能源战略。论述过程中又聚焦于八大核心问题，即此次大地震对于日本政坛、日本防灾应急体系、日本财政、“日本制造”、全球产业，以及大地震引发的核危机对于日本农业粮食、日本能源战略等层面的影响。

南开大学日本研究院张玉来副教授向记者介绍说，在本书的写作过程中，作者们围绕一些重大问题，提出了诸多新的观点。如：此次大地震对于民主党政权宛如“政治神风”，但民主党能否“长治久安”还有很多变数；堪称世界最先进的防灾应急体系却在此次考验中暴露出一些问题；面对前所未有的巨大天灾，日本国民性体现的既有淡定，更有无奈一面；满目疮痍之下日本各产业受创却大相迥异，“日本制造”能否东山再起的最大不确定性来源于核危机的影响；全球产业链的中断，既反映了日本国际化的深度，同时也表明了其深层竞争力，而福岛核危机或将改写人类能源的发展历史；日本的“农业开国”或因此次巨灾而夭折，“传闻受害”导致日本农业与食品安全陷入困境；伴随着日本“核安全神话”的破灭，日本将被迫调整能源战略，这还将关联到其环保及经济发展路径。

中国社会科学院日本研究所研究员、副所长高洪说，这部比较系统的介绍和分析这次日本大地震的著作，把学术研究和服务社会结合起来，面向大众，具有很强的可读性，体现了年轻学者的新思路、新面貌，值得肯定和提倡。书中不仅向读者介绍了许多不为一般大众所了解的信息，而且对这次大地震对日本政治、经济、文化以及整个社会的影响做了很有见地的分析。这是一部介绍和研究日本大地震的佳作，既有现实意义，又有学术价值。</body></doc>