<?xml version='1.0' encoding='utf-8'?>
<doc><id>10100</id><url>http://news.nankai.edu.cn/nkyw/system/2011/06/09/000039638.shtml</url><title>南开教授来新夏米寿之年出巨著--南开要闻</title><datetime>2011-06-09 00:00:00</datetime><body>凝聚70年研究心得 获学界盛誉

(记者 陈鑫 摄影 李振涛)6月8日，著名历史学家、南开大学教授来新夏先生迎来了自己88岁生日，与此同时，他的新书《书目答问汇补》在北京举行发布会暨学术研讨会。学界通过这样的方式，向他表示庆祝。刘梦溪、冯尔康、王汝丰等著名学者、全国高等院校古籍整理研究工作委员会负责人及新书出版方中华书局的领导、编辑出席了此次研讨会。

在学术界，来新夏先生是一位高产作家。多年来，他始终笔耕不辍，出版学术著作《近三百年人物年谱见知录》、《中国近代史述丛》、《林则徐年谱新编》、《中国地方志》、《志域探步》、《古典目录学》、《古籍整理散论》、《中国古代图书事业史》、《书文化的传承》、《北洋军阀史》等近20种。近些年，来新夏先生的影响更是超出了他的专业领域，出版有超过二百万字的文史随笔、散文选集，包括《冷眼热心》、《路与书》、《依然集》、《枫林唱晚》、《学不厌集》、《出枥集》、《一苇争流》、《邃谷谈往》、《来新夏书话》、《且去填词》、《谈史说戏》、《80后》、《交融集》等十多部。

本次出版的《书目答问汇补》凝结了来新夏先生近70年的研究成果，可谓汇集毕生功力。《书目答问》是清代名臣张之洞编撰的一部治学参考书目录，具有非常高的学术价值，在学界被作为治中国古典学术的必读书。不过由于内容比较简略，后代不断有学者对其进行增补。这些增补大多都没有出版，或流通不广，一般人很难见到。来新夏先生从上世纪40年代在辅仁大学读书的时候，就在目录学大师余嘉锡的指点下研究《书目答问》。在开展自己研究的同时，他还十分注重收集前人的成果。上世纪60年代以来，来新夏先生开始为《书目答问》作汇补，汇集各家研究成果，包括一些名家珍贵的孤本、善本资料，历经多年，终于正式出版。

著名学者刘梦溪先生说：“《书目答问汇补》绝不是简单的资料书。它是作者的的研究成果，并将相关资料几乎一网打尽，搜罗齐全。同时这部书也反映了来先生治学的心路历程。这部著作是这个研究领域的高峰。”

此次新书发布恰逢来新夏先生88岁寿诞之日，古人称为“米寿”。“来新夏先生非常低调，活动筹备中并没有向我们透露这个消息。直到我们接他来北京办理住宿时，才从身份证上发现。没想到，如此巧合。我们正好通过这个发布会、研讨会为他祝寿。”中华书局负责人说。

来新夏表示：“这部书的文稿‘文革’中曾被抄没，当时心灰意冷。没想到后来，文稿奇迹般地被人从废纸堆中发现，物归原主。当时的感觉就像再次见到失散多年的孩子。我生前能看到这书的出版，人生之最大幸福也。”他表示，虽然自己已年近九旬，但春蚕之心不死，有生之年，将继续进行研究、写作，誓不挂笔。

在本次会议上发布的还有来新夏先生近期出版的另一部新书《近三百年人物年谱知见录》（增订本）。</body></doc>