<?xml version='1.0' encoding='utf-8'?>
<doc><id>10107</id><url>http://news.nankai.edu.cn/nkyw/system/2011/06/05/000039568.shtml</url><title>“红歌嘹亮・青春飞扬”学生歌咏比赛举行--南开要闻</title><datetime>2011-06-05 00:00:00</datetime><body>(通讯员 何志慧 摄影 任永华)6月3日，“红歌嘹亮・青春飞扬”2011年南开大学“五月的鲜花”合唱比赛在田家炳音乐厅隆重举行，该活动由学校团委、学生会联合艺术教育指导中心共同举办。南开大学校长龚克、校党委副书记刘景泉与同学们一同观看了比赛。全校19个专业学院组成的18支代表队为大家带来了精彩的合唱展示，《没有共产党就没有新中国》、《爱我中华》、《我的中国心》等经典爱国主义旋律在南开园响起，寄托了同学们对伟大的中国共产党的深深祝福。

比赛前，播放了《青春飞扬》视频短片，重现了两个月来由全校各学院共同参与的“党在我心中”群众性系列红歌会激情澎湃的场景，也回顾了各参赛队认真投入的排练历程。

每支合唱队都精心准备了两首参赛曲目，一首是《光荣啊，中国共青团》，一首是自选红色曲目，比赛现场随机抽取了三个学院演唱团歌和自选曲目，其余学院演唱自选曲目。各参赛队在演唱的同时配以器乐伴奏、舞蹈表演、诗歌朗诵等形式，使整场比赛气氛热烈、高潮迭起，以高水平的文化活动充分展现了南开高雅的校园文化氛围和南开学子健康向上的良好风貌。

比赛最后，在学校团委举办的“永远跟党走”全民演讲比赛中脱颖而出的选手还为大家带来了精彩的主题演讲，将同学们对党的热爱之情表达得淋漓尽致。

最终经过激烈角逐，经济学院合唱队、商学院合唱队、信息技术科学学院合唱队获得一等奖，环境科学与工程学院合唱队、滨海学院合唱队、文学院合唱队、医学院合唱队获得二等奖，化学学院合唱队、外国语学院合唱队、生命科学学院合唱队、周恩来政府管理学院合唱队、软件学院合唱队获得三等奖，汉语言文化学院与马克思主义教育学院联队等六支合唱队获得优秀奖。

本次合唱比赛是学校共青团纪念建党九十周年系列活动之一，旨在以红歌大家唱的形式，进一步深化同学们的爱党爱国情感。为了扩大活动的参与度，增强活动的影响力，在比赛前的两个月中，连续举办了多场同学们自由参与的群众性红歌会，在红歌会中表现出色的演唱团队参加了比赛。</body></doc>