<?xml version='1.0' encoding='utf-8'?>
<doc><id>10103</id><url>http://news.nankai.edu.cn/nkyw/system/2011/06/08/000039596.shtml</url><title>南开东艺系毕业作品展刮起“中国风”--南开要闻</title><datetime>2011-06-08 00:00:00</datetime><body>(记者 张轶帆 摄影 任永华)写意花鸟、山水写生、墨荷系列……6月7日，在东方艺术大楼永明馆举行的东方艺术系2011届本硕毕业作品联展上，浓浓的中国美跃然作品之上，吸引了众多师生驻足参观。

南开大学常务副校长陈洪，文学院、东方艺术系、艺术设计系有关负责人和师生代表参加了开幕式。

陈洪在开幕词中对毕业生作品给予了高度评价，并向指导教师的辛勤工作表示感谢。他鼓励同学们继续努力，在扎实功底与探索创新的张力中寻找平衡，在艺术道路上立下高远之志，创造出更多的优秀作品，发扬光大民族艺术。

此次展览共展出了东方艺术系13名本科和硕士毕业生的近百幅作品，首次参展的综合材料方向毕业生的实物作品成为了新亮点。这些毕业作品充分吸收了中国传统艺术的精髓，并融入了当下现实题材，内蕴极为丰富。在风格上，或高亢明朗，或含蓄恬淡，展现了学生们娴熟的绘画技巧和个性鲜明的创作特色。

“如果让我选择，我会再次选择东艺这个大集体。”“感谢青春留给我们的故事，属于我们的记忆永不褪色。”“即便到了要说再见的时候，我们也要心连心永远在一起。”“踏实做人，踏实做事。”展览现场，同学们在留言卡片上写下了自己的毕业感言，对母校的眷恋、对师恩的感激之情跃然纸上。

东方艺术系建于1988年，1991年正式面向全国招生，本科专业为“绘画(中国画)”。现有教师12人，其中博士生导师1人，教授5人，副教授7人，拥有多名有较高艺术造诣和知名度的美术家。人物、山水、花鸟，白描、写意、工笔，品类齐整，技法全面，尤以全面继承和发展中国古典绘画的优秀传统，开创具有人文关怀和现实精神的新的艺术境界为宗旨，体现了综合性大学中艺术系科的鲜明特色。</body></doc>