<?xml version='1.0' encoding='utf-8'?>
<doc><id>10101</id><url>http://news.nankai.edu.cn/nkyw/system/2011/06/09/000039637.shtml</url><title>南开大学天津大学新校区建设工作会议举行--南开要闻</title><datetime>2011-06-09 00:00:00</datetime><body>(记者 张丽 摄影 陈晨)6月8日，南开大学、天津大学新校区建设工作会议在我校明珠园会议室举行。天津市委常委、市委教育工委书记苟利军主持会议并讲话。教育部发展规划司副司长张泰青，天津市教委主任靳润成、副巡视员邢立华，南开大学党委书记薛进文，校长龚克，副校长佟家栋，校党委常委、校长助理、总会计师孙广平，天津大学党委书记刘建平，校长李家俊出席。教育部发展规划司、财务司、南开大学、天津大学相关部门负责人参加会议。

苟利军在讲话中说，南开大学和天津大学历史悠久、办学基础扎实，正在努力向着建设世界一流大学的目标迈进。新校区建设为两校提供了一次难得的历史性发展机遇。胡锦涛总书记来天津考察时，亲切询问了两校新校区规划建设情况，对天津市、教育部共建两校新校区工作给予了充分肯定，体现了党中央对两校发展的高度重视和亲切关怀。天津市将按照胡锦涛总书记重要讲话精神和教育改革发展规划纲要的要求，遵循校区、园区、社区联动发展的整体思路，从政策、资金等方面大力支持两校新校区建设，更好地发挥两校人才培养、科学研究、服务社会的重要作用。

张泰青感谢天津市长期以来对南开大学、天津大学发展的大力支持。希望两校尽快就新校区建设的资金安排、项目进度和办学机制作出计划。同时以此次新校区建设为契机，不仅在办学资源上加强合作，更要创新人才培养模式，从体制机制建设入手，开展产学研合作，为教育事业和天津市发展作出应有贡献。

薛进文在会上感谢教育部和天津市对南开大学新校区规划建设工作的关心与支持。他说，围绕服务天津发展、落实教育规划纲要，南开大学正与天津大学一起，就如何进一步做好新校区规划建设工作，加强两校合作，研讨改革思路和创新举措。学校将稳步推进相关工作，希望教育部和天津市继续对两校新校区建设给与支持和指导。

龚克在会上表示，建设新校区对于南开大学的发展是一个重大机遇。南开将紧紧抓住这次机遇，扎实做好新校区规划建设工作。同时加强与天津大学的紧密沟通合作，努力将两校新校区打造成环渤海地区的教育创新高地，向关心支持学校发展的教育部、天津市领导和广大师生交上一份优秀满意的答卷。

与会人员就两校新校区规划建设的相关问题进行了研讨。</body></doc>