<?xml version='1.0' encoding='utf-8'?>
<doc><id>10105</id><url>http://news.nankai.edu.cn/nkyw/system/2011/06/07/000039581.shtml</url><title>机关党委举办青年干部庆祝建党九十周年演讲比赛--南开要闻</title><datetime>2011-06-07 00:00:00</datetime><body>南开新闻网讯(通讯员 苏明辉 摄影 任永华)近日，“机关青年干部庆祝建党九十周年”演讲比赛在办公楼111会议室举行。校党委常委、纪委书记、机关党委书记张式琪出席并讲话。

来自机关各党支部的21名青年干部参加了比赛。演讲比赛自始至终精彩纷呈，参赛选手的演讲主题明确，内容翔实，表达流畅，充满激情，充分展示了机关青年干部的精神风采和气质特征，很好地诠释了青年党员对党的热爱。

比赛由机关党委副书记苏明辉、研究生院王世恒及文学院翟明睿三位老师担任评委，并根据选手的演讲内容、语言表达、形象风度、综合印象、会场效果及演讲时间等方面进行打分。经过现场评委的认真评判，最终决出一等奖4名，二等奖7名，三等奖10名。

张式琪对青年干部的表现给予了高度评价，同时结合自身成长经历和身边实例，从发展的角度，对青年干部、青年党员提出了殷切希望。他指出，机关青年干部要立足本岗、踏实工作，要以高度的使命感、责任感和荣誉感迎接党的90华诞，迎接我校第八次党代会的胜利召开。

本次演讲比赛是机关党委“庆祝建党九十周年系列活动”之一，旨在进一步增强机关青年干部的爱党爱国之情，提升机关青年干部的使命感、责任感和荣誉感，为机关青年干部锻炼自我、完善自我和展示自我提供平台，也为机关各部门之间的交流与沟通提供平台。</body></doc>