<?xml version='1.0' encoding='utf-8'?>
<doc><id>10109</id><url>http://news.nankai.edu.cn/nkyw/system/2011/06/03/000039542.shtml</url><title>100名学子获浦发励志奖学金-浦发励志,奖学金-南开要闻</title><datetime>2011-06-03 00:00:00</datetime><body>(记者 平 扬 摄影 陈 晨)6月2日，南开大学第二届浦发励志奖学金颁奖仪式在学生活动中心举行。100名成绩优异、德才兼备、社会责任感强且锐意创新的优秀南开学子获此殊荣。校党委副书记杨庆山，上海浦东发展银行天津分行副行长李国光，校学工部、研工部、发展委员会办公室等部门负责人出席仪式。

杨庆山在致辞中表示，浦东发展银行热心教育、回馈社会的善举，体现了企业的高度责任感。南开大学在建校之初就确立“文以治国，理以强国，商以富国”的办学理念，培养学生心系国家、淑世为公的品质，希望学子们能以此次获奖作为勤奋学习的新起点，心怀感恩，刻苦成才。

李国光说，南开大学这所享誉世界的著名学府，几十年来为国家培养和输送了一批又一批优秀人才，它活跃的学术氛围、深厚的文化底蕴和良好的育人环境令浦东发展银行崇尚和向往。希望双方今后继续开展深入全面的合作交流，共同为培养社会栋梁之才贡献力量。

获奖代表、经济学院2009级硕士研究生刘大勇说：“当我手中拿起这份获奖证书，心中有种感激与激动。从各位嘉宾和领导手中接过获奖证书的那一刻，在座的所有同学都和我一样，感受到了一种力量和精神的传递。这种精神，是一份责任，也是一种胸怀。”

第二届浦发励志奖学金的评定工作始于2010年10月。经评选，100名学生荣获该项奖学金，其中，本科生40名，研究生60名，获奖金额共计50万元人民币。</body></doc>