<?xml version='1.0' encoding='utf-8'?>
<doc><id>10112</id><url>http://news.nankai.edu.cn/nkyw/system/2011/06/02/000039520.shtml</url><title>2011届校友工作年级理事致聘仪式举行-校友,年级理事,致聘仪式,发展办-南开要闻</title><datetime>2011-06-02 00:00:00</datetime><body>(记者 平 扬 摄影 任永华)6月1日，南开大学2011届校友工作年级理事致聘仪式在办公楼举行。学校党委书记薛进文出席并向受聘理事致送聘书。校党委常委、教务长朱光磊主持，学工部、研工部、发展委员会办公室等部门负责人参加。

47名2011届优秀毕业生受聘校友工作年级理事。至今，共有超过200名新老校友受聘为校友工作年级理事，他们爱国、爱校，关心母校发展，主动维护学校各项政策，愿意为母校发展贡献力量；在学期间都曾经担任学生工作干部，组织协调能力强，学习和工作成绩突出；热心为广大同学服务，在同学中具有较高的威信。

薛进文说，一所大学增强生命力和竞争力，离不开广大校友对母校的共同支持与建设；一所大学的宝贵精神财富也将鼓舞每一位学子奋发进取，使其受益终身。校友联络工作光荣而重要，希望大家持之以恒、耐心细致，做好校友与母校之间密切联系的纽带。

马克思主义教育学院2011届思想政治教育专业毕业生郭威代表受聘理事郑重承诺：认真履行校友理事职责，确保母校与同学们的联系畅通，主动承担校友服务工作，在今后的工作学习中，以实际行动回报母校，奉献社会。</body></doc>