<?xml version='1.0' encoding='utf-8'?>
<doc><id>10117</id><url>http://news.nankai.edu.cn/nkyw/system/2011/05/30/000039472.shtml</url><title>广西河池学院院长访问南开大学--南开要闻</title><datetime>2011-05-30 00:00:00</datetime><body>(记者 张轶帆 摄影 陈晨 张轶帆)5月30日，广西河池学院院长覃伟年、副院长周鸿一行访问南开大学，校党委书记薛进文、校长龚克分别会见了客人。南开大学办公室、组织部、河池学院组织部负责人陪同会见。双方就河池学院有关教师干部到我校挂职等事宜进行了交流与探讨。

薛进文向覃伟年一行表示欢迎。他说，南开大学愿意与兄弟院校建立多种方式的联系，双方互相学习，共同在教学、科研、管理等方面取得进步，他邀请河池学院教师干部常来南开访问、交流。

龚克简要介绍了南开大学的近期发展情况和未来计划，着重介绍了学校即将建设津南新校区，天津滨海新区开发开放的重大机遇，以及南开大学趁势而上的发展势头，希望两校建立长期、稳定的友好关系，互相学习、共同进步。

覃伟年感谢南开大学的热情接待。他表示，河池学院希望得到南开大学这样著名学府的更多指导，为本校的学生培养、科学研究、人才队伍建设等方面提供可资借鉴的有效方法与思路。

河池学院是2003年4月经教育部批准成立的全日制普通本科院校，实行自治区与河池市共建、以自治区为主的办学体制，坐落在广西宜州市，是桂西北地区唯一的一所本科院校。</body></doc>