<?xml version='1.0' encoding='utf-8'?>
<doc><id>10118</id><url>http://news.nankai.edu.cn/nkyw/system/2011/05/30/000039469.shtml</url><title>南开大学举办物理学术竞赛-物理,学术竞赛-南开要闻</title><datetime>2011-05-30 00:00:00</datetime><body>(记者 张 剑 通讯员 满 荣 摄影 任永华)5月28日上午，南开大学2010至2011年度物理学术竞赛决赛在东方艺术大楼举行。副校长许京军出席并致辞。

许京军在致辞中对参与竞赛的师生团队给予充分肯定。他指出，活动有利于在学生中形成良好的学术氛围，充分锻炼学生的动手能力和创新思维，并搭建师生共同参与学术创新的有效平台。

决赛中，3支参赛队讲解清晰，思路明确，总结和反应能力突出，队员们充分利用团队合作，为所有观众呈现了一场精彩的物理思维碰撞的盛会。

南开大学物理学术竞赛是在本科学生中开展的团体赛事，旨在提高学生创新能力和解决实际问题的能力，培养团队协作精神，营造健康活泼的学习氛围，至今已举办3届。竞赛参照第24届国际青年物理学家锦标赛的规则，在力、热、光、电等物理学科领域设立17个题目。

自2010年10月开始报名后，同学们表现出极大的热情和关注，最后共有18支队伍参与竞赛。物理科学学院为每支参赛队伍提供了1000元的实验经费，并开放了相关实验室给予全方位支持。</body></doc>