<?xml version='1.0' encoding='utf-8'?>
<doc><id>10119</id><url>http://news.nankai.edu.cn/nkyw/system/2011/05/30/000039464.shtml</url><title>南开大学成立全国首家数字中国画创作研究中心-文学院,WACOM,数字中国画创作研究中心-南开要闻</title><datetime>2011-05-30 00:00:00</datetime><body>(记者 张轶帆 摄影 任永华)本着产学研结合的精神，5月27日，南开大学文学院与世界最大的数位板生产企业WACOM中国公司在东方艺术大楼举行仪式，合作成立“数字中国画创作研究中心”。中心将致力于探索数字技术与中华民族艺术的融合与实践，扩大数字中国画在教育与艺术领域的影响力，推动产学研的成果转化，逐步确立南开大学在国内高校数字艺术研究领域的领先地位。

成立仪式上，南开大学党委副书记刘景泉与WACOM中国公司CEO林强共同为“中国数字国画研究中心”揭牌，南开大学文学院有关负责人与与林强代表双方签署战略合作协议。根据协议，WACOM中国公司将捐赠价值22万元人民币的设备及资金作为先期投入，南开大学文学院提供研究中心场地，中心将由双方共同管理。

刘景泉代表南开大学向数字中国画创作研究中心的成立表示祝贺。他说，依托文理综合资源优势，南开大学文学院东方艺术系、艺术设计系和软件学院近年来对数字艺术展开合作性研究，其中，“数字中国画”的创作成为国内独树一帜的创新实践，希望WACOM公司与南开大学共建的数字中国画研究中心能够取得更加丰硕的艺术成果，为创意人才的培养作出自己的贡献。

林强表示，南开大学是国内外享有盛誉的著名学府，是中国国画创作优秀人才的摇篮，数字中国画研究中心不仅是一个学术机构，也是校企交流的平台，希望以此为契机，进一步促进校企间的交流合作，为热爱数字国画艺术的师生们提供新的学习机会。

对于数字中国画这种大众相对陌生的绘画方式，多年潜心探索数字艺术与中国绘画结合途径的中心负责人之一、南开大学文学院副教授张旺将其概括为“用计算机和数位板为工具的绘画”，他结合自己的创作过程，用通俗的语言向记者介绍说：“数字中国画的创作过程，基本和在宣纸上画国画一样，我们用压感笔在数位板上绘制图画，凭借数位板已有的专业压感功能，画家笔下微妙的力度变化都可以体现在画面之上，再加上板幅旁的快捷按键，可以轻松地根据画家的个人喜好加以设置，从而使数字绘画更接近我们习惯意义上的绘画而不是‘输入’。”

“我在尝试中发现，结合数字技术到国画创作领域，为绘画过程带来不少便利，一是创作前的笔墨纸砚的准备工作基本省略，代之以简捷的‘开机’操作，二是在创作过程中，画家获得更多的机动时间与思考空间。”张旺补充说。

当然，任何一种新生事物都存在其有待改进的局限性，张旺表示，尚处于试笔阶段的“数字国画”也存在许多艺术上的不完善之处和技术难题，比如压感笔目前能够绘制的线条形式还比较单一，这就使得数字笔墨相对适合表现人物、花鸟，用于山水则明显吃力，显得墨意、质感等多有欠缺；另外，由于“数字国画”的创作群体主要是中青年画家，受年龄、经验的局限，尚不能对国画追求的某些类似“空”、“老”等艺术境界有精深的理解，这也造成了“数字国画”整体上不够成熟的状况。

不过，对于“数字国画”的前景，张旺仍然抱有很大信心：“中国画一直秉承着‘夫画者，天下变通之大法’的优良传统，因此这门古老的艺术才能历千年而弥新，也因此我们相信国画与数字结合会有美妙的前景。上述种种问题将在前辈与同仁的努力钻研中逐渐得到克服，中国画在数字时代将焕发出年轻的光彩。”

据悉，“数字中国画研究中心”成立后，双方将实现资源共享、相互推动、互惠互利，以南开大学为研究主基地，向政府申请向公众开放的研究展示机构，将数字中国画逐步推向更广大的普通人群，最终将数字中国画研究中心的研究成果产业化。</body></doc>