<?xml version='1.0' encoding='utf-8'?>
<doc><id>10111</id><url>http://news.nankai.edu.cn/nkyw/system/2011/06/02/000039522.shtml</url><title>廖心文做客南开 演讲“革命家的风范”-廖心文,演讲,革命家的风范,建党,90周年,党史名家论坛-南开要闻</title><datetime>2011-06-02 00:00:00</datetime><body>(记者 平 扬 摄影 陈 晨)6月1日晚，南开大学创先争优暨纪念建党90周年主题教育活动“党史名家论坛”第八场报告会在学生活动中心举行。全国周恩来思想生平研究分会会长、刘少奇思想生平研究分会会长、中央文献研究室原室务委员、南开大学兼职教授廖心文受邀演讲“毛泽东周恩来等老一辈革命家的风范”。报告会前，校长龚克、校党委副书记刘景泉会见来宾。学工部、经济学院负责人陪同会见。

龚克对廖心文的到来表示热烈欢迎。他指出，在中国共产党90年发展历程中，老一辈革命家和优秀的共产党人，勇敢肩负历史重任，带领着中华民族谋求解放和发展，他们是中华民族光辉品格与伟大风范的代表，是人民群众特别是广大青年学子永远尊重和学习的楷模。

刘景泉对廖心文多年对南开的支持给予高度评价，希望更多学者专家做客南开传授知识，为扎实推进党史教育、引导广大学生学习成长作出更多贡献。

在两个多小时的精彩报告中，廖心文从“读书精神”和“律己品格”两个方面，通过真实感人的历史事件，为学子们展示出毛泽东、周恩来等老一辈革命家光辉的思想品格和伟大的精神风范。

“一辈子酷爱读书，是毛泽东等老一辈革命家的共同特点，读书给了他们治党治国治军的智慧和力量，勤奋读书是他们掌握中国革命、建设和改革规律，提高执政能力的重要途径之一。他们认真读书学习的精神和通过读书来解决实践中存在问题的方法，值得我们一生来学习。”报告会之始，廖心文对细心聆听的学生讲，爱读书的好习惯伴随并影响了伟人们的一生。

“毛泽东主席在去世前一天，时而昏迷时而清醒，一醒来就坚持看书。”廖心文列举一例，根据毛泽东同志身边工作人员回忆和当时的医疗记录，即使在抢救过程中，他阅读文件、书籍达11次，时间达2小时50分钟。

无论是弥留之际的坚持读书，还是少年时代就立志“为中华之崛起而读书”，廖心文通过一段段感人至深的故事，使听众无不深刻感受到伟人一生勤奋求知。她说，老一辈革命家青少年时期的读书生活，对他们奠定坚实的学识基础、接受中国传统文化的影响和爱国主义思想的形成，都产生了重要作用。从青年时代走向成熟的阶段，是人生的关键时刻，这个时期的读书生活帮助老一辈革命家们确定了人生的发展方向。参加革命后，无论是战争年代还是社会主义建设时期，老一辈革命家读书更着重于解决实际问题。书给了他们智慧和力量。

见微知著，廖心文讲述了一件件发生在毛泽东、周恩来、刘少奇、朱德、邓小平、陈云身上的“小事”，从“如何对待手中的权力”、“如何对待子女”、“如何对待身边工作人员”、“如何带头执行规章制度”、“与人民同甘共苦”、“小事情中体现出的大风范”等6个角度，全面诠释老一辈革命家的律己品格。

许多当年的工作人员都曾在走访中对廖心文回忆：“20世纪50年代末期到60年代中期，我党因为指导思想上出现左的偏差，再加上连续3年发生自然灾害，国内出现严重的经济困难，但是老百姓却能和我们党同心同德共度难关。为什么？很重要的一个原因就是，老一辈革命家能与人民同甘共苦。”廖心文告诉同学们，困难时期，毛泽东同志有时一天只吃一顿饭，或是吃几个土豆充饥，他坚持吃素食并下令不准为自己改善伙食，身材高大的他体重降到75公斤。周恩来同志、刘少奇同志也纷纷带头降低自己的粮食定量。

从毛泽东同志拒绝为亲属调动工作，到周恩来同志的两次特殊还礼，从刘少奇同志从不允许搞特殊化，到朱德同志教诲独子成为普通劳动者，从邓小平同志视察、参观不允许扰民到陈云同志不肯为女儿考大学“走后门儿”……廖心文娓娓道来，她说：“看起来都是小事，但是小事中包含着大道理；小事中体现的是老一辈革命家身上的大风范。这些宝贵的精神财富永远值得我们珍视和学习。”</body></doc>