<?xml version='1.0' encoding='utf-8'?>
<doc><id>10114</id><url>http://news.nankai.edu.cn/nkyw/system/2011/06/02/000039518.shtml</url><title>我校两项目接受环保公益性行业科研专项中期检查--南开要闻</title><datetime>2011-06-02 00:00:00</datetime><body>(记者 张轶帆 摄影 任永华)6月1日，2009年度环保公益性行业科研专项中期检查会在泰达会馆举行，环保部科技标准司副司长刘志全、天津市环保局总工包景岭、检查组专家及南开大学科技处有关负责人出席会议。

会上，南开大学环境科学与工程学院承担的“城区外地表风蚀起尘对城市空气质量的影响及关键防治技术研究和示范”和“我国水环境BTEX污染的修复限制研究”两个项目的相关负责人就课题的研究任务、既定目标、实施方案、阶段性产出情况、经费执行预算情况、项目实施过程中存在问题等方面内容进行了汇报论证。作为环保公益项目，这两个项目将对我国城市空气颗粒物污染防治和水环境修复起到重要的科技支撑和环境管理作用。

汇报结束后，检查组对项目提出了意见和建议。据悉，检查结果将于近期通报给我校相关部门及学院。</body></doc>