<?xml version='1.0' encoding='utf-8'?>
<doc><id>10110</id><url>http://news.nankai.edu.cn/nkyw/system/2011/06/02/000039524.shtml</url><title>天津首个汉语口语水平测试考点落户南开大学-汉语,口语水平测试,考点,南开大学,汉语言文化学院-南开要闻</title><datetime>2011-06-02 00:00:00</datetime><body>(记者 张 剑 摄影 任永华)6月2日，国家汉语口语水平测试(HKC)考点在南开大学汉语言文化学院揭牌成立。这是教育部和国家语委在天津设立的首个汉语口语水平测试考点。

国家汉语口语水平测试是教育部、国家语委为母语非汉语的人群最新推出的一项测试，也是目前我国对外汉语考试中唯一的国家级标准考试。

国家汉语口语水平测试考试委员会副主任、天津市教委副主任张向阳对HKC考点落户南开大学表示祝贺。他说，随着中国经济的快速发展，汉语热的趋势越来越明显，希望南开大学充分发挥自身学术优势，成为HKC的一流考点，为汉语国际推广作出更大的贡献。

揭牌仪式上，张向阳和南开大学副教务长卜文俊共同为汉语口语水平测试南开大学考点揭牌。

据了解，由南开大学参与起草的《汉语口语水平等级标准及测试大纲》，是中国教育部、国家语委为推进国际汉语教育而设置的一项国家级考试，于今年2月1日作为国家标准颁布实施。

这套针对母语非汉语人群设计的汉语口语水平测评体系，采用人机对话方式，要求应试者在规定时间内完成读词、读句、提问、设问、复述、描述和说话7部分题目。测评结果分初、中、高三等九级。考试内容中融合了中国文化，考查应试者的汉语理解、表达、交际能力及普通话水平，突出生活化和实用性。

天津市语言文字培训测试中心主任赵红�|表示，汉语口语水平测试等级证书是汉语交际能力的最有效证明，它将成为在中国留学、求职、晋升、发展的重要条件。</body></doc>