<?xml version='1.0' encoding='utf-8'?>
<doc><id>10116</id><url>http://news.nankai.edu.cn/nkyw/system/2011/06/01/000039510.shtml</url><title>南开大学幼儿园庆祝“六一”儿童节-幼儿园,六一,儿童节-南开要闻</title><datetime>2011-06-01 00:00:00</datetime><body>(记者 陈 晨 摄影报道)6月1日上午，南开大学幼儿园花团锦簇，彩旗飘扬。孩子们迎来了一年一度的儿童节。校党委常委、校长助理、总会计师孙广平来到幼儿园参加庆“六一”联欢会，代表学校向孩子们致以节日祝贺，向幼儿教育工作者表示亲切问候。

欢庆的教师舞蹈《吉祥如意》拉开了联欢会的序幕，4个不同年龄段幼儿和家长的亲子表演竞相登场，天津京剧院《美猴王》的技巧表演令人赞不绝口，六旬老人和娃娃们同台表演的打击乐把演出推向高潮。孩子们欢快的舞蹈、优美的歌声、稚嫩的语言博得观众的阵阵掌声。

家长们纷纷表示，联欢会形式新颖，内容丰富，体现了强烈的时代感，充分展示了南开大学幼儿园“家园共育”的丰硕成果。</body></doc>