<?xml version='1.0' encoding='utf-8'?>
<doc><id>10113</id><url>http://news.nankai.edu.cn/nkyw/system/2011/06/02/000039519.shtml</url><title>20名南开学子荣获周恩来奖学金-周恩来,奖学金-南开要闻</title><datetime>2011-06-02 00:00:00</datetime><body>(记者 平 扬 摄影 任永华)6月1日，南开大学第四届周恩来奖学金颁奖仪式在办公楼举行。学校党委书记薛进文出席并讲话，校党委常委、教务长朱光磊主持，学工部、研工部、发展委员会办公室等部门负责人与校领导一起为获奖学生颁奖。

南开大学周恩来奖学金是代表南开学生最高荣誉的奖学金，旨在弘扬“恩来精神”和南开精神，激励学生树立青年“为中华之崛起而读书”的远大抱负，奋发成才，报效祖国。该项基金于2005年在香港慈善家方润华先生倡议下设立，募捐基金委托南开大学教育基金会管理，限定金额为1000万人民币。

2010年，周恩来奖学金进行第四次评选。经过层层选拔、评审和公示等程序，20名学子脱颖而出。至今，南开共有94名学生获此殊荣。

薛进文向获奖学生表示祝贺，他指出，周恩来总理的光辉思想、伟大风范和博大胸怀值得南开人永远敬仰和弘扬，“恩来精神”始终伴随南开大学的建设与发展，设立“周恩来奖学金”是希望一代又一代南开人“为中华之崛起”刻苦奋斗，树立远大理想，培养高尚品德，确立正确的人生观与价值观，努力学习科学文化知识，锻炼服务社会之能力，拼搏进取，勇于创新，同时脚踏实地，埋头苦干，永葆南开人的“本色”，允公允能，奉献社会。

获奖学生代表、哲学院2007级本科生马梦菲说：“这份荣誉在给予我们鼓舞与光荣的同时，更赋予了我们伟大的使命与责任。作为一名新时代的大学生，我们要保有对知识、对学术的热衷，更应高度关注社会现实，将自我价值的实现与国家、民族的未来紧密相连，时刻践行‘允公允能、日新月异’的校训。”</body></doc>