<?xml version='1.0' encoding='utf-8'?>
<doc><id>10120</id><url>http://news.nankai.edu.cn/nkyw/system/2011/05/30/000039456.shtml</url><title>机关党委召开党员大会选举第八次党代会代表--南开要闻</title><datetime>2011-05-30 00:00:00</datetime><body>南开新闻网讯(通讯员 苏明辉 摄影 陈晨)根据《中国共产党南开大学第八次党员代表大会代表产生办法》，以及学校党委对《关于确定机关出席中共南开大学第八次党员代表大会代表候选人预备人选的情况报告》的批复，机关党委于5月27日上午在综合实验楼大报告厅召开机关全体党员大会，正式选举机关出席中共南开大学第八次党员代表大会的代表。校党委书记薛进文、党委副书记杨庆山、纪委书记张式琪出席大会。

大会以举手表决的方式先后通过了《代表选举办法》、机关出席校党代会正式候选人名单、监票人和计票人后，以无记名投票和差额选举(对学校本届党委常委采用等额选举)的方式对代表候选人进行了选举。选举结果，3位本届校党委常委和沈亚平等24位机关代表候选人当选出席学校第八次党代会代表。</body></doc>