<?xml version='1.0' encoding='utf-8'?>
<doc><id>10121</id><url>http://news.nankai.edu.cn/nkyw/system/2011/05/29/000039420.shtml</url><title>南开大学召开社团代表大会--南开要闻</title><datetime>2011-05-29 00:00:00</datetime><body>南开新闻网讯（记者 平扬 摄影 任永华）5月28日，南开大学学生社团第三次代表大会在伯苓楼召开。校党委副书记刘景泉出席会议并讲话，学生工作部、研究生工作部、团委等部门负责人，各学院团委书记和学生社团指导老师，学生社团联合会主席团成员，来自天津大学等兄弟高校的社团联合会负责同学参加大会。

刘景泉代表学校党委向会议的召开表示祝贺，对积极从事、参与学生社团工作的师生致以慰问，对过去一个时期内，我校学生社团在活跃校园文化氛围、提升学生综合素质方面发挥的作用予以肯定，并对今后工作提出希望。刘景泉指出，要充分认识学生社团在大学生素质教育中的重要作用，坚持学生社团建设的正确方向，增强责任感，进一步提高对学生社团工作重要性的认识。要积极构建学生社团持续、稳定、健康发展的良好环境，积极鼓励，加大扶持，形成“百花齐放”的良好局面，丰富内容，鼓励创新，提升社团层次和活动水平，分类指导，突出重点，构建社团发展的合理结构。要着力打造促进学生全面成长与个性发展相结合的社团平台，使同学们能够在社团活动中陶冶情操，拓展视野，挖掘潜能，成为校园文化建设的参与者和推动者。

学生社团联合会第二届委员会向大会作了题为《继往开来，团结协作，锐意进取，为推动南开大学学生社团工作的和谐繁荣发展而努力奋斗》的工作报告，并选举产生出新一届社团联合会主席团和委员会。近年来，南开大学的学生社团茁壮成长，109个正式注册的团体覆盖理论学习、公益、科技、学术、文艺、体育和综合等7个类型，每年万余人次参与其中。

</body></doc>