<?xml version='1.0' encoding='utf-8'?>
<doc><id>10127</id><url>http://news.nankai.edu.cn/nkyw/system/2011/05/27/000039382.shtml</url><title>“我们追寻到了红色精神与力量”-追寻,建党,90周年,人民日报-南开要闻</title><datetime>2011-05-27 00:00:00</datetime><body>――记“追寻”活动南开座谈会

南开新闻网记者 平 扬 学生记者 武东翔 摄影 武东翔

日前，南开大学5名学子参加了人民日报社举办的大型主题活动“追寻”。迈着铿锵矫健的步伐，他们踏上红色征途，沿着中国共产党诞生、发展、壮大的红色足迹，寻访在党史上具有重大意义的纪念地，完成一次心灵之旅、青春之旅、快乐之旅、收获之旅。

5月26日，又一支“追寻”小分队从南开出征。在新老队员座谈时，他们谈起此行的收获与感动，不约而同地说：“我们追寻到了一种红色的精神与力量……”

深感家国情

“追寻”之旅归来后，南开大学经济学院2009级博士生奎潮这样回忆道：“历时8天，踏足3省，辗转5地，奔波千里，从北京‘追’到上海，从嘉兴‘追’到南京，从淮安‘追’到徐州。一路追赶寻觅，我寻到什么？”

“我想说，我们寻到家国情怀。站在南京大屠杀遇难者同胞纪念馆里，看到同胞的头像在水面上浮起，我的眼泪出来了。我们买了一束鲜花祭奠他们，弯腰下去的一瞬间，我想对他们说，请先辈们安息，因为祖国现在很好。当我站在一大会址纪念馆里看到上海一对工人夫妇轮流穿一件打了二、三十处补丁的棉衣的时候，我心里非常沉重，这是我们国家上世纪二、三十年代的历史，是一段屈辱的历史，刺痛每个人的神经。只有把我们放在当时的情景里，才有那么强烈的震动。没有经过屠杀的人不知对生存的渴望，没有经历苦难的人不知对幸福的向往。”奎潮说。

南开大学马克思主义教育学院2010级博士生王雪超列举了一段记忆深刻的故事：“在龙华烈士陵园，一位讲解员告诉我，当年革命先辈们被关押在漆黑的地下室里，在那种条件下，如果没有坚定的理想信念，是很难活下去的。”他说自己时常回想，仿佛一切历历在目。

喜看新发展

一大会址、南京大屠杀纪念馆、梅园新村旧址、新四军纪念馆、淮海战役纪念馆、周总理故居、陈云故居、浦东新区……小分队成员们走过了中国共产党从诞生、曲折成长、发展壮大并走向胜利的历程，他们说自己寻到复兴的力量。

一位队员说：“在黄浦江畔，看到东方明珠的夜景璀璨整个江面的时候；在浙江嘉兴，听说嘉兴的城乡收入比仅为1:1.9的时候，我看到了经济和社会的协调发展正在进行时。从90年前的民族危亡到90年后的欣欣向荣，每个人都从对比中触碰到祖国蒸蒸日上的脉搏，感受到我们党坚实的力量。”

还有人补充道：“除了看到党在历史进程中苦难拼搏的一面，我们更看到了如今党带领人民奔小康、经济繁荣发展的一面。在嘉兴的一次座谈中，大学生村官、民营企业家、红船守护者与我们分享了他们的见闻感受。以中科院一位学者为代表的一批知识分子，来到嘉兴参与高新技术开发和成果转化。是什么能把那么多全国各地的优秀人才吸引到这样一个地方？我想，是政策导向、地方扶持以及青年人的理想。透过这些杰出青年代表铿锵有力的话语和坚毅执着的眼神，我看到的是几年以后同样投入祖国建设的自己的身影。”

作为新时代青年，南开大学周恩来政府管理学院2010级硕士生刘维爽归来后更感受到了肩上的责任：“我们要用先辈们坚定的理想信念和高尚的道德情操充实自己。而树立远大、崇高的理想，绝不是空洞的，我们不能只停留在口头上，而是要实际地表现在现实的学习、工作、生活实践中。”

传递幸福感

“我们有机会去那些革命圣地体会党的发展历程，当我把照片、写的东西给身边的同学看时，他们非常羡慕。”南开大学文学院2007级本科生李欣然告诉记者，可以用“幸运”来形容她的旅程感悟。“我记得在一大会址重温入党誓词时，有很多来自全国各地白发苍苍的老人驻足观看，他们看着我们面对鲜红党旗，举起右手庄严宣誓。他们流露的也是羡慕的眼光，一定是觉得我们有朝气、蓬勃向上。”

这股“幸福感”“传染”迅速，有位队员在日志中写道：“我们这次的行程可谓备受关注，学校新闻网做了专栏报道，校领导老师亲切慰问，让我们倍感荣幸。回来后，我身边的同学好奇地向我问这问那，我也一遍遍不厌其烦地讲着沿途见闻，希望把这次的收获也分享给大家。不止一个同学羡慕地说：‘这个活动真好，我也想参加，怎么没有选上我。’我微笑着，心里默默告诉自己，我是幸运的，我要把这份幸运的收获分享给更多的人，让这种红色的精神财富一传十，十传百……”</body></doc>