<?xml version='1.0' encoding='utf-8'?>
<doc><id>10125</id><url>http://news.nankai.edu.cn/nkdxb/system/2011/05/28/000039405.shtml</url><title>【1127期】李卫红在南开大学人文社会科学调研工作座谈会上的讲话--南开大学报</title><datetime>2011-05-28 00:00:00</datetime><body>2011年5月12日

今年是我们党成立90周年，是国家“十二五”开局之年，是全面落实教育规划纲要的关键一年，也是教育部转变职能，改进政风、作风、学风之年。我们一行这一次专程来到南开，任务就是改进工作作风，深入基层，紧紧围绕落实教育规划纲要进行学习调研，了解“十二五”时期学校推进文科发展的新思路新举措。

去年7月，党中央、国务院颁布实施教育规划纲要，召开了新世纪第一次全国教育工作会议。今年2月21日，胡锦涛总书记在中央政治局第26次集体学习时就教育工作发表重要讲话，4月24日，胡锦涛总书记在庆祝清华大学建校100周年大会上又一次发表重要讲话。这充分表明了党中央对教育工作的高度重视。当前，全社会已形成了关心支持教育的良好氛围，教育战线的当务之急、重中之重是抓落实。在今年年初的全国教育工作会议上，贵仁部长通篇讲话的主线就是全面贯彻落实教育规划纲要，其中提出要“把政风、行风、学风建设作为2011年教育系统创先争优活动的重要内容和载体”，要围绕“全面落实”，狠抓教育系统“三风”建设，让人民群众真切感受到教育系统在贯彻落实教育规划纲要中的新变化、新气象。因此，我们这次调研，也是贯彻落实部党组“三风”建设要求的具体行动。

3月中旬以来，我们先后考察了北京大学、清华大学、南京大学。南开大学与这几所大学一样，具有光荣的传统，近代著名爱国教育家张伯苓先生提出了“文以治国，理以强国，商以富国”的办学理念，确定了“允公允能、日新月异”的八字校训，其理念和精神历久弥新、影响深远。特别是在抗日战争时期，南开大学与北京大学、清华大学秉持科学救国的理念，在昆明组成了举世闻名的西南联合大学，成为中国高等教育发展史上一个奇迹，使中国的大学精神得到了充分彰显，中国的大学使命得到了极大升华。新时期以来，在历任校领导和全体师生的共同努力下，南开大学哲学社会科学继承优良传统，开拓创新，各项事业取得长足发展。

刚才，我们考察了学校文科实验室，观看了文科成果展，听取了专家学者的发言和校领导的专题汇报。我有这么几点深切感受：

第一，学校领导高度重视。从刚才的汇报看得出，南开从建校至今，历任领导重视文科，发展文科的传统一直没有中断。前面提到，张伯苓先生高瞻远瞩地提出了“文以治国，理以强国，商以富国”的办学理念，南开人秉承这一理想，同绘一片蓝图，经过九十多年建设和发展，形成了“文理并重、比翼齐飞”的学科格局。

第二，基础理论研究扎实。文科成果展是这些年来南开文科建设和发展成就的真实写照，生动反映了南开广大哲学社会科学工作者严谨求实、淡泊名利的优良学风。南开基础研究实力雄厚，涌现出了许多大家名家，他们在各自领域潜心研究、力求创新，取得了丰硕的研究成果，许多方面开学术先河，领风气之先。

第三，社会服务成效显著。南开哲学社会科学工作者大力弘扬“知中国、服务中国”的优良传统，积极围绕国家重大需求开展科学研究，在参与党和政府决策咨询、服务区域经济发展方面作出了突出贡献。在我的印象中，教育部多次收到外交部、商务部给重点研究基地APEC(亚太经合组织)研究中心的表扬信。近年来，南开在服务滨海新区建设方面也发挥了重要的思想库和智囊团作用。

第四，对外交流广泛深入。学校积极发挥文科多学科综合性优势，与国外多所高校和研究机构建立了深层次高水平的学术合作，在海外创建了多家孔子学院，在国家汉办的支持下成立了全国首家跨文化交流研究院，为中国学术走向世界，为国家文化软实力建设作出积极贡献。

我们高兴地看到，新时期特别是“十一五”以来，南开大学文科发展取得了相当不错的成绩，已经站在一个新的起点上。现在，我们要思考的是如何面向未来，抓住新机遇，迎接新挑战，实现更高水平的跨越。

胡锦涛总书记在清华大学百年校庆上的重要讲话，紧扣高等教育的发展趋势，深刻把握高等学校的办学规律，是党和国家关于高等学校改革发展方针政策的丰富和深化，是科学发展观在高等教育领域的深刻体现，是指导新时期我国高等教育改革发展的纲领性文件，使得我们建设世界一流大学、建设高等教育强国的方向更加明确，途径更加清晰，措施更加坚实有力。在这篇讲话中，胡锦涛总书记首次将文化传承创新作为高等教育的一个重要职能提出来。他指出，“高等教育是优秀文化传承的重要载体和思想文化创新的重要源泉”。这是高等教育职能的新概括、新丰富和新拓展，是高等教育思想与时俱进的创新，是高等学校未来发展所应担负的崇高使命。总书记的讲话具有很强的理论指导作用和现实针对性，需要我们切实加以深刻认识和全面把握，认真贯彻落实。

为学习贯彻胡锦涛总书记的重要讲话，5月3日，教育部在京组织召开了高校社科界学习贯彻胡锦涛总书记重要讲话精神座谈会，我在会议上提出了在“四个方面下功夫”、在“四个方面作出更大贡献”的要求，即在立德树人、教书育人上下功夫，为培养德智体美全面发展的社会主义建设者和接班人作出更大贡献；在切实增强科学研究能力上下功夫，为国家哲学社会科学创新体系建设作出更大贡献；在理论联系实际，解答重大现实问题上下功夫，为服务经济社会发展作出更大贡献；在推进文化传承创新上下功夫，为增强国家文化软实力和中华文化国际影响力作出更大贡献。概而言之，就是希望我们以高水平的哲学社会科学研究支撑高质量的高等教育。刚刚颁布的《国家“十二五”规划纲要》提出了“推进学科体系、学术观点、科研方法创新，大力推进哲学社会科学创新体系建设，实施哲学社会科学创新工程，繁荣发展哲学社会科学”的新任务，教育规划纲要也明确提出，“深入实施高等学校哲学社会科学繁荣计划”。结合总书记的讲话精神和规划纲要提出的新任务，我想，在新的历史时期，高校必须深入思考如何通过进一步提升哲学社会科学研究质量和创新能力来服务于人才培养、服务于经济社会发展，为推进文化传承创新作出新贡献。

为此，我希望未来南开文科发展要着力加强以下几个方面工作：

一是抓紧制定南开大学的哲学社会科学繁荣计划。教育部的“繁荣计划”前天已经部党组讨论原则通过，报中央审定后，将由教育部、财政部联合颁发。《天津市中长期教育改革和发展规划纲要(2010-2020年)》已经公布，其中讲到将制定《天津市高校哲学社会科学繁荣计划》。我们希望南开大学根据教育部和天津市的规划要求，结合学校“十二五”科研规划的工作基础，研究制定《南开大学哲学社会科学繁荣计划(2011-2020年)》，对未来10年学校的哲学社会科学发展作出前瞻性部署。制定规划一要立足校情，广泛听取院系、研究机构意见和建议，问需于师生、问计于师生；二要立足国家重大需求，服务区域经济社会发展；三要尊重高等教育规律，尊重哲学社会科学研究规律。

二是继续发扬马克思主义理论研究和宣传优势。加强马克思主义理论研究和宣传是“繁荣计划”的重要内容。“繁荣计划”提出，要加强对巩固和坚持马克思主义指导地位有重大意义的现实问题研究，深化马克思主义基础理论和基本观点研究，深化当代中国马克思主义研究，推进中国特色社会主义理论体系研究中心和传播示范基地建设。南开在这方面有着优良的传统和显著的优势，积聚了一批优秀人才，产出了若干具有显示度的成果，是全国高校马克思主义理论学科建设的重镇之一。今后要在进一步巩固优势的同时，大力推进中国特色社会主义理论体系的宣传普及，为推进马克思主义中国化、时代化、大众化作出新贡献。

三是继续发扬基础研究优势，大力推进文化传承创新。“繁荣计划”提出，要充分发挥高等学校基础研究雄厚的优势，重点加强关系哲学社会科学发展全局和学科创新发展的基础理论研究，重点加强对经济社会发展具有长远影响的基础理论研究，重点加强对传承中华文化、弘扬民族精神具有重要影响的基础理论研究，重点加强对学术发展具有重大价值的文献资料发掘整理研究，努力推出对文化传承和理论创新具有重大影响的标志性成果。南开文、史、哲等传统人文学科的实力很强，但面对全国高校百舸争流的竞争态势，我们不进则退，慢进也是退。所以必须进一步加大投入，凝炼学术方向、汇聚研究队伍、增强发展活力。要进一步发挥文理并重的综合优势，大力促进学科交叉，培育新的学科增长点，形成新的竞争优势，多出精品力作和优秀人才，为大力推进文化传承创新作出新的贡献。

四是更加注重师资队伍建设。人才资源是第一资源，事业发展关键靠人才。一所学校的名声往往就是一大批知名教授支撑的。未来5至10年，我们将实施青年学术英才计划，培育并长期支持一批高水平创新团队，通过深化人事制度和分配制度改革，建立重创新、重质量、重贡献的人才选拔和激励机制。为此，希望学校将人才和队伍建设放在更加突出的位置，抓住有利契机，加大海外高层次人才引进力度，培养和造就一批学贯中西、享誉国际的名家大家，一批功底扎实、勇于创新的学术带头人，一批年富力强、锐意进取的青年拔尖人才。要切实改进高校科研评价制度，营造尊重创新、宽容失败、尊重差异、包容多样的学术环境，为培养名师大家创造有利条件。

五是大力提高服务经济社会发展的能力。高校哲学社会科学服务经济社会发展是新形势下高等教育发展的新使命新要求。“繁荣计划”提出，要围绕国家经济社会发展中全局性、前瞻性、战略性重大问题，强化综合研究，提高回答中国特色社会主义建设中重大理论和现实问题的能力；围绕国际形势新变化，开展全球问题、国际区域和国别问题的长期跟踪研究，提高服务国家外交战略的能力。瞄准国家和区域经济社会发展重大战略及国际重大问题，建设社会科学咨政服务，与国家部委、地方政府等合作推进高等学校咨询型智库建设；聚焦社会主义经济建设、政治建设、文化建设、社会建设以及生态文明建设和党的建设中的重大问题，推出系列研究报告和发展报告，为党和政府提供高水平决策咨询服务。希望南开大学按照胡锦涛总书记在清华大学百年校庆上提出的一个“紧紧围绕”和三个“自觉参与”的要求，充分发挥教育部人文社会科学重点研究基地的重要作用，为推动天津市构筑高端产业高地、自主创新高地、生态宜居高地提供强有力的智力支持，为天津全力打好滨海新区开发开放攻坚战、结构调整优化升级攻坚战、体制机制改革创新攻坚战、文化大发展大繁荣攻坚战、社会和谐稳定攻坚战主动开展前瞻性、对策性研究，充分发挥智囊团、思想库作用。

六是进一步加强高校意识形态工作。高校是各种新思想、新观点的汇集地，是不同思想文化交汇交锋的前沿。近年来，在主流意识形态不断巩固壮大的同时，各种非马克思主义的社会意识以及思想理论领域的噪音杂音时有出现。境外敌对势力把渗透高校、争夺师生作为目标，打着项目资助、研讨、交流、论坛、讲座等旗号进行渗透，手段形式更加隐蔽多样。极个别高校教师、社会人员利用课堂、报告会、研讨会、讲座、论坛和校园网散布错误观点和言论的情况时有发生。目前的管理工作在一定程度上仍然存在着思想认识不到位、工作机制不健全、管理措施不落实等突出问题。对此，必须高度重视，采取有效措施，切实加大对高校思想文化阵地的管理力度，确保意识形态安全。作为“繁荣计划”的配套文件，教育部专门研究制定了《关于加强新形势下高等学校哲学社会科学课堂教学、报告会、研讨会、讲座、论坛、网络和接受境外基金资助等管理的意见》。希望学校建立健全党委统一领导、党政齐抓共管、职能部门分工负责的工作体制，坚持一把手亲自抓，分管领导具体负责，责任明确到人，工作落实到人。要结合本校实际情况，制定和完善各项管理制度；建立和完善督查机制，制订考核办法，把加强高校哲学社会科学课堂教学、报告会、研讨会、讲座、论坛、网络和接受境外基金资助等管理工作纳入校领导班子和中层干部考核内容，并实行问责制，对出现的问题要敢于负责、及时处理，对疏于管理、推诿懈怠、敷衍塞责，致使发生严重问题的，要严肃追究责任。

总之，我衷心希望，在新一届校领导班子的正确领导下，南开大学能够抓住机遇，用好机遇，使南开哲学社会科学在新的起点上实现新的历史性跨越。</body></doc>