<?xml version='1.0' encoding='utf-8'?>
<doc><id>10129</id><url>http://news.nankai.edu.cn/nkyw/system/2011/05/27/000039379.shtml</url><title>校领导会见澳大利亚弗林德斯大学校长一行-校领导,澳大利亚,弗林德斯大学,校长-南开要闻</title><datetime>2011-05-27 00:00:00</datetime><body>南开新闻网讯(通讯员 周 攀)5月23日，南开大学校长龚克在北京会见了澳大利亚弗林德斯大学校长迈克尔・巴伯一行。南开大学经济与社会发展研究院相关负责人、南开大学-弗林德斯大学合作办学医院管理项目澳方主管、南开大学经济学院相关教师、弗林德斯大学驻南开大学代表、南开大学-弗林德斯大学合作办学中方项目主任参加了会见。

双方共同回顾了十余年来合作办学的经验与成绩，并且展望了未来的合作。回顾双方合作的10余年历程，南开大学与弗林德斯大学建立了良好的校际关系，并已探索出一套管理严格、高质高效、富于特色的中外联合办学模式，获得了中国及澳大利亚教育部门的高度评价。双方决定在现有合作办学项目的基础上，共同开发新的合作办学项目及相关学术交流活动。

南开大学与澳大利亚弗林德斯大学成功举办了14期国际经贸关系硕士项目和9期医院管理硕士项目。十几年来，两校致力于不断提高合作办学水平与质量，培养全方位人才；两校学者交流合作，一起在国内外核心期刊发表了多篇学术论文。此外，双方学校互派教师和留学生访问学习，进一步促进了学术的交流与提高。</body></doc>