<?xml version='1.0' encoding='utf-8'?>
<doc><id>10123</id><url>http://news.nankai.edu.cn/nkyw/system/2011/05/28/000039413.shtml</url><title>中央电视台观众影响力大型展演首站进南开-中央电视台,党委宣传部,团委-南开要闻</title><datetime>2011-05-28 00:00:00</datetime><body>(记者 张剑 摄影 任永华 陈晨)5月27日，以“青年：让思想飞”为主题的中央电视台观众影响力大型展演活动首站走进南开大学。当晚，南开大学田家炳音乐厅座无虚席，中央电视台著名主持人孙小梅、陈伟鸿与与800多名南开学子展开了关于青年领袖风范与青年人成长的“对话”。

南开大学党委书记薛进文、党委副书记刘景泉，中央电视台总编室副主任赵文江、财经频道副总监韩青等出席活动并讲话。薛进文与赵文江分别代表南开大学和中央电视台交换了礼物。

南开大学党委书记薛进文代表学校对中央电视台各位领导和嘉宾的到来表示热烈欢迎。他说，作为全国最具影响力的主流媒体之一，央视把《对话》的舞台延伸到大学校园，充分体现了央视开放办台、贴近观众、服务观众的优秀理念。南开拥有一批思想活跃、富有热情、充满新闻理想和社会责任感的青年学生，他们是中央电视台的忠实观众。希望同学们珍惜与央视直接对话的机会，在互动中展现思想的魅力和青年人的可爱。南开愿意同中央电视台进一步加强交流合作，共同为中国的新闻传播事业、为社会主义精神文明建设作出更大的贡献。

中央电视台总编室副主任赵文江表示，南开“知中国，服务中国”的办学理念与中央电视台的办台宗旨不谋而合，此次南开与央视的牵手，必将碰撞出激情的火花，整合出更大的影响力。他说：“对于南开，我们搭建起一个舞台，让你们的思想飞；对于央视，我们是打开一个窗口，听到更多年青的声音。”

中央电视台财经频道副总监韩青说，南开是一所具有悠久历史的名校，财经频道愿与南开一起关注青年群体，与青年学子一同学习、成长。希望未来有更多南开学子成为《对话》的访谈嘉宾，为节目注入青年的创新思想。

此次活动是中央电视台开展观众互动活动的第一站。《对话》栏目制片人陈红兵和主持人陈伟鸿精选了《对话韩寒》、《财富新生代》、《不是一个人在战斗》、《拯救上海男篮》、《两岸髓缘》等5期节目片段，回顾了节目录制时韩寒、姚明、饶谨等青年才俊的表现。陈伟鸿夸赞走进《对话》演播室的青年都是有个性、有思想、有追求、有成就的年轻一代。

谈到对新时期青年人成长的看法时，陈伟鸿表示，青春是每个人生命中最绚烂的一抹色彩，而当下的青年则是崛起的一代。他希望青年们能将思想与行动完美结合，在学习中践行自己的理想，成为有担当的一代人。

活动还播放了南开大学两名学生拍摄制作的短片《我心目中的央视我眼中的对话》。该短片透过他们在央视的生活体验，展现了央视人的工作风貌。中央电视台受众服务部副主任刘建鸣表示，这是央视推出的“观众体验日”活动之一，今后他们还将陆续推出一系列观众维护活动，拉近央视与观众的距离。

央视著名主持人孙小梅和陈伟鸿歌曲对唱将活动推向高潮，南开大学艺术团的学生们表演了精彩弦乐八重奏。中国最具影响力的媒体与南开这所著名学府在对话中拉近了距离。

活动在南开师生中间引起热烈反响。大三学生聂际慈说：“此次展演活动来到南开，正说明了党和国家对于当代青年大学生健康成长的关心。”文学院辅导员金鑫表示：“大学生作为未来社会的中坚力量，背负着社会、家长的殷切期望，衷心希望南开与中央电视台携手的‘青年：让思想飞’展演活动成为助推青年人成就未来的有效平台。”</body></doc>