<?xml version='1.0' encoding='utf-8'?>
<doc><id>10124</id><url>http://news.nankai.edu.cn/nkyw/system/2011/05/28/000039408.shtml</url><title>校党委召开全委（扩大）会议-党委全委,薛进文-南开要闻</title><datetime>2011-05-28 00:00:00</datetime><body>南开新闻网讯(记者 张丽 摄影 陈晨)5月27日，校党委在办公楼召开全委(扩大)会议。校党委书记薛进文主持会议并传达了胡锦涛总书记在津考察重要讲话和天津市委九届十次全会精神。校长龚克通报了学校重点工作的进展情况。校党委委员、纪委委员和中层正职干部参加会议。

薛进文在传达时指出，近年来，胡锦涛总书记等党和国家领导人十分重视和关心天津发展。胡锦涛总书记先后7次就天津工作作出重要指示，发表重要讲话，先后提出了“五个进一步”、“一个排头兵”、“两个走在全国前列”、“四个着力”、“五个下功夫、见成效”和“四个注重”的重要要求。这些重要指示和讲话，高屋建瓴，一脉相承，内涵丰富，论述精辟，对于做好天津工作具有十分重要的指导意义。特别令南开人振奋和鼓舞的是，在学校改革发展的重要节点，在新校区规划建设的关键时刻，今年“五一”期间，胡锦涛总书记来天津考察时，亲切询问了南开、天大新校区规划建设情况，对天津市、教育部共建两校新校区工作给予了充分肯定，体现了党中央对两校发展的高度重视和亲切关怀。5月24日至25日，市委召开九届十次全会，深入学习贯彻胡锦涛总书记在津考察重要讲话精神，审议通过了《中共天津市委关于认真学习贯彻胡锦涛总书记在津考察重要讲话精神，全面落实“四个注重”工作要求的实施意见》。

薛进文强调，贯彻落实好胡锦涛总书记在津考察重要讲话精神，关系到国家重大发展战略的实施，关系到天津当前和长远发展，也关系到南开大学的改革和发展。我们要进一步做好新校区的规划建设工作；进一步服务好天津经济社会发展和滨海新区的开发开放；进一步履行好社会主义大学的使命和责任；进一步深化改革创新，努力成为教育教学改革的试验区，成为高等教育科学发展的排头兵；进一步做好学校第八次党代会的筹备工作；进一步落实学校各项工作的目标要求，自觉维护校园和谐、安全和稳定。

龚克在会上重点通报了学校第八次党代会筹备和新校区规划建设工作的进展情况，并对学校“十二五”事业规划编制和“985工程”新一期工作进展进行了介绍。

龚克指出，第八次党代会是学校发展进程中的一件大事。目前党代会的组织工作和宣传工作正在有序推进，“选好班子，写好本子”，是全体党员代表以及所代表的全体党员，为南开的未来发展群策群力，形成共识，明确目标，奋发前进的重要过程。今年以来，学校调整了新校区建设的领导和工作机构，加快了新校区工作的步伐，在规划设计、投资估算及一期建设资金筹措、建设立项等方面取得了重要进展。我们还要站在更高的高度，突出“服务、改革、合作”，认真做好“十二五”事业规划编制，扎实推进“985工程”新一期工作。

会议要求，全校各级党组织和各单位、各部门尽快向广大党员干部和师生员工传达会议精神，紧密结合工作实际，切实抓好学习贯彻落实。要紧张有序，扎实有效地做好党代会筹备、新校区规划建设等学校重点工作，以更加优异的成绩迎接建党90周年和学校第八次党代会的召开。</body></doc>