<?xml version='1.0' encoding='utf-8'?>
<doc><id>10122</id><url>http://news.nankai.edu.cn/nkyw/system/2011/05/28/000039414.shtml</url><title>【组图】“青年：让思想飞”主题活动精彩瞬间-中央电视台,党委宣传部,团委-南开要闻</title><datetime>2011-05-28 00:00:00</datetime><body>【组图】“青年：让思想飞”主题活动精彩瞬间 来源： 南开新闻网 发稿时间： 2011-05-28 11:30 摄影记者 陈晨 任永华 嘉宾探讨青年话题 主持风采 南开学生弦乐八重奏 与《对话》栏目组对话 孙小梅倾情演唱 相机记录精彩瞬间 等候的同学有秩序地排起长队 后台，主持人在对词 编辑 ： 张剑 分享南开大学新闻 相关新闻： 中央电视台观众影响力大型展演首站进南开</body></doc>