<?xml version='1.0' encoding='utf-8'?>
<doc><id>1012</id><url>http://news.nankai.edu.cn/nkyw/system/2018/03/15/000371797.shtml</url><title>淮南市领导访问南开大学--南开要闻</title><datetime>2018-03-15 00:00:00</datetime><body>南开新闻网讯(通讯员 赵睿)近日，安徽省淮南市人大副主任、毛集区工委书记赵期中一行来我校访问。校党委党委副书记张亚在红�|馆会见了客人。安徽省政府驻天津办事处、天津市安徽商会负责人，学校办公室、高端继续教育中心以及南开大学天津校友会、南开大学EMBA校友会负责人参加。

张亚介绍了学校的概况、基本特点以及学科布局、人才队伍建设情况。赵期中就淮南市特别是毛集区的基本情况，以及在大数据、化工产业、高端装备制造等方面的发展规划进行了介绍。双方还就加强合作交流和干部培训等方面进行了探讨。

会前，赵期中一行在主楼周恩来总理塑像前敬献鲜花，并参观了西南联大纪念碑。</body></doc>