<?xml version='1.0' encoding='utf-8'?>
<doc><id>10130</id><url>http://news.nankai.edu.cn/nkyw/system/2011/05/27/000039377.shtml</url><title>中央文献研究室专家来校作报告-中央文献研究室,报告,廖心文,周恩来政府管理学院-南开要闻</title><datetime>2011-05-27 00:00:00</datetime><body>(记者 平 扬 通讯员 李敏丽 刘小茵 摄影 任永华)喜迎中国共产党成立90周年之际，全国著名周恩来研究专家、中央文献研究室原室务委员、南开大学兼职教授、周恩来研究中心学术委员会名誉主任廖心文，受邀来校作报告。报告主题为“20世纪50至70年代毛泽东、周恩来、邓小平等老一辈革命家打破美苏包围的决策历程”。校党委常委、教务长朱光磊出席并致欢迎词。周恩来政府管理学院师生代表聆听报告。

从分析毛泽东时期我国对打破以美国为首的西方“包围”计谋的战略思考，到阐释新中国成立至日内瓦会议召开期间我国与西方列强进行的“包围”与“反包围”的斗争，再到陈述我国随后寻找“反包围”主要突破口并同印度、缅甸、印尼等国发展友好合作关系的过程，廖心文娓娓道出20年间我国外交历程和国际风云变幻。

廖心文说，毛泽东等老一辈革命家在处理当时异常复杂的国际关系时，总是冷静地坚持对情况进行具体分析，对各种力量恰如其分地分别对待。在团结一切愿意和平的力量，孤立和分化美国霸权政治的总方针下，与社会主义国家建立友好同盟关系、利用好帝国主义国家之间的矛盾，特别是与印度、缅甸、印尼等“中间国家”建立友好合作的关系，构成了20世纪50年代毛泽东等关于如何打破以美国为首的西方包围的重要战略思路。这一战略思路，在实践中一步步得到贯彻，取得很大的成效。

廖心文的精彩报告博得了阵阵掌声。同学们说，专家的精彩演讲使自己进一步加深了对我国外交政策及发展历程的认识，感受到了老一辈革命家的外交艺术和思想光辉。</body></doc>