<?xml version='1.0' encoding='utf-8'?>
<doc><id>10137</id><url>http://news.nankai.edu.cn/nkyw/system/2011/05/25/000039287.shtml</url><title>2011届毕业生就业工作推动会举行-毕业生,就业,推动会-南开要闻</title><datetime>2011-05-25 00:00:00</datetime><body>(记者 平 扬 摄影 任永华)5月24日，南开大学2011届毕业生就业工作推动会在学校办公楼举行。党委副书记刘景泉出席并讲话。各学院党政领导班子成员、全体就业工作干部参加会议。学工部负责人主持会议。

刘景泉指出，学生就业工作是综合评价一所大学办学成绩和社会声誉的重要因素，是一项事关社会稳定和谐、学校发展和学生成长的重要工作，全校各单位必须高度重视，靠前指挥，积极采取切实有效措施，全力推动毕业生就业工作。

刘景泉要求，各单位党政一把手要身体力行，率先垂范，带头为毕业生开拓就业市场。发挥我校就业工作优良传统，动员教师参与学生就业，充分挖掘和运用校友资源，积极推荐毕业生。积极引导、大力推进毕业生面向基层就业，引导学生树立“行行可建功、处处能立业、劳动最光荣”的就业观，到西部、到基层、到祖国需要的地方建功立业。积极开拓就业市场，坚持“走出去”与“请进来”相结合，利用科研、教学等机会，有意识地开发一批与专业关系较密切的用人单位资源，并与之建立良好、稳定的用人关系。要将教学、科研、学科建设与学生就业相结合，明确学生培养方向，积极深入用人单位调研，了解社会对人才的需求，及时调整更新教学内容，将学科建设与人才培养和社会需要紧密结合，在提高科研水平的同时注重提高学生的科研能力和实践能力。加强就业指导服务的针对性，对就业困难群体重点帮扶，通过细致的思想工作和心理辅导，及早化解各种不稳定因素。加强思想政治教育，确保就业安全与校园稳定，教育学生客观、理性、辩证地认识就业形势，帮助毕业生解疑释惑，确保毕业生文明离校。

学校就业指导中心负责人对2011届毕业生的就业情况进行总结和分析。我校今年共有毕业生6502人，其中本科生2988人，研究生3514人。据学校相关部门统计，今年学生就业形势良好，就业工作进展有序。

学校数措并举，大力推进就业工作。自2011届毕业生就业工作启动以来，学校举办各类讲座71场，其中包括“行业大讲堂”12场、“成功校友就业与创业论坛”16场、“创业大讲堂”10场。编印发放就业辅导刊物《学生就业通讯》10期，近6万份。开展了别开生面的“职业辅导活动月”活动、“第三届职业生涯规划大赛”、“研究生模拟招聘大赛”、“职场挑战赛”、“模拟面试大赛”、“职业生涯成长课堂”、“求职训练营”等。截至目前统计，学校共为学生联系了5694家招聘单位，提供岗位信息52100余个，单位数比去年同期增加了28.7%，岗位信息数比去年同期增加30.8%。其中，学生就业指导部门举办了349场企业专场招聘会和11场综合类现场招聘会，提供招聘岗位信息万余个；通过学校就业信息网发布岗位信息34800余条；各学院接待并举办的招聘会971场，提供岗位信息7000余条。同时学校还组织学生参加了“2011年全国高校毕业生就业网络联盟联合招聘周”活动、教育部“2011年‘走进春天’大型网络招聘会”活动等十余次网上招聘会。</body></doc>