<?xml version='1.0' encoding='utf-8'?>
<doc><id>10131</id><url>http://news.nankai.edu.cn/nkyw/system/2011/05/27/000039357.shtml</url><title>红色书籍激励学子图强-红色书籍,助学金-南开要闻</title><datetime>2011-05-27 00:00:00</datetime><body>(记者 平 扬 摄影 陈 晨)喜迎中国共产党成立90周年之际，北京银行天津分行为我校部分家庭经济困难学生捐赠红色书籍与助学金，鼓励大家奋发图强。受资助的50名同学手捧《做最好的党员》、《中国共产党为什么能》、《国情备忘录》、《毛泽东引古论事》等红色书籍，爱不释手。

5月26日，在学生活动中心举行的捐助仪式上，天津市金融工委书记李国林，我校党委副书记刘景泉，北京银行天津分行行长张健、副行长王耀，团市委相关负责人，我校团委负责人出席并为学子颁发助学金。

刘景泉向北京银行天津分行情系教育事业的善举表示赞誉与感谢，他说，百年大计，教育为本，发展教育事业不仅需要政府投入，还需要全社会的关注与支持，捐资助学是一项功在当代、惠泽后世的事业。他鼓励学子在未来的学习生活中，坚持自立自强的人生态度，坚定决心战胜成长道路上的困难，常怀感恩之心，在顽强拼搏中磨炼意志，刻苦成才，在实践中传承南开人心系国家、淑世为公的品质，造福社会，奉献人民。

李国林向获得资助的学子表示祝贺，他说，关爱青年进步成长是全社会应尽的义务，北京银行天津分行多年来以坚持服务地方经济建设为己任，支持文化教育事业，他们的善举倡导了一种良好的社会文明，希望更多的企业加入其中，使更多学子获得帮助，顺利成长。

经济学院2007级金融学专业学生李娇说出许多学子的心声：“助学金不仅为我们的生活提供了极大的帮助，更给予我一种说不出的勇气和肯定，使我对未来有了更明确的目标。”</body></doc>