<?xml version='1.0' encoding='utf-8'?>
<doc><id>10136</id><url>http://news.nankai.edu.cn/nkyw/system/2011/05/25/000039292.shtml</url><title>澳大利亚墨尔本大学副校长访问南开-澳大利亚,墨尔本大学,副校长,访问-南开要闻</title><datetime>2011-05-25 00:00:00</datetime><body>(记者 张 剑 摄影 陈 晨)5月23日，澳大利亚墨尔本大学副校长西蒙・埃文斯(Simon Evans)一行访问南开大学。校党委书记薛进文在办公楼会见了客人。

薛进文向西蒙・埃文斯一行表示欢迎。他简要介绍了南开大学的办学历史、优势学科、师资队伍等情况，着重介绍了南开大学即将建设津南新校区，天津滨海新区开发开放的重大机遇，以及南开大学趁势而上的发展势头。他还邀请西蒙・埃文斯常来南开访问、讲学。

西蒙・埃文斯表示，南开大学是墨尔本大学在中国的第一家合作高校，是该校最重要的战略合作伙伴之一。多年来，墨尔本大学与南开保持着良好的合作关系，我们愿意继续保持与南开的传统友谊，深化两所重要大学的交流合作。

墨尔本大学是澳大利亚8所高校联盟成员之一。早在1983年，墨尔本大学便与南开大学建立校际友好关系，多年来两校频繁互访、交往密切。2008年，两校重新签订了《学术交流与合作协议》和《学生交流协议》。2009年5月，墨尔本大学校长格莱恩・戴维斯受聘南开大学名誉教授。</body></doc>