<?xml version='1.0' encoding='utf-8'?>
<doc><id>10138</id><url>http://news.nankai.edu.cn/nkyw/system/2011/05/25/000039286.shtml</url><title>校领导出席创新与创造力国际研讨会-研讨-南开要闻</title><datetime>2011-05-25 00:00:00</datetime><body>南开新闻网讯(通讯员 张宁)5月21日，由南开大学主办的“创新与创造力国际研讨会”在北京举行。意大利前总理、我校名誉教授普罗迪(Prof.Romano Prodi)，中欧论坛创始人、中欧国际工商学院教授、我校客座教授高大伟(Prof.David Gosset)应邀出席本次研讨会。校长龚克出席研讨会并在大会上作了题为“创造力与教育的可持续发展”的演讲。

龚克在发言中表示，创造力是人类发展的内在动力，人类发挥创造力的同时也必须负起时代责任，而这正是教育的职责所在。南开大学的校训“允公允能”，把“公德心”放在首位，也恰恰强调了责任感的重要性。

意大利博洛尼亚大学商学院院长博加明教授(Prof.Bergami)，我校商学院、周恩来政府管理学院、经济学院的中青年教师及博士生代表参加了研讨会。各位与会代表围绕“创新与创造力”这一主题，展开热烈的讨论。大会由高大伟教授担任主持。本次研讨会增进了与会双方的相互了解，为今后的进一步合作奠定了基础。

研讨会开始前，龚克亲切会见了普罗迪一行，并对他能够出席本次研讨会表示欢迎。他表示，希望普罗迪教授能够利用自己的影响力和经历，为推动中意两国的教育交流发挥积极作用。普罗迪表示，自己非常愿意推动南开与意大利等国外高校之间的合作与交流，并对于能够成为南开的一员感到非常荣幸和自豪。</body></doc>