<?xml version='1.0' encoding='utf-8'?>
<doc><id>10135</id><url>http://news.nankai.edu.cn/nkyw/system/2011/05/25/000039294.shtml</url><title>美国密歇根大学管乐团访问南开-美国,密歇根大学,管乐团,访问-南开要闻</title><datetime>2011-05-25 00:00:00</datetime><body>美国密歇根大学管乐团访问南开 来源： 南开新闻网 发稿时间： 2011-05-25 12:01 南开新闻网讯(记者 张 剑 学生记者 纪蕴佳 摄影 任永华)5月23日，美国密歇根大学管乐团一行访问南开大学。校党委书记薛进文在专家楼会见了客人。 (记者 张 剑 学生记者 纪蕴佳 摄影 任永华)5月23日，美国密歇根大学管乐团一行访问南开大学。校党委书记薛进文在专家楼会见了客人。 薛进文对密歇根大学管乐团一行的来访表示热烈欢迎，并预祝他们在津演出成功。双方均表示，希望今后加强交流，在更多领域开展合作。 当晚，美国密歇根大学管乐团在天津音乐厅举办“星球大战――美国密歇根大学管乐团音乐会”。校纪委张式琪书记出席观看了演出。 美国密歇根大学管乐团享有现代美国管乐运动领袖的美誉，是该类乐团中的佼佼者。麦克・西斯考克于2001年受聘于密歇根大学，并成为密歇根大学管乐团音乐总监。他对乐团的传统分外重视，并在其原有的基础上推陈出新。密歇根大学管乐团精湛的表演水平和高难度的演奏曲目成为自己鲜明的标志。据悉，天津是密歇根大学管乐团此次开展访华演出的第五站。 编辑 ： 冀宁 分享南开大学新闻 相关新闻： 澳大利亚墨尔本大学副校长访问南开 香港中文大学高级行政人员交流团访问南开 法国鲁昂高等商学院校长访问南开大学 日本爱知大学校长佐藤元彦一行访问南开大学 日本东京大学北京事务所所长访问南开</body></doc>