<?xml version='1.0' encoding='utf-8'?>
<doc><id>10132</id><url>http://news.nankai.edu.cn/nkyw/system/2011/05/27/000039351.shtml</url><title>学校开展食品卫生安全检查--南开要闻</title><datetime>2011-05-27 00:00:00</datetime><body>(通讯员 李洁梅 学生记者 刘南飞 摄影报道)5月26日，学校党委常委、校长助理、总会计师孙广平对学校学生食堂及各餐饮单位进行了检查, 食品安全卫生管理领导小组全体成员及学生食堂、各餐饮单位等部门有关负责同志陪同检查。

孙广平一行先后视察了各学生食堂、外事区餐饮单位、幼儿园，并进行了点评。他对高度重视食品安全卫生工作的单位给与了充分的肯定，对出现问题的单位进行了批评，并责令其限期整改。

孙广平指出，随着夏季来临，各部门要把食品安全问题放在首位，从进货渠道、制作过程、后期处理、出售各环节上严格把关。同时注意消灭蚊蝇，校医院要配合做好防疫工作,千方百计把工作做实、做细，一定要责任落实到人。要适当增加食品的花色品种，丰富教职工及学生的饮食。另外，各学生食堂要在提高服务态度、稳定价格、保证饭菜的质量上下功夫，让学生们“吃得起，吃得饱，吃的好”。孙广平还对清真食堂给予了特别的关注，他指出要尊重少数民族同学的饮食习惯，确保从原料采购到就餐环境卫生、“清真”。 他强调，各职能部门和经营单位要提升认识，高度重视，必须在思想观念和意识上警钟长鸣。

最后，孙广平强调，食品卫生安全工作关乎和谐校园建设，各部门要以高度的责任感，积极拓展工作思路、加强管理；积极拓展交流渠道，听取各方面意见、建议，努力提高学校服务工作水平；以积极的态度，迎接建党90周年和中共南开大学第八次党员代表大会的召开。

</body></doc>