<?xml version='1.0' encoding='utf-8'?>
<doc><id>10134</id><url>http://news.nankai.edu.cn/nkyw/system/2011/05/26/000039318.shtml</url><title>学校召开招投标管理与治理“小金库”工作部署会-招投标,小金库,部署会-南开要闻</title><datetime>2011-05-26 00:00:00</datetime><body>(记者 张 剑 摄影 任永华)5月25日下午，学校在省身楼召开招投标管理与治理“小金库”工作部署会。校长龚克，纪委书记张式琪，党委常委、校长助理、总会计师孙广平出席会议。全校各学院、各单位、机关各部门主要负责人及财务主管参加会议。

龚克在讲话中指出，做好招投标管理与“小金库”治理工作，是完善社会主义市场经济秩序的必然要求，也是依法治校、维护校风的现实需要。全校各单位、部门，以及学术带头人等要在思想上高度重视该项工作，认真学习有关文件，严格按照规定办事，做到履职到位、管理严格、监督有力，逐渐建立、完善“阳光”的工作机制，形成各司其职、各尽其责、齐抓共管的良好局面。

张式琪在讲话中指出，积极推进学校招投标管理体制改革，是落实党委学习实践科学发展观活动整改方案的一项重要举措，对于规范学校内部管理、构建风险防范系统、推进学校反腐倡廉建设具有积极意义。全校各单位、部门要充分认识“小金库”治理工作的重要意义，把思想和行动统一到中央和教育部的部署与要求上来，从科学发展和全局的高度，周密组织实施，认真贯彻落实。

会上，孙广平解读了正在试行中的《南开大学招标采购管理暂行办法》、《南开大学招标采购评审专家管理暂行办法》和《南开大学招标采购监督暂行办法》，部署了2011年“小金库”专项治理工作。他说，招投标管理与“小金库”治理工作有赖全校上下的支持、配合与监督，希望各单位认真做好宣传、教育和引导工作，严格按照规章制度办事；各管理部门要处理好管理和服务的关系，共同确保学校建设工程管理工作的有序进行。

据悉，自去年7月学校启动招投标管理体制改革以来，招投标管理办公室、监督工作小组及各相关职能部门协调配合，共同努力，从制度建设入手，构建起了较为科学完善的招投标管理与监督制度体系和工作运行机制；积极试行新的招投标管理与监督办法，不断探索和完善相关工作环节，为全面推行新的管理办法打下了良好的基础。学校日前发布了《招投标采购管理暂行办法》等3个文件，动员全校各级党政组织，全面推开并不断规范学校招投标工作。</body></doc>