<?xml version='1.0' encoding='utf-8'?>
<doc><id>10146</id><url>http://news.nankai.edu.cn/nkyw/system/2011/05/22/000039221.shtml</url><title>【迎党代会・成就巡礼】育人沃土 培养栋梁之材-党代会-南开要闻</title><datetime>2011-05-22 00:00:00</datetime><body>记者 平 扬

8年来，学校党委始终紧密围绕“培养人”这一根本任务，不断强化育人为本、德育为先的理念，精心培育全员、全方位、全过程育人的环境，不断丰富课堂教学、校园文化、社会实践“三位一体”的育人模式，显现出鲜明的南开育人特色和育人风格。

学校党委统一领导，党政齐抓共管，形成了全校上下共同参与的德育工作机制。按照中央16号文件精神的要求，先后出台了10余个与学生思想政治教育相关的重要文件，召开了学生党建工作会、加强和改进思想政治理论课工作会、研究生思想政治教育工作会等专题会议，对重点工作进行研究部署。

牢牢把握德育工作的正确方向，加强理想信念教育，弘扬时代主旋律，推进学生党建。坚持利用“一二・九”、“九・一八”等重大纪念日开展爱国主义教育，推出“我与祖国共奋进”、“我爱我的祖国・我爱我的南开”等一批主题活动。将党课与公选课相结合，建立了以宿舍为单位的学生党员联席会制度，在学生入党纪念日举办的“红色生日”、以党员帮扶为主要内容的“红色领航计划”等活动成效显著。利用网络新阵地开展教育，“觉悟网”、“晨钟博客”等已成为学生思想政治教育的“红色阵地”，累计访问量超过1000万人次。学校每年评选和表彰50余个优秀学生党支部、200余名优秀学生党员和30多个学生党建创新项目。8年来，学生党员数从2003年底的3750人增长到目前的7704人，一大批优秀南开学子凝聚在党的旗帜下。与此同时，坚持党建带团建，加强基层团组织建设，涌现出1个全国“五四”红旗团委、4个全国“五四”红旗团支部和1名全国优秀共青团干部。

注重德育工作主阵地的建设，发挥传统优势，积极推进思想政治理论课改革。2006年获批马克思主义理论一级学科授权；“马克思主义基本原理概论”、“中国近现代史纲要”先后入选国家级精品课程；积极承担《思想道德修养与法律基础》等教材和“网络教学资源库”的编写与建设；加强师资培训，组织集中备课、集体攻关，启动“马克思主义教育学院青年教师培养和支持计划”。

深入发掘南开的文化传统和精神特质，把“公能”作为人才培养的主题，将南开道路、南开品格、南开精神融入其中。以杰出校友周恩来为楷模，把传承“恩来精神”作为主要教育内容，先后评选出3届“周恩来班”，94名学子荣获“周恩来奖学金”。发挥校史育人功能，学校训、唱校歌、鸣校钟、听校史成为每位学子的“必修课”。

积极发挥“第二课堂”独特的育人功效，注重人文素质教育与科学素质教育相融合，实现学生全面发展。8年来，“老字号”的“南开名人讲座”持续举办，90周年校庆期间的“南开名家讲坛”开坛百场，拓宽学子了解前沿文化知识的视野。由“南开周末乐坛”、“南开周末影坛”、“南开周末文苑(电子杂志)”组成的“南开文化周末”，坚持高雅艺术和大众文化的统一，成为校园文化生活的品牌；每学期“梦圆南开”迎新生晚会、“聚散天涯・依依南开”毕业生晚会等，更是提升了学生的审美能力和欣赏水平。鼓励思想理论、科学技术、文艺体育、社会公益等各类学生社团建设，著名的“南开理论圈”成为全国高校学生课外理论学习的典范。学校已建立300多个学生社会实践基地，每年派出学生志愿服务与社会实践小分队500余支，其中社会实践示范队100余支，赴全国各地开展“三下乡”实践活动，内容涵盖支教支农、理论宣讲、灾后重建、法律援助、送医下乡等多方面。不断创新教育形式，在全国高校首创了新生入学前做义工的“暑期作业”制度，实施研究生赴津南挂职暨百名博士当村官工程，推出学生“服务万载”科教支农项目。

南开沃土成长栋梁之材，在优秀的育人环境熏陶下，朝气蓬勃、积极向上的优秀学子大量涌现。他们在奥运会、汶川地震等一系列大事、急事、难事面前表现出了昂扬的精神状态和勇于担当的社会责任；全校合力救助阿依努尔的感人事迹、陈永刚冰湖勇救落水老人的先进典型是南开精神“润物无声”的体现；多年来，数千名学子在达沃斯论坛、上海世博会等各类重大活动中担任志愿者，广受社会各界好评；学生合唱团受邀参演“俄罗斯汉语年”、“西班牙汉语年”等重大活动，成为中华优秀文化的传播使者。</body></doc>