<?xml version='1.0' encoding='utf-8'?>
<doc><id>10145</id><url>http://news.nankai.edu.cn/nkyw/system/2011/05/22/000039227.shtml</url><title>生物活性材料教育部重点实验室召开学术委员会会议-生物活性材料,教育部重点实验室,生命科学学院,科技处-南开要闻</title><datetime>2011-05-22 00:00:00</datetime><body>南开新闻网讯(通讯员 李东霞)5月21日，南开大学生物活性材料教育部重点实验室召开学术委员会会议。南开大学党委副书记杨庆山出席，生命科学学院负责人、学术委员会专家以及重点实验室部分师生参加了会议。

杨庆山代表学校致辞，向与会专家表示欢迎，对各位专家支持重点实验室工作表示感谢。他向各位专家致送了聘书，并希望以刘德培院士为主任、顾忠伟教授为副主任的学术委员会为实验室的建设和发展多提宝贵建议和意见。

会议由南开大学科技处负责人主持，他宣读了新一届学术委员会成员名单。重点实验室主任孔德领做工作报告，汇报了近年来重点实验室的工作进展，并着重介绍了实验室的研究方向、学术队伍建设、学术活动以及科研成果等情况。

会议中，各位学术委员会委员对重点实验室近年来的工作给予充分肯定，并针对实验室今后的建设与发展开展了热烈讨论。</body></doc>