<?xml version='1.0' encoding='utf-8'?>
<doc><id>10142</id><url>http://news.nankai.edu.cn/nkyw/system/2011/05/23/000039256.shtml</url><title>学校第八次党代会专题网站正式推出 -党代会-南开要闻</title><datetime>2011-05-23 00:00:00</datetime><body>党代会宣传工作全面启动

南开新闻网讯(记者 党宣)中国共产党南开大学第八次党员代表大会(以下简称第八次党代会)将于今年9月召开。这次大会是在全面加快南开改革发展关键阶段召开的一次十分重要的大会，是全校广大党员和干部群众政治生活中的一件大事。按照学校制定的第八次党代会宣传工作方案，为使广大师生及时、准确地了解党代会筹备工作以及大会实况，党委宣传部精心策划、制作的“中国共产党南开大学第八次党员代表大会”专题网站正式推出。网站地址为http://202.113.27.111/zt/ddh/，在学校主页、南开新闻网、觉悟网均设有专题链接。

专题网站开设了“通知公告”、“新闻报道” 、“工作动态”、“党建巡礼”、“典型风采”、“党的知识”、“视频新闻”、“精彩专题”等栏目，不仅全面整合了学校筹备第八次党代会各项工作的相关报道，还充分发挥网络优势，推出大量报道专题，力图以图片、文字、视频等多种形式全方位、立体式报道第八次党代会及第七次党代会以来学校各项改革和事业发展取得的显著成就。网站将重点报道以下几方面内容：党代会的筹备进展情况；学校在党建和思想政治教育方面所取得的成就和特色工作；学校改革发展所取得的重大成就和特色优势；基层党组织开展的创新特色工作；优秀党员、党务工作者的先进事迹等。

此前，《南开大学报》、南开新闻网、觉悟网、学校有线电视台、广播站、宣传橱窗等校内媒体都以专题、专版、专栏等形式推出了党代会特别报道，大力宣传第七次党代会以来我校党的建设、人才培养、学科建设、教学科研、管理服务等各项工作所取得的成就，以及涌现出的先进典型，积极营造昂扬向上、团结奋进、开拓创新的良好氛围。</body></doc>