<?xml version='1.0' encoding='utf-8'?>
<doc><id>10144</id><url>http://news.nankai.edu.cn/nkyw/system/2011/05/23/000039240.shtml</url><title>南开大学表彰本科生创新科研项目 启动新立项项目-百项-南开要闻</title><datetime>2011-05-23 00:00:00</datetime><body>南开新闻网讯(记者 张轶帆 摄影 任永华))“撰写研究报告和学术论文409篇，发表论文36篇，申报专利2项，开发软件26项，研发实物16件套。”2009年国家大学生创新性实验计划和第八届本科生创新科研“百项工程”的369个项目于近日顺利结题，并取得丰硕成果。

5月20日，南开大学2011年本科生创新科研表彰暨新立项项目启动会在综合实验楼举行，常务副校长陈洪，教务处、学工部、实验室设备处、科技处、社科处、财务处、团委负责人出席会议，并为获奖同学和教师颁奖。全校各院系主管本科生创新科研工作负责人、获奖项目组成员、指导教师代表参加会议。

陈洪代表学校向获奖同学、指导教师表示热烈祝贺，并感谢大家为国家大学生创新性实验计划和“百项工程”项目付出的努力。他说，在全校师生的共同努力下，本科生创新科研项目已成为南开大学培养创新人才的特色环节之一，近年来，越来越多的师生参与其中，取得了大批高水平科研成果，受到了全社会的广泛关注。

陈洪强调，学校鼓励、支持本科生作科学研究，目的不仅是得到研究成果，更希望藉此激发学生的创新意识，他寄语同学们，要保持强烈的探索精神、力争上游的科研精神，并在学习、研究的过程中，形成勤学、向上、诚信、创新的良好学风。

经过院系推荐，专家评审，2009年国家大学生创新性实验计划和第八届本科生创新科研“百项工程”共有119项优秀项目获得表彰，其中“具有特殊光磁功能的过渡金属双稳态分子材料的研究”项目获得特等奖；“民间美术现实意义研究――关于民间美术与农村小学美育模式的探索”等19项项目获得一等奖；“甘肃省定西市陇西县方言音系的田野调查”等26项项目获得二等奖；“《现代汉语词典》疑难词性的标注问题”等33项项目获得三等奖，“增值税转型后中小企业税收负担的影响研究――以T市小规模纳税企业为例的考察”等40项项目获得优秀奖。

据了解，在今年结题的项目中，有许多项目取得很好的成果，例如：化学学院张时远同学在大学四年期间积极开展研究性学习，并努力进行创新实践，共发表论文14篇，其中4篇会议论文，其余10篇被SCI收录，加和影响因子为33.675，影响因子大于4.0文章有5篇，其中最高为5.504，为世界顶级化学刊物Chemical Communications。目前该同学已被推荐参加天津市第十一届“挑战杯”课外学术科技作品竞赛，有望参加全国第十二届“挑战杯”课外学术科技作品竞赛；经济学院张兴龙同学主持的“天津市产业结构与大学生就业问题研究”项目成果“今年我市大学毕业生就业形势的新特点”被呈报天津市领导参阅，引起天津市委常委、教育工委书记苟利军的重视，并亲笔批示，《中国青年报》《今晚报》等媒体也对该课题组的工作作了专题报道。

颁奖仪式后，指导教师代表周立群教授、获奖学生代表张时远、闫冰冰分别上台发言，与大家分享了参与创新科研项目的经验、体会和收获。

本次会议的召开，也标志着2011年本科生创新科研计划的启动。经过学生申报、专家评审、学校审核，最后批准“催化臭氧氧化-活性炭联用工艺控制溴酸盐的效能研究”等60项项目为南开大学第九届本科生创新科研“百项工程”重点项目；批准“互联网时代版权保护的法律探索”等319项项目为南开大学第九届本科生创新科研“百项工程”一般项目，其中南开大学本科生创新科研“百项工程”基金资助316项，院(系)资助63项，参与学生1704名，指导教师460名，资助经费135万元。</body></doc>