<?xml version='1.0' encoding='utf-8'?>
<doc><id>1014</id><url>http://news.nankai.edu.cn/nkyw/system/2018/03/14/000371676.shtml</url><title>魏大鹏调研汉语言文化学院--南开要闻</title><datetime>2018-03-14 00:00:00</datetime><body>南开新闻网讯(记者 马超 摄影 任永华)3月13日，校党委书记魏大鹏到汉语言文化学院调研。

汉语言文化学院负责人汇报了学院发展思路、取得成绩、存在问题、应对措施等方面情况。

魏大鹏认真听取发言，对汉语言文化学院的工作局面和干部教师的工作状态给予充分肯定，向学院全体教职员工致以诚挚问候，希望学院继续保持良好氛围和精神状态，不断开创事业发展新局面。

魏大鹏说，要把留学生教育工作作为学院重要工作抓紧抓好。习近平总书记曾告诫全党，一代人干好一代人的事，但没有历史的、长远的眼光，也干不好当下的事。每个民族都应当有一批人仰望星空，站在新时代新的历史起点上，我们应该用历史的、长远的眼光，来思考谋划未来几十年的事。留学生教育工作要从国家战略层面来看待，对留学生的教育，不仅仅在于具体知识层面，而是要定位于培养未来的“民间外交大使”，要为留学生讲好中国故事，传播中国文化，增强情感认同，让他们“知中国服务人类”。要搭建各类平台，通过中外学生共同的文体活动，让留学生浸润南开文化，融入南开生活；同时要在日常教育教学之中做好各项管理服务工作。

魏大鹏指出，汉语言文化学院要致力于服务南开国际化发展战略。南开国际化发展，要有实在的载体，汉语在国际上很“热”，要通过汉语教学、科研，中国文化研究等，吸引国际知名大学在南开平台上交流探讨“中国文化”相关内容，同时与我们联合进行学术研究、人才培养等。学院要更加积极主动服务“一带一路”等国家战略，高度重视语言人才特别是小语种人才的培养，造就一批具备国际视野、通晓国际规则、能够参与国际事务和国际竞争的人才。随着中国不断“走出去”，也不断出现一些新的问题，南开需要在这些方面多做工作，体现南开贡献。

魏大鹏强调，要以学科建设为龙头推动学院发展，带动教学科研、学生培养、人才队伍建设等全面提升。学科建设带有综合性、引领性，把学科建设抓好才能带动人才队伍建设，从而更好开展学术研究；把学科建设好才能有更好的条件吸引优质生源、更好开展学生培养。全院要统一思想，提高认识，下大力气抓好学科建设。要按照“保质保量”原则、学科发展布局加大引才力度，同时培养促进原有教师不断成长，优化学术生态，繁荣学术研究，提升学生培养质量，推动学院不断发展。

魏大鹏说，南开每一个学院都应当成为“业界标杆”，汉语言文化学院要努力以党建促发展，在留学生教育和本科生培养方面继续探索、破解难题、开拓创新，为提升南开国际化水平、建设世界一流大学作出贡献。

学校办公室负责人陪同调研。</body></doc>