<?xml version='1.0' encoding='utf-8'?>
<doc><id>10148</id><url>http://news.nankai.edu.cn/nkyw/system/2011/05/21/000039213.shtml</url><title>专家学者聚南开研讨“未来五年全球金融格局”-金融,研讨会-南开要闻</title><datetime>2011-05-21 00:00:00</datetime><body>(记者 韦承金 摄影报道)5月21日，由中国国际金融学会、《国际金融研究》编辑部与南开大学经济学院共同主办的《国际金融研究》杂志第三届理事单位年会在南开大学省身楼召开。来自国内外的近百名专家学者齐聚南开园，围绕“未来五年全球金融格局：变革与趋势”的大会主题，对金融、经济领域的热点和学术前沿问题展开热烈讨论。

中国银监会副主席王兆星，中国银行股份有限公司副行长王永利，中国银行国际金融研究所所长、《国际金融研究》主编黄志强，南开大学副校长佟家栋出席会议。

佟家栋在致辞中代表南开大学对与会专家学者表示热烈欢迎，对研讨会的举行表示热烈祝贺。他指出，今年是“十二五”规划开局之年，是全国建设小康社会的关键时期，是深化改革开放、加快转变经济发展方式的攻坚时期。为推动“十二五”期间我国金融业的发展，促进国内对金融领域热点问题的追踪和研究，交流探讨国际金融领域的学术思想、理论与方法的创新，中国国际金融学会，《国际金融研究》编辑部与南开大学经济学院联合举办了本次会议。

佟家栋说，经济学科是南开大学的支柱学科，金融学是南开大学经济学院的优势学科，也是南开最早的学科之一。创建至今，在一批批专家学者的辛勤耕耘下，南开的金融学科得到了迅速的发展。今天，南开大学迎来了各界专家学者和行业精英，希望此次盛会能够为金融领域专家学者交流、相互促进，提供畅通的渠道和良好的平台，能够为推动我国金融事业创新与发展，进一步促进国家金融改革作出更大的贡献。

开幕式之后，王兆星、王永利、佟家栋分别作主旨演讲。当天，研讨会还邀请多位著名专家学者作大会主题报告，并以“金融监管与金融风险”、“国际金融与金融市场”为议题分组讨论。</body></doc>