<?xml version='1.0' encoding='utf-8'?>
<doc><id>10143</id><url>http://news.nankai.edu.cn/nkyw/system/2011/05/23/000039241.shtml</url><title>南开大学学生获全国英语辩论大赛冠军-英语-南开要闻</title><datetime>2011-05-23 00:00:00</datetime><body>南开新闻网讯(记者 陈晨 通讯员 刘天阳)近日，第十五届“外研社杯”全国英语辩论赛在北京外研社国际会议中心举行。来自南开大学APEX英文辩论社的两名本科生――外国语学院2009级英语专业的方易与商学院2009级会计专业的李慧玲组成的南开大学代表队在比赛中荣获第一名，从而获得了代表中国参加明年在德国柏林举行的世界大学生英文辩论赛的资格。

本届比赛中，南开大学代表队面对全国128所大学的参赛队伍，经过8轮循环赛和3轮淘汰赛，力挫群雄，以绝对优势进入总决赛。并最终凭借条理清晰的论证，精彩有力的反驳，以及扎实的专业知识和综合素养，荣获冠军。

“外研社杯”全国英语辩论赛是中国创办最早、规模最大的英语辩论赛事。辩题涉及社会生活、教育、国际政治、公共事务、道德法律等诸多方面的最新热点问题，不仅对选手的英语水平、表达能力有较高要求，更深入考查了选手的知识面、分析能力、思辨能力及临场反应，是思想、口才、心理素质的全方位较量。</body></doc>