<?xml version='1.0' encoding='utf-8'?>
<doc><id>10140</id><url>http://news.nankai.edu.cn/nkyw/system/2011/05/24/000039267.shtml</url><title>著名经济学家姚景源南开大学演讲--南开要闻</title><datetime>2011-05-24 00:00:00</datetime><body>南开新闻网讯(记者 冀宁 摄影 任永华)5月22日，著名经济学家、国家统计局总经济师兼新闻发言人姚景源访问南开大学，做客EMBA公能论坛，并为300余位EMBA学员做了题为“纵论中国宏观经济形势”的演讲。演讲前，南开大学副校长佟家栋会见了姚景源一行，商学院负责人陪同会见。 姚景源1983年毕业于吉林大学世界经济系，取得硕士学位。曾任国家经委副处长、商业部政策研究室副处长、国际合作司处长、副司长、中国国际贸易促进会商业行业分会副会长、常务副会长、国内贸易部商业发展中心主任、中国商业联合会副会长、秘书长、安徽省政府副秘书长、省政府办公厅党组成员、安徽省阜阳市委书记、市政府代市长、市长、党组书记、安徽省统计局局长、党组书记。现任国家统计局总经济师兼新闻发言人。</body></doc>