<?xml version='1.0' encoding='utf-8'?>
<doc><id>10149</id><url>http://news.nankai.edu.cn/nkyw/system/2011/05/21/000039212.shtml</url><title>香港中文大学高级行政人员交流团访问南开-香港中文大学,组织部-南开要闻</title><datetime>2011-05-21 00:00:00</datetime><body>南开新闻网讯(记者张剑 摄影陈晨)5月18日至19日，香港中文大学副校长郑振耀率高级行政人员交流团访问南开大学。校党委书记薛进文，党委副书记杨庆山在办公楼会见了客人一行。

薛进文代表学校对郑振耀一行的来访表示热烈欢迎。他说，南开大学与香港中文大学的友谊由来已久，并在频繁交往中不断深厚。香港中文大学多年来为南开大学培训了多位管理骨干，对学校提高行政管理水平发挥了重要作用。两校合作开展的社会政策、环境评价等研究项目取得了丰硕的成果。希望双方共同探讨新的合作模式，让友好关系更上一层楼。

郑振耀表示，香港中文大学与南开大学的渊源可追溯到抗战时期，香港中文大学首任校长李卓敏曾在西南联大任教。2007年，自己曾率队来南开大学参加第十届挑战杯，并受到了热情的接待。相信通过双方深入的交往合作，会产生更多的研究成果，碰撞出更多的智慧火花。

在为期两天的访问中，香港中文大学高级行政交流团参观了校园，并与学校办公室、组织部、宣传部、学工部、人事处、教务处、研究生院、科技处、社科处、国际学术交流处、实验室设备处、财务处和各学院负责人座谈。

自2003年起，南开大学每年派遣4名青年管理干部骨干赴香港中文大学培训学习，至今已有44人赴该校考察研修。2007年，两校正式签署学术合作与交流协议书，随后联合建立了“社会政策研究中心”和“战略环境评价研究中心”，目前已取得丰硕的研究成果。</body></doc>