<?xml version='1.0' encoding='utf-8'?>
<doc><id>10156</id><url>http://news.nankai.edu.cn/nkyw/system/2011/05/18/000039148.shtml</url><title>南开大学全面启动学生网上评教工作--南开要闻</title><datetime>2011-05-18 00:00:00</datetime><body>(通讯员 宁华 袁伟 摄影 任永华)5月16日，学校在办公楼召开本科学生评教工作布置会，全面启动学生网上评教工作。常务副校长陈洪出席会议并讲话。学校及各学院主管教学工作和学生工作的负责人参加了会议。会议由教务处负责人主持。

陈洪在讲话中指出，学生评教是学校教学质量管理工作的重要环节。学校部分学院早在1980年代就以问卷形式开展学生评教工作，了解教学工作中存在的问题。他强调，本学期学校启动网上学生评教，将学生评教与查看成绩联动，是目前其他兄弟高校较常见的做法，可以保证学生普遍地参与。各学院也可以从本单位教学工作实际情况出发，结合学生座谈、督导听课，以教学研究课题立项的形式推进学生评教工作，进一步提高学院、乃至学校教学质量管理水平。他希望各学院高度重视，充分做好动员、宣传和解释工作，参与完成网络学生评教工作是每一位南开人的权利和责任。

会上，教务处负责人介绍了近年来我校学生评教工作的进展情况，本学期学生网上评教工作安排及注意事项。

据悉，学校将自本学期开始全面启动学生网上评教工作，要求全校所有本科在校生在规定时间内登陆“南开大学教学教务管理系统”，进入“学生评教”模块对本学期所选课程的教学质量进行评价。为避免和学校选课工作冲突，鼓励学生在选课工作启动前完成评教工作。</body></doc>