<?xml version='1.0' encoding='utf-8'?>
<doc><id>10158</id><url>http://news.nankai.edu.cn/nkyw/system/2011/05/16/000039111.shtml</url><title>17国音乐家联手献礼南开周末乐坛三百场演出-周末乐坛-南开要闻</title><datetime>2011-05-16 00:00:00</datetime><body>南开新闻网讯(记者 高杨 摄影 任永华)5月15日的南开大学田家炳音乐厅成为了音乐的海洋，安徒生童话剧的活泼有趣，交响乐演出的大气恢宏，交织成“南开文化周末――南开周末乐坛三百场演出”。南开大学校长龚克、党委副书记刘景泉与师生一同观看了演出，学校党委宣传部有关负责人陪同观看。

当晚，田家炳音乐厅座无虚席，许多观众更是席地而坐，观看由17个国家的高水准音乐家组成的丹麦欧登赛交响乐团的演出。

该乐团拥有211年的悠久历史，为丹麦五大传统交响乐团之一，演出方负责人告诉记者：“他们昨天刚刚结束在国家大剧院的演出，今天中午便出发赶来南开大学，虽然旅途劳顿，但是出于对南开大学的敬仰和对师生的尊重，音乐家们坚持取消演出前的晚餐，一直排练到音乐会开始前。”

音乐会开始前，来自安徒生故乡的艺术家在学生活动中心的另一块场地举办了“安徒生童话‘美人鱼’互动表演”活动。许多同学扮演起了剧中的角色，和艺术家们合作演出，现场掌声笑声不断。

晚8点，音乐会正式开始，一曲《培尔金特第一组曲》过后，观众们的情绪完全被音乐家们优美的旋律和精湛的演奏调动起来，接下来表演的小提琴协奏曲更是令师生赞叹不已。大家最为熟悉的德沃夏克《第九交响曲》过后，晚会气氛到达了高潮，当指挥一一请出各个声部的乐手起立向观众致敬时，掌声、欢呼声响彻了全场。许多同学表示：“如果一直欢呼鼓掌能让音乐家多演几首的话，我们宁愿把手掌拍红，将嗓子喊哑”。

作为南开园里的品牌文化栏目，“南开周末乐坛”同“南开周末影坛”、“南开周末文苑”一道组成“南开文化周末”，倡导南开师生在周末“读一篇好文章”、“看一部好电影”、“欣赏一场高水平音乐会”，为广大师生在每周的工作学习之余献上了一道道文化艺术大餐，努力成为素质教育发展的文化力量。

南开周末乐坛定位于传播高雅艺术、民族艺术，倡导世界经典与民族精华的统一、高雅艺术与大众文化的统一、专业水准与师生参与的统一，组织器乐、声乐、舞蹈、话剧、曲艺等各种艺术形式的演出活动。从2001年创办至今，来自法国、奥地利等二十多个国家的艺术团体曾应邀来到南开周末乐坛进行演出。不仅如此，学校各学院、学生社团多年来也活跃在周末乐坛的舞台上，为南开校园文化发展增添亮色。正如一位同学所言：“也许多年以后，我会像记住新开湖一样，记住南开周末乐坛，它是我大学生活中最难忘的记忆扉页……”

学校党委宣传部有关负责人说：“经过10年的默默耕耘，高品质文化生活正在悄然走近更多的南开师生，我们真诚的邀请广大师生和我们一起，继续为营造南开园更加美好的人文环境而不懈努力。”

据悉，“南开周末乐坛”的相关演出信息将会及时发布在南开新闻网、南开觉悟网、“我爱南开”bbs以及“南开文化周末”新浪官方微博，敬请关注。</body></doc>