<?xml version='1.0' encoding='utf-8'?>
<doc><id>1015</id><url>http://news.nankai.edu.cn/nkyw/system/2018/03/13/000371414.shtml</url><title>“国画数字化创作技术人才培养”培训班南开开班--南开要闻</title><datetime>2018-03-13 00:00:00</datetime><body>南开新闻网讯(记者 郝静秋 摄影 任永华)3月12日，国家艺术基金2017年度人才培养资助项目“国画数字化创作技术人才培养”培训班在南开大学八里台校区开班。南开大学副校长朱光磊，文化部文化艺术人才中心主任李立中出席开班仪式。仪式由文学院负责人主持。

该项目由国家艺术基金资助，文化部文化艺术人才中心联合南开大学文学院共同实施，旨在培养一批具有传统中国画审美意识与艺术理念，并掌握当今信息时代创新创作技术的国画艺术创作人才。希望通过对国画数字化创作技术人才的培训，达到弘扬中华优秀传统文化，彰显中国特色社会主义时代精神的目的。

朱光磊在致辞中说道，国画艺术历史悠久，在漫长的积淀中形成了鲜明的民族风格与民族气派，在世界艺术之林独树一帜，是民族文化的瑰宝。面对当今瞬息万变的信息时代，如何为传统艺术注入生命力，使之继续葆有魅力，成为新时代文化发展中值得思考的重要问题。希望在本次项目实施过程中，文学院秉持严谨务实、精益求精的学风，保质保量地完成教学任务，努力培养国画数字化创作方面的优秀人才。

李立中对各位学员的到来表示热烈欢迎，对国家艺术基金项目情况和人才中心的发展概况进行详细介绍。他表示，文化工作者在新时代要担负起新的历史使命，要在实践创造中进行文化创造，在历史进步中实现文化进步。希望各位学员珍惜机遇，提高素养，相互交流，博采众长，真正将所学知识融于实践创作之中，努力促进我国国画艺术的传承与发展，成为掌握新型创作技能、传播优秀传统文化的中坚力量。

本次项目实施负责人、南开大学数字中国画创作研究中心主任张旺作为授课教师代表发言，他希望通过项目培训，可以和大家教学相长，共同探讨创作技艺，综合运用数字技术进行传统中国画艺术创作与创新性研究，使传统国画艺术在数字时代展现出全新的魅力。

培训班学员代表王砚在发言中说，大家将心怀感恩，不负重托，把国画数字化创作这一文化成果学好、用活，在今后的工作中为国家的文化事业贡献更多力量。

“国画数字化创作技术人才培养”培训班经过两个多月的全国招生遴选，共有30名学员由专家评议组择优选出。在接下来的一个多月时间里，南开大学文学院将以上机实训操作为主，辅以数字绘画技法、中国画、临摹练习、美学、文学、数字中国画创作等系统课程及专题讲座，对学员进行国画数字化创作技术培训，提升学员的中国画审美水平、艺术理念与数字化创作技能。30名学员通过集中培训，将于5月中旬在南开大学举办结业成果展览。

国家艺术基金监督专家、南开大学文学院东方艺术系教师代表参加开班仪式。

南开大学是国内少数几家开设中国画专业的综合性高校之一。文学院东方艺术系创建于1988年，知名书画家范曾、杜滋龄、田蕴章等都曾在东方艺术系执教。南开中国画专业以传统为根基，同时得益于文学院人文学术的熏陶，以全面继承和发展中国古典绘画优秀传统、培养具有人文精神和高尚情操的艺术人才为根本宗旨，形成了南开传统艺术教育的鲜明特色与独特优势。</body></doc>