<?xml version='1.0' encoding='utf-8'?>
<doc><id>10153</id><url>http://news.nankai.edu.cn/nkyw/system/2011/05/19/000039172.shtml</url><title>校领导到软件学院调研--南开要闻</title><datetime>2011-05-19 00:00:00</datetime><body>(记者 张轶帆 摄影报道)5月18日，南开大学校长龚克、纪委书记张式琪到软件学院调研，学校办公室、研究生院、“211”“985”工程办公室、人事处、教务处等部门相关负责人陪同调研，软件学院党政领导班子和教师代表参加调研座谈会。

龚克认真听取了学院负责人对教师队伍建设、学科建设、课程体系建设、科研情况、学生培养、对外交流等情况的汇报，并详细询问相关细节，和大家一同讨论交流。

龚克在讲话中指出，人才培养是高校的根本任务，软件学院要围绕“培养什么人”、“怎样培养人”这两个大问题认真思考、努力求解，要时刻保持忧患意识，认清行业发展业态，研究战略新兴产业的发展趋势，顺应时代潮流，审时度势，在毕业生就业市场保持长久竞争力。

龚克强调，在国家教育事业改革发展的关键时期，软件学院应目光长远，在借鉴国内外优秀高校经验的基础上，找准定位，形成特色，适应社会需求，充分调动学生学习积极性，培养全面发展的高素质人才，为国家经济社会发展作出更大贡献。</body></doc>