<?xml version='1.0' encoding='utf-8'?>
<doc><id>10152</id><url>http://news.nankai.edu.cn/nkyw/system/2011/05/19/000039174.shtml</url><title>校领导与离退休教师干部代表座谈-校领导,离退休,教师,干部,座谈-南开要闻</title><datetime>2011-05-19 00:00:00</datetime><body>(记者 张 剑 摄影报道)5月17日下午，学校在办公楼举行离退休教师干部座谈会。校长龚克，党委副书记杨庆山，离退休人员管理处负责人，及40多位离退休教师干部代表参加会议。

龚克指出，在国家转变经济增长方式、打造创新性国家之际，也是高等教育转型的战略时机。如何改进人才培养模式，培育兼备创新精神和实践能力的优秀人才，是南开科学发展面临的重要课题。规划“十二五”发展、召开第八次党代会是学校今年的重要工作，希望大家作为老南开人积极为学校今后的发展建言献策，共同为促进教学科研、管理服务等各项改革和事业发展作出贡献。

座谈会上，离退休教师干部代表就学校第八次党代会相关工作、人才队伍建设、学科建设、教学科研等各项工作建言献策。大家围绕学校近年来取得的发展成就和主要经验、面临的新形势、南开的定位、未来发展的目标、思路和举措等问题，展开了广泛的交流与研讨，并对学校未来的发展建设提出了意见和建议。</body></doc>