<?xml version='1.0' encoding='utf-8'?>
<doc><id>10151</id><url>http://news.nankai.edu.cn/nkyw/system/2011/05/19/000039175.shtml</url><title>南开大学召开共青团表彰大会-共青团,表彰-南开要闻</title><datetime>2011-05-19 00:00:00</datetime><body>(通讯员 何志慧 记者 平 扬 摄影 陈 晨)5月18日，南开大学纪念“五四”运动92周年暨2010-2011年度共青团总结表彰大会在主楼小礼堂举行。校党委书记薛进文、党委副书记刘景泉，共青团天津市委员会副书记冯侠、学校部部长许瑞出席会议，并与校办公室、组织部、宣传部、学工部、研工部、团委等部门负责人共同为获奖集体和个人代表颁奖。会议由校团委负责人主持。

薛进文代表学校党委向受到表彰的优秀青年组织和先进青年个人表示热烈祝贺。他说，在今年“五四”青年节前夕，胡锦涛总书记在庆祝清华大学建校100周年大会上对全国青年提出3点希望，温家宝总理与青年代表共话成才之路，这充分体现了党和国家对广大青年成长成才的亲切关怀。今年是中国共产党成立90周年，是国家“十二五”开局之年，是国家中长期教育改革和发展规划纲要实施的关键之年，南开大学也正站在新的历史起点上，以筹备召开第八次党代会为契机，结合新校区建设规划，积极谋划学校未来发展的蓝图，明确我校到建立百年时的发展目标，这正是青年同志大有作为的历史时期。

薛进文希望，广大青年学生要坚定理想信念，努力学习文化知识，增强为人民服务的本领，自觉地用马克思主义中国化的最新成果武装头脑，在人生的黄金时间树立正确人生观和价值观，坚定走中国特色社会主义道路的信心和决心，做“有理想、善学习、讲道德、要自立、勇奋斗”的新时期南开人；广大青年教职工要脚踏实地，用勤奋的工作和出色的业绩实现理想、履行使命，为学校发展作出更大贡献；学校各级团组织要进一步发挥好党的助手和后备军的作用，准确把握时代特点，创新工作思路和方法，不断增强工作针对性和时效性，深化服务育人职能，团结带领全校广大青年弘扬社会主义核心价值观；全校各基层党组织要高度重视团的工作和青年工作，努力营造重视、支持、鼓励青年工作的良好氛围。

冯侠说，多年来，南开各级团组织在学校党委、团市委的正确领导下，紧密围绕天津发展的新要求和青年发展的新需求，积极履行共青团组织青年、引导青年、服务青年、维护青年合法权益的职能，加强了团组织的自身建设，推动了学生课外理论学习、科技创新、实习实践等重点工作，在服务经济社会发展和青年成长成才中做出了突出成绩。希望广大青年团员继承和弘扬“五四”精神，各级团组织在中国特色社会主义伟大旗帜引领下，紧紧围绕全市“十二五”时期的部署和要求，团结带领广大团员青年为推进天津发展作出新贡献，谱写共青团事业发展新篇章。

在今年的学校共青团评优中，联合国千年发展目标基金“外出务工人员子女培训志愿服务试点专题项目”志愿服务团、生命科学学院孙蕾等8名同学分别获得集体和个人“青年五四奖章”荣誉称号；党委宣传部网络科等16个集体获得“青年文明号”称号；学生第三食堂员工郭书保等37名同志获得“青年岗位能手”称号；经济学院2009级经济系本科生班团支部等10个班级团支部获得“五四红旗班级团支部标兵”称号；爱心俱乐部团支部等10个社团团支部获得“五四红旗社团团支部标兵”称号，经济学院FM Highllywood团小组等10个团小组获得“五四红旗团小组标兵”称号，生命科学学院刘华希等11名同学获得“优秀共青团干部标兵”称号，周恩来政府管理学院龙滢等10名同学获得“优秀共青团员标兵”称号，经济学院2009级金融学系本科生班团支部等45个班级团支部获得“五四红旗班级团支部”称号，学生导游团团支部等15个学生社团团支部获得“五四红旗社团团支部”称号，周恩来政府管理学院“和谐号”团小组等20个团小组获得“五四红旗团小组”称号，经济学院邵帅等37名学生获得“优秀共青团干部”称号，化学学院李海霞等39名学生获得“优秀共青团员”称号。

今年，南开大学经济学院2008级国际经济与贸易系本科生班团支部荣获2010年度“全国五四红旗团支部”称号。还有一批优秀青年集体和个人荣获各项天津市级表彰：信息技术科学学院副院长方勇纯教授荣获“第十一届天津青年五四奖章”；化学学院不对称合成研究小组和法学院嘉陵北里支教服务队荣获“2011年度天津市新长征突击队”荣誉称号；环境科学与工程学院教授周明华、泰达应用物理学院教师刘智波、周恩来政府管理学院教师郑飞北、党委组织部干部科科长张宇、化学学院团委书记计景成及国际象棋国际特级大师、文学院学生王�h荣获“2011年度天津市新长征突击手”荣誉称号。

获奖集体和个人代表在大会上介绍经验。经济学院2008级国际经济与贸易系本科生班团支部作了“于‘细’处着手，从‘新’处动脑，以‘活’字见真章，用心做好基层团支部工作”的主题发言；信息技术科学学院2008级电子信息科学与技术专业的本科生李少阳发言的题目为“青春书写人生的华章”；联合国“外出务工人员子女培训志愿服务试点专题项目”志愿服务团成员安月梅的发言主题为“同在蓝天下，共同成长进步”；学生第三食堂员工郭书保立志“做一名踏实勤勉的南开人”，赢得全场热烈掌声。</body></doc>