<?xml version='1.0' encoding='utf-8'?>
<doc><id>10150</id><url>http://news.nankai.edu.cn/nkyw/system/2011/05/19/000039182.shtml</url><title>校领导到滨海学院调研--南开要闻</title><datetime>2011-05-19 00:00:00</datetime><body>(通讯员 梁巍 摄影 任永华)5月18日上午，南开大学校长龚克在校党委常委、教务长朱光磊及教务处、财务处、人事处、研究生院等有关部门负责人陪同下到滨海学院调研。

当天上午8点30分，龚克到达滨海学院，一下车就对校园进行了视察。龚克一行首先来到图书馆、第六教学楼等，听取了滨海学院负责人关于学院近年来校园建设情况的介绍，并饶有兴致地参观了学院沙盘图和滨海学院艺术系2011届毕业生作品展。随后龚克又来到第16、17号学生宿舍楼及学院三期工程现场进行了视察。

上午9点，调研座谈会在滨海学院行政楼会议室召开，滨海学院负责人就学院概况、学院建设情况、存在的问题及面临的困难，以及下一步建设与发展的整体思路四个方面向龚克进行了汇报。

龚克对滨海学院人才培养、创新教育成果、校企合作等给予充分肯定，他特别询问了学院学生专利申请情况，并就学院财务收支、毕业生就业、辅导员队伍建设及学生社团建设等工作提出了宝贵意见。

龚克指出，前不久胡锦涛总书记在清华大学百年校庆的讲话中就全面提高高等教育质量提出“四个必须”，我们要认真贯彻落实。他强调，质量是滨海学院的生命线，必须坚定不移地抓好教育教学质量的提升。作为独立学院，滨海学院要在抓质量上下功夫，应该有自己的质量观。他指出，在全国大力发展职业教育的导向下，我们要千方百计地促成有滨海特色的质量保证体系。他说，高层次人才是有不同类型的，而不能只局限于高学历和高职称人才上，这就需要我们通过加强符合滨海学院特点的师资队伍建设以提高师资质量，同时通过加强师德建设调动学生学习主动性，以此提高教学质量。

会后，龚克一行在滨海学院负责人陪同下与滨海新区大港工委书记张志方、管委会主任张传捷等进行了座谈，双方就滨海学院下一步建设与发展达成了一致意见并进行了热烈的交谈。</body></doc>