<?xml version='1.0' encoding='utf-8'?>
<doc><id>10159</id><url>http://news.nankai.edu.cn/nkyw/system/2011/05/15/000039101.shtml</url><title>“和大学生谈学习”讲座举行-讲座-南开要闻</title><datetime>2011-05-15 00:00:00</datetime><body>南开新闻网讯(通讯员 宋卓为 刘小茵)5月13日，南开大学党委常委、教务长、周恩来政府管理学院朱光磊教授作客由周恩来政府管理学院恩来团校举办的“和大学生谈学习”讲座。

朱光磊教授风趣幽默、妙语连珠，以独到的见解和中肯的建议说明作为一个大学生应该如何学习。讲座的内容涉及了大学生的专业学习、学术、读研以及课外学习等方方面面，不仅要求大学生在专业课方面认真努力、有所建树，还要求大学生广泛涉猎，学习各方面有用的知识，并通过学习来提高自己的素质和修养，成为一个合格的大学生。

在场同学们十分珍惜这次难得的机会，认真听讲、认真记录并积极提问。一位参加讲座的同学表示，自己进入大学已将近两年，一直没有找清自己的方向，感觉大学生活有些荒废，听了朱光磊教授的讲座，意识到作为一个大学生应该比高中时代更加努力学习，而且要更加广泛的涉猎。

这次讲座给大学生如何学习、学习什么提供了建议也提出了要求。在场同学们纷纷表示，作为大学生的我们应该更加努力学习，在专业方面有所建树，广泛涉猎，提升自己，做一个合格的大学生。</body></doc>