<?xml version='1.0' encoding='utf-8'?>
<doc><id>10157</id><url>http://news.nankai.edu.cn/nkyw/system/2011/05/16/000039116.shtml</url><title>校领导到数学所调研--南开要闻</title><datetime>2011-05-16 00:00:00</datetime><body>(通讯员 李红琴 摄影 任永华)5月13日下午，南开大学校长龚克在人事处、科技处、研究生院、 “211”“985”工程办公室等有关部门负责人陪同下对陈省身数学研究所进行了调研。数学所党政领导班子、全体教授和部分行政干部等教职工代表参加了调研。

龚克认真听取了大家的发言，不时记录、询问有关情况，并就人才引进、青年博士后研究人员培养等问题进行了深入交流。龚克强调，数学所一直走在全国的前列，希望数学所和数学学科其它单位一起开展工作，使我们南开的学生有更多学习数学的兴趣和较好的数学素养，并在其它学科中能够更好地应用数学知识做出成绩。采取有力举措,提升在国内外数学界的知名度和影响力，为数学所的进一步发展创造机会。在平时工作中，不断探索为数学所长远发展而需要的新体制，认清困难，发挥优势，为使我校早日成为国际知名高水平大学贡献力量。

数学所所长龙以明院士分别从组织架构、人才引进和培养与数学所的进一步发展所需各方面条件等方面介绍了数学所的发展历程，取得的成绩和现存的问题。葛墨林院士介绍了理论物理研究室和刘徽应用数学中心的历史、发展现状和存在的问题。张伟平院士结合自己的切身感受，就数学所今后发展的相关问题做了发言。部分教师代表就数学所在全国高校所处的地位、特色和发展瓶颈问题，与如何进一步引进人才、提升科研水平、保持学科的优势地位等建言献策。</body></doc>