<?xml version='1.0' encoding='utf-8'?>
<doc><id>10154</id><url>http://news.nankai.edu.cn/nkyw/system/2011/05/19/000039165.shtml</url><title>本间正明受聘南开大学客座教授--南开要闻</title><datetime>2011-05-19 00:00:00</datetime><body>南开新闻网讯(通讯员 高琪)近日，前大阪大学副校长、名誉教授，前日本内阁经济财政咨询会议议员，前日本政府税制调查委员会会长，现任近畿大学世界经济研究所所长本间正明先生受聘为南开大学客座教授。南开大学副校长佟家栋出席致聘仪式，并为本间正明致送聘书、佩戴校徽。

佟家栋对本间正明先生及其夫人的到来表示热烈欢迎和诚挚的问候，并简要介绍了学校以及财政学系的历史与发展，表示本间正明先生担任财政学系客座教授一定会促进财政学科的蓬勃发展。

佩戴着熠熠发光南开校徽的本间正明致答词。他感谢学校和经济学院财政学系给他学习交流的机会，希望自己能够为中日友好作出贡献。

致聘仪式结束后，本间正明作了题为“日本财政经济的最新课题――从振兴到经济再生”的学术报告。他简要介绍了2011年-2025年日本财政经济的预测发展，随后分别从短期和中长期的角度出发，具体阐述了日本财政经济面临的问题及应对措施。

在提问环节，老师和同学们踊跃提问，现场气氛热烈。两个多小时的学术报告，场下的老师同学们意犹未尽，纷纷表示对日本财政经济有了进一步的了解和把握，受益匪浅。

据悉，此次会议由南开大学主办，南开大学经济学院财政学系承办。</body></doc>