<?xml version='1.0' encoding='utf-8'?>
<doc><id>10168</id><url>http://news.nankai.edu.cn/nkyw/system/2011/05/11/000039002.shtml</url><title>校领导到文科创新楼调研--南开要闻</title><datetime>2011-05-11 00:00:00</datetime><body>(记者 张剑 摄影 任永华)5月10日下午，校长龚克到文科创新楼调研。学校办公室、人事处、研究生院、社科处、“985”“211”工程办公室等部门负责人陪同调研。经济与社会发展研究院、滨海开发研究院、日本研究院、高等教育研究所的负责人及教师代表参加调研座谈会。

龚克充分肯定了各研究院、所近年来在科研、教学和服务社会等方面取得的成就。他说，多年来，各研究院、所秉承“允公允能、日新月异”的校训，将经济、政治、管理、社会、金融等学科的多支优势力量集中到一起，开展跨学科研究、培育综合性人才，已经取得了令人瞩目的成绩，在国内外产生了广泛影响。

龚克指出，作为南开大学直属科研教学单位，各研究院、所要进一步适应新形势，充分利用学校多学科资源优势，研究国家改革开放实践中出现的新课题、新任务，在培育新兴学科、服务社会的同时，不断探索高校科研、教学和行政管理的新体制。

经济与社会发展研究院、滨海开发研究院、日本研究院、高等教育研究所的负责人分别简要介绍了各自单位的历史和发展现状，以及科研机制、合作办学、战略规划和发展中存在的障碍和问题等。</body></doc>