<?xml version='1.0' encoding='utf-8'?>
<doc><id>10164</id><url>http://news.nankai.edu.cn/nkyw/system/2011/05/13/000039050.shtml</url><title>教育部副部长李卫红到南开大学调研-教育部-南开要闻</title><datetime>2011-05-13 00:00:00</datetime><body>南开新闻网讯(记者 张剑 陈鑫 摄影 陈晨)5月12日上午，教育部党组成员、副部长李卫红，社会科学司司长杨光、副司长张东刚等来到南开大学，就全面贯彻落实教育规划纲要，深入推进“十二五”期间高校哲学社会科学繁荣发展，进一步提高哲学社会科学创新能力和社会服务水平进行调研。南开大学党委书记薛进文，校长龚克，常务副校长陈洪，党委副书记刘景泉，副校长关乃佳，党委常委、教务长朱光磊等陪同调研。

李卫红一行先后考察了文学实验教学中心、经济实验教学中心，参观了人文社会科学创新成果展，与师生就如何提高教育质量、加强基础学科建设、突出办学特色，更好地为区域经济社会发展服务等问题进行了深入交流。之后，李卫红在文科创新楼听取了南开大学人文社会科学研究工作的汇报。

薛进文介绍，近年来，在教育部的领导和支持下，南开大学在巩固基础学科传统优势的同时，积极适应国家经济社会发展需要，进一步加强应用领域研究，在理论创新、资政育人、服务社会、繁荣先进文化等方面做出了应有的贡献，孵化产生了一批成果显著的研究基地和团队。他表示，南开将进一步加大工作力度，不断推出精品力作，让一批大师级的学术人才在南开成长起来，形成独具特色的“南开学派”，在重大问题研究上发出南开声音，在国际学术舞台上展现南开身影。希望教育部领导继续关注、支持南开人文社会科学的发展和创新。

龚克代表学校对李卫红一行的来访表示热烈欢迎。他说，南开自建校以来，便确立了“文以治国、理以强国、商以富国”的办学理念，九十年来一直坚持“文理并重、比翼齐飞”的学科格局。正值学校制定“十二五”规划的关键时刻，全校上下都在思索如何提升办学质量、突出办学特色等问题，南开希望得到教育部领导的批评指导，借鉴兄弟单位的优秀经验，努力开创人文社会科学繁荣发展的新局面，在更多学术领域确立自身领军地位，为实现国家经济社会发展提供智力支持。

陈洪简要介绍了我校人文社会科学研究工作的基本情况。近年来，我校人文社会科学研究发展形势喜人：科研经费稳步增长，2010年经费总数创历史新高；立项科研项目“质”和“量”稳步提升，在基础理论研究、应用研究和对策咨询服务等方面取得了一批标志性成果；适时创新科研体制，形成了以专业学院为依托、以专业实体研究机构为基础、以非实体研究机构为延伸的“三位一体”研究体制。

滨海开发研究院、经济与社会发展研究院、妇女与发展研究中心、日本研究院和马克思主义研究中心等单位的负责人，分别汇报了各自在理论创新、人才培养、服务社会，以及多学科交叉开展社会重大问题研究等方面取得的成果，对进一步繁荣发展哲学社会科学提出了意见和建议。

李卫红认真听取了学校领导和学科带头人的汇报，对南开大学人文社会科学研究工作表示充分肯定。她说，南开基础理论研究扎实，社会服务成效显著，对外交流广泛深入，多年来取得了令人瞩目的成绩。国家“十二五”开局之际，我们要把握新机遇，迎接新挑战，实现更高水平的跨越。

李卫红在讲话中强调，当前高校要将贯彻落实教育规划纲要同学习贯彻胡锦涛总书记在庆祝清华大学建校100周年大会上的重要讲话结合起来，将质量提升贯穿于学校人才培养、科学研究、社会服务、文化传承创新各项工作之中；必须通过高水平的哲学社会科学研究支撑高等教育发展。

她希望南开大学进一步巩固马克思主义理论研究优势，大力推进中国特色社会主义理论体系的宣传普及，为推进马克思主义中国化、时代化、大众化作出新贡献；进一步发挥文理并重、人文社科齐全的综合优势，切实加强基础研究，大力促进跨学科研究，培育新的学科增长点，多出精品力作和优秀人才，为大力推进文化传承创新作出新贡献；紧紧围绕科学发展这个主题、加快转变经济发展方式这条主线，充分发挥教育部人文社会科学重点研究基地的重要作用，聚焦国家和区域经济社会发展中的重大问题，开展前瞻性、对策性研究，为天津滨海新区开发开放和产业结构调整优化升级提供强有力的智力支持，为党和政府的科学决策、民主决策发挥智囊团、思想库作用，以服务和贡献开辟发展新空间。

文学院、历史学院、法学院、马克思主义教育学院、经济学院、商学院、汉语言文化学院、外国语学院、中国社会史研究中心、APEC研究院，以及学校办公室、社科处、国际学术交流处等单位负责人、教师代表参加座谈。</body></doc>