<?xml version='1.0' encoding='utf-8'?>
<doc><id>10169</id><url>http://news.nankai.edu.cn/nkyw/system/2011/05/11/000039001.shtml</url><title>南开大学为师生举办教材展--南开要闻</title><datetime>2011-05-11 00:00:00</datetime><body>南开大学为师生举办教材展 来源： 南开新闻网 发稿时间： 2011-05-11 15:07 南开新闻网讯(摄影 任永华 记者 平扬 陈鑫)5月10日，天津市高校教材循环展在我校教材中心举办，来自中国人民大学出版社、科学出版社、西安电子科技大学出版社、北京航天航空出版社、人民教育出版社、武汉大学出版社等数十家出版社参展。 (摄影 任永华 记者 平扬 陈鑫)5月10日，天津市高校教材循环展在我校教材中心举办，来自中国人民大学出版社、科学出版社、西安电子科技大学出版社、北京航天航空出版社、人民教育出版社、武汉大学出版社等数十家出版社参展。 我校党委常委、教务长朱光磊，组织部、教务处等相关部门负责人巡查了展览情况。据悉，展示期间，教材中心同时开展为教师、学生赠送教材等活动。 编辑 ： 韦承金 分享南开大学新闻 相关新闻：</body></doc>