<?xml version='1.0' encoding='utf-8'?>
<doc><id>10162</id><url>http://news.nankai.edu.cn/nkyw/system/2011/05/13/000039079.shtml</url><title>南开大学天津大学新校区建设工作会议举行--南开要闻</title><datetime>2011-05-13 00:00:00</datetime><body>南开新闻网讯(记者 张丽 摄影 张亚)5月12日，南开大学、天津大学新校区建设工作会议在教育部举行。教育部部长袁贵仁主持会议并讲话。教育部副部长鲁昕，天津市委常委、市委教育工委书记苟利军，副市长张俊芳，南开大学党委书记薛进文，校长龚克，校党委常委、校长助理、总会计师孙广平,天津大学党委书记刘建平，校长李家俊等出席会议。

袁贵仁在讲话中感谢天津市委市政府对南开大学、天津大学发展的关心与支持，对两校新校区建设工作的高效推进表示肯定。他指出，要高度重视、抓住机遇，积极推动两校新校区建设工作；完善规划，尽快开工；加大工作力度，落实建设资金。教育部原则同意建设立项，并将在政策和资金上给与相关支持。

会上，苟利军代表天津市委市政府，就南开大学、天津大学基本办学条件，贯彻落实部市共建协议的有关情况，两校新校区建设规模和投资，一期建设资金筹措情况，以及申请建设立项等作了介绍。

龚克代表南开大学感谢教育部和天津市委市政府对我校新校区建设等工作的支持，并就新校区建设的意义、规划方案、建设工作进展情况等作了汇报，希望继续得到教育部和天津市委市政府的大力支持。

教育部规划司、财务司、天津市、南开大学、天津大学有关部门负责人参加了会议。</body></doc>