<?xml version='1.0' encoding='utf-8'?>
<doc><id>10167</id><url>http://news.nankai.edu.cn/nkyw/system/2011/05/12/000039019.shtml</url><title>校领导到马克思主义教育学院调研--南开要闻</title><datetime>2011-05-12 00:00:00</datetime><body>(记者 张轶帆 摄影 任永华)5月10日，南开大学校长龚克、校党委副书记刘景泉到马克思主义教育学院调研，学校办公室、党委学工部、研工部、“211”“985”工程办公室、人事处、教务处、社科处等部门有关负责同志陪同调研。马克思主义教育学院党政领导班子、学科带头人、教师代表参加调研座谈会。

马克思主义教育学院负责人围绕教师队伍建设、学科建设、课程体系建设、科研情况、学生培养、对外交流等方面介绍了南开马列学科的历史和现状，学科带头人、教师代表联系学院与学科实际，对学院发展过程中存在的问题和未来发展目标、方向等进行了深入而热烈的探讨，会场气氛十分活跃。

龚克认真听取大家的工作汇报，仔细记录发言要点，并不时与老师们讨论交流。

龚克指出，马克思主义教育学院是思想政治教育和德育的主力军，在教学过程中，要注重相关理论的与时俱进，将最新的形势政策融入到日常教学中去，在教学方法上要更加生动、更有吸引力，使学生喜闻乐见，推动马克思主义基本原理和理论真正“进头脑”，帮助学生真正领会科学发展观的科学内涵、精神实质和根本要求，力戒形式主义，务求取得实效。

龚克强调，在科研过程中，要克服浮躁之气，认真研究国际国内形势，研究探索如何凝炼南开马列学科特色，抓质量，上水平，不断巩固、提升自身地位，为培养中国特色社会主义事业合格建设者和可靠接班人作出贡献。</body></doc>