<?xml version='1.0' encoding='utf-8'?>
<doc><id>10161</id><url>http://news.nankai.edu.cn/nkyw/system/2011/05/14/000039092.shtml</url><title>2011届毕业生主题教育活动启动-毕业生-南开要闻</title><datetime>2011-05-14 00:00:00</datetime><body>南开新闻网讯(记者 平扬 摄影 任永华 陈晨)5月13日，在学生活动中心广场，大型红色背板上的“心系南开铸公能，成才报国跟党走”，彰显出青春气息。数百名毕业生代表身着各具特色的院衫，在广场上整齐列队，齐声喊出嘹亮的口号，表达真挚的毕业情怀。2011届毕业生系列主题教育活动在这里正式启动。校党委副书记刘景泉、各学院分管学生工作负责人与学子们一同唱响校歌。

刘景泉满怀深情地寄语学子：要爱我南开，成才报国。作为一名南开人，他深感这腔母校情怀的真挚与宝贵，希望广大学子不忘母校培养，牢记公能校训，坚持南开道路，光大南开精神，以实际行动实现自身成长，回报母校，奉献社会。

仪式结束后，周恩来政府管理学院毕业生张超，亲手在校园里种下了一棵“感恩树”，表达心中的眷恋，祝福母校桃李芬芳。几乎所有面临毕业的南开学子，都争相前来参加这项“毕业生文明离校”活动，自觉受教育。

不少同学觉得，种树的方式既环保又可美化校园。张超说这样能“以生命不息象征深情绵延，以郁郁葱葱祝福母校发展”。同学们在集体种植的树苗上挂好写有班级名称的红色标志牌，寓意将浓浓的情谊深深地扎根。

据南开大学学生工作部门介绍，南开的毕业生教育活动以“感恩”、“成长”、“责任”和“文明”作为关键词，引导毕业生回顾成长历程，牢记责任使命，践行“公能”校训精神。针对毕业生，学校除了组织大家以种植“感恩树”的方式在母校留念外，还鼓励学子写毕业书信话感恩，参与“青春定格，爱驻南开”主题海报设计竞赛等活动。学校还号召学子提早制定毕业后的“第一个五年计划”，并为每名毕业生妥善保存计划书，以此激励他们奋发图强，在奉献社会中实现理想。

刘景泉表示，以别开生面又深受学生喜爱的方式，开展毕业生文明离校的主题教育，在南开素有优良传统，目的在于强化学生们的主人翁意识，鼓励他们从我做起，以建设和谐校园的文明行动提高自身修养，懂得感恩和责任的意义。</body></doc>