<?xml version='1.0' encoding='utf-8'?>
<doc><id>10165</id><url>http://news.nankai.edu.cn/nkyw/system/2011/05/12/000039042.shtml</url><title>校领导到公共英语教学部调研-调研-南开要闻</title><datetime>2011-05-12 00:00:00</datetime><body>南开新闻网讯(通讯员 李蜜 记者 陈晨 摄影 陈晨)5月11日，南开大学校长龚克到公共英语教学部调研。学校办公室、人事处、教务处、研究生院等部门负责人陪同调研。公共英语教学部党政领导班子成员、教师代表参加。

龚克充分肯定了公共英语教学部近年来在教学科研等方面取得的成绩。他指出，大学英语是面向全校的公共基础课程，重要性毋庸置疑。课程教给学生的不应只是语言，更要教他们文化、素养与人品。教学质量的体现不只在教，更多在学。当前，如何通过英语课的讲授对同学们的学习态度、习惯和思维能力产生积极的影响是广大教师必须深入研究的课题。

调研会上，公共英语教学部的负责同志介绍了近年来“大学英语”课程的建设情况，从师资队伍、教改成果、管理体系、师资培养、网络大学英语的教学模式、公选课建设以及南开特色英语教育等方面作了汇报。与会教师表示一定会努力将大学英语课程建设成具有南开特色并在全国具有先进性的精品课程。</body></doc>