<?xml version='1.0' encoding='utf-8'?>
<doc><id>10163</id><url>http://news.nankai.edu.cn/nkyw/system/2011/05/13/000039055.shtml</url><title>校领导到体育部调研-校领导,体育部,调研-南开要闻</title><datetime>2011-05-13 00:00:00</datetime><body>(通讯员 高建军 摄影 任永华)日前，南开大学校长龚克到体育部调研。学校办公室、学工部、研究生院、人事处、教务处、社科处等部门负责同志陪同调研。体育部党政班子成员、教师代表参加调研座谈会。

体育部负责人围绕教师队伍建设、课程体系建设、学科建设、科研情况、高水平运动队训练竞赛、阳光体育运动的开展和学生体质健康测试等方面介绍了体育部的工作情况，同时提出学校体育工作的发展规划和今后工作中需要学校帮助解决的问题。

龚克指出，素质教育是高校工作的主题，学校体育工作首先要考虑在“德、智、体、美”“四育”中体育的定位，各部门要齐抓共管，发挥体育在人才培养中的作用，达到“四育”和谐发展。

龚克非常关注学生体质健康问题，指出南开体育是非常有传统和特色的，不但要提高一、二年级学生的身体素质，还要注意提高三、四年级和研究生的身体素质，要使学生在南开学习期间的体质不断增强。

龚克认真听取了大家的发言，和与会同志就体育工作一些问题进行了广泛的交流探讨。</body></doc>