<?xml version='1.0' encoding='utf-8'?>
<doc><id>10166</id><url>http://news.nankai.edu.cn/nkyw/system/2011/05/12/000039034.shtml</url><title>《中国研究生》天津通联站在南开大学成立--南开要闻</title><datetime>2011-05-12 00:00:00</datetime><body>(记者 平 扬 摄影 任永华)5月11日，《中国研究生》天津通联站揭牌仪式在南开大学省身楼举行。教育部学位与研究生教育发展中心副主任、《中国研究生》杂志执行主编王立生，天津市教委副主任林炎生，南开大学副校长佟家栋出席活动并致辞。来自全国30多所高校的自办研究生学术刊物师生代表，天津市10余所兄弟高校的研究生培养单位负责人、研究生媒体指导教师代表、《中国研究生》天津通联站通讯员齐聚南开参加揭牌仪式。

教育部学位与研究生教育发展中心编辑部副主任、《中国研究生》杂志副主编关长空宣读了“关于设立《中国研究生》杂志天津通联站的决定”。王立生和佟家栋共同为《中国研究生》杂志天津通联站揭牌。

王立生在致辞中表示，学生自办学术刊物，对学生学术论文写作水平的提升，学术见解的有效表达，学术创新思维与能力的进步，科学探索精神的砥砺，具有积极意义。研究生自办刊物在长期实践和创新中积累经验，探索了一条适合中国研究生群体特点、富有学术特色的道路。希望今后各刊物再接再厉，更好地服务于研究生群体和高校校园文化建设。

林炎生向《中国研究生》天津通联站的成立表示祝贺。他说，研究生教育作为我国高等教育的重要组成部分近年来快速发展。《中国研究生》杂志是我国高等教育领域重要的高水平、学术性研究生自办刊物，为丰富研究生教育体系作出重要贡献。天津市各高校研究生教育工作者将努力为发展研究生学术刊物和丰富研究生学术活动营造良好环境。

佟家栋向出席会议的嘉宾表示欢迎，他指出，高校的研究生教育工作担负着培养创新型拔尖人才、引领学术科技文化进步、推动创新型国家建设的重要使命。要提高研究生培养质量，关键在于提升研究生学术文化素养和科研创新能力，使其学术创新热情不断激发，学术创新成果不断涌现。学校将继续加大对研究生校园媒体建设的支持，为研究生开阔学术视野、增进文化交流提供平台。

揭牌仪式后，首届全国研究生自办学术刊物研讨会主题论坛继续召开，论坛以“加强研究生自办学术刊物建设，提高研究生培养质量”为主题，研讨研究生自办学术刊物在研究生培养中发挥的作用。论坛还发表了“加强研究生自办学术刊物建设合作宣言”。

《中国研究生》杂志是服务于研究生群体的综合性期刊，由教育部主管，教育部学位与研究生教育发展中心主办，创刊于2002年10月。

《中国研究生》杂志天津通联站由南开大学负责管理，接受教育部学位中心委托，在《中国研究生》杂志编辑部的指导下，在本地区开展杂志的组稿、宣传、读者联络等工作。及时了解本地区在读研究生的学习、生活、思想、情感等方面最新动向，积极宣传报道本地区学位与研究生教育管理的经验、成果等最新信息，努力促进本地区同全国学位与研究生教育战线的交流与合作。</body></doc>