<?xml version='1.0' encoding='utf-8'?>
<doc><id>10172</id><url>http://news.nankai.edu.cn/nkyw/system/2011/05/10/000038970.shtml</url><title>校党委发出通知要求认真学习贯彻胡锦涛总书记在天津考察工作时重要讲话精神-重要讲话-南开要闻</title><datetime>2011-05-10 00:00:00</datetime><body>南开新闻网讯(记者 张丽)日前，校党委发出通知，要求全校各级党组织认真学习贯彻胡锦涛总书记在天津考察工作时重要讲话精神。

通知指出，2011年4月29日至5月1日，中共中央总书记、国家主席、中央军委主席胡锦涛在天津考察工作并作重要讲话。考察期间，胡锦涛总书记亲切询问了南开大学、天津大学新校区规划建设情况，对天津市、教育部共建两校新校区工作给予了充分肯定，体现了党中央对两校发展的高度重视和关心。胡锦涛总书记在天津考察期间，充分肯定了天津发展取得的成绩，深刻阐述了事关天津当前和长远发展的一系列重大问题，要求继续以邓小平理论和“三个代表”重要思想为指导，深入贯彻落实科学发展观，牢牢把握国家支持东部地区率先发展、加快推进天津滨海新区开发开放的重大历史机遇，始终坚持科学发展这个主题和加快转变经济发展方式这条主线，把创新精神和务实作风紧密结合起来，注重加快转变经济发展方式，注重深化改革开放，注重保障和改善民生，注重加强干部队伍建设，不断开创改革开放和现代化建设新局面，以优异成绩迎接中国共产党成立90周年。

通知强调，要深刻领会胡锦涛总书记讲话的重要意义。认真学习贯彻胡锦涛总书记的重要讲话精神，对于全面落实党的十七届五中全会精神、深入实施国家中长期教育改革和发展规划纲要、推动我校科学发展和谐发展率先发展，具有十分重要的意义。各级党组织要充分认识学习贯彻胡锦涛总书记讲话精神的重要意义，以高度的政治责任感和历史使命感，认真学习领会，坚决贯彻落实。

通知要求，要深入贯彻落实胡锦涛总书记重要讲话精神。各级党组织要紧紧围绕胡锦涛总书记提出的“四个注重”的要求，结合自身实际，研究制定具体措施，把各项要求落到实处。要以胡锦涛总书记对新校区建设的关怀为动力，紧紧抓住规划建设新校区的重大机遇，坚持一流标准，做好新校区总体规划和一期建设工作，推动学校各项工作的发展。要精心做好学校第八次党代会召开的筹备工作，科学分析学校面临的形势与任务，主动适应形势发展变化，认真总结办学经验，加快创建世界知名高水平大学步伐。要切实抓好学校“十二五”事业发展规划编制工作，明确任务、查找不足，做好统筹规划和组织协调，为学校的未来发展奠定更加坚实的基础。要更加积极、更加全面、更加深入地融入天津发展和滨海新区开发开放中去，充分发挥学校的人才和科研优势，为天津经济社会发展做出新的贡献。要不断加强领导班子和干部队伍建设，坚持用马克思主义中国化最新成果武装头脑，深入做好群众工作，切实提高推动科学发展能力。要深入开展党风廉政建设和反腐败斗争，建立健全惩治和预防腐败体系，加强廉洁从政教育，深入开展专项治理，认真纠正损害群众利益的不正之风。

通知强调，要切实加强对学习贯彻的组织领导。各级党组织要把学习贯彻胡锦涛总书记重要讲话精神作为当前一项重大政治任务来抓。要把学习贯彻活动，与当前学校各项工作结合起来，从实际出发，深化细化各项措施，努力在促进学校科学发展上取得新成效。要通过多种形式广泛开展学习宣传活动，各级领导干部要充分发挥模范带头作用，带头学习，学深学透。宣传部门要加强舆论引导，及时报道全校学习贯彻的情况。各分党委、党总支要及时将学习贯彻情况上报学校党委。</body></doc>