<?xml version='1.0' encoding='utf-8'?>
<doc><id>10176</id><url>http://news.nankai.edu.cn/nkyw/system/2011/05/09/000038946.shtml</url><title>南开大学数字电视改造工程即将启动-广播-南开要闻</title><datetime>2011-05-09 00:00:00</datetime><body>南开新闻网讯(记者 马长虹 袁波)5月6日，南开大学与天津广播电视网络有限公司签署战略合作框架协议。根据协议，双方将结成长期、全面的战略伙伴关系。近期，由双方联合进行的南开大学校内有线电视数字化改造即将全面开始。

根据党中央、国务院和天津市委、市政府关于推进数字电视整体转换的指示精神，南开大学校内数字电视节目将由天津广播电视网络有限公司统一提供，学校的自办频道将予以保留。用户可收看到包括60余套基本电视节目、近70套专业付费电视节目，及付费广播节目、政务信息和电视杂志等数据广播服务；购买高清互动机顶盒的用户还可以免费收看14套高清电视节目和高清视频点播服务，同时，增加双向网络传输功能，提供高清节目的互动点播、电视回放、新闻时移、休闲娱乐以及自助营业厅、便民缴费等服务。

学校数字电视用户服务将由天津广电网络公司客户服务部门统一提供。为方便电视用户办理业务，天津广播电视网络有限公司还将陆续开通电话营业厅、网上营业厅、邮政代收费、银行代收费、缴费卡、统一短信平台等多项功能和服务。

南开大学校内有线电视数字化改造，将全面提高南开大学广播电视网络运营效益和管理水平，满足南开大学有线电视用户多方面、多样化的文化生活需求。据悉，改造工程施工将于近期全面启动。</body></doc>