<?xml version='1.0' encoding='utf-8'?>
<doc><id>10171</id><url>http://news.nankai.edu.cn/nkyw/system/2011/05/10/000038981.shtml</url><title>党史名家讲述“中国改革开放的历程和经验”-党史,名家,讲述,改革开放,党史名家论坛-南开要闻</title><datetime>2011-05-10 00:00:00</datetime><body>(记者 平 扬 通讯员 刘 振 摄影 任永华)作为“学党史、铭党恩、强党性、跟党走”纪念建党90周年主题教育系列活动之一，党史名家论坛于5月9日举办第五场专题讲座。中央党校中共党史教研部副主任、著名党史研究专家、南开大学马克思主义教育学院兼职教授谢春涛，应邀演讲“中国改革开放的历程和经验”。校党委书记薛进文会见了客人。校党委副书记刘景泉出席报告会并致辞。此次活动由党委学生工作部主办，经济学院承办。

薛进文代表学校向谢春涛的到来表示欢迎和感谢，他说，党的九十年光辉历程，犹如一幅辉煌的史诗画卷，在喜迎建党90周年之际，学校启动主题教育活动，扎实推进党史教育，广邀专家讲党史，鼓励学生学党史，意义重要，影响深远。学校历来重视学生思想政治教育和思想道德建设，不断创新学生思想政治教育的途径和方法，在校园中积极营造浓厚的学习党史氛围，收到了较好的育人效果。他还向谢春涛介绍了学校近期建设情况和相关学科发展前景，希望更多专家学者走进南开园，交流学术成果，开阔学生视野。

刘景泉在致辞时说，新时期最鲜明的特点就是改革开放，改革开放是我们这个时代最具闪光点、最有吸引力的主题，也是我们全党、全国正在进行的伟大事业。谢春涛教授理论造诣精湛，学术成果丰硕，邀请他以中国改革开放为主题作报告，回顾改革开放的历程，总结改革开放的经验，将有助于学子更深入地了解改革开放，激发大家积极投身改革开放伟大洪流的热情和斗志。

谢春涛以改革开放的历程为主线，从改革开放的开端到确定市场经济目标，再到全面推进改革开放，为学子们详细解读了改革开放的动因、动力和动向问题。

谢春涛谈到，党的十一届三中全会开启了改革开放历史新时期，被喻为社会主义时期的“遵义会议”。以这次会议为标志，党实现了伟大的历史转折，恢复了实事求是的思想路线，把党的工作重心转移到经济建设上来，确定了改革开放的基本方针，加强社会主义民主法制建设，解决了一批重大历史问题。

谢春涛进而讲述了改革开放的历程：从1978年到1987年，改革开放全面展开。我国成功进行了农村改革，设立经济特区，初步形成以公有制为主体、多种所有制经济共同发展的格局，国有企业改革和非公有制经济发展取得新的进展，并提出了社会主义商品经济理论和社会主义初级阶段理论，初步形成了建设有中国特色社会主义理论的轮廓；从1987年到1992年，改革开放进入新阶段。面对国际国内的复杂形势，中央确立了“冷静观察，稳住阵脚，沉着应付，韬光养晦，善于守拙，绝不当头，有所作为”的外交方针，坚定不移地推进改革开放。从1992年到2002年，党领导全国人民把改革开放全面推进到新世纪。这一时期，确立了邓小平理论在全党的指导地位和以法治国的基本方略，以及党在社会主义初级阶段的基本纲领，并确立了“三个代表”重要思想在全党的指导地位。党的十六大以来，正式总结和确立了中国特色社会主义理论体系，提出了社会主义和谐社会的建设目标。

谢春涛说：“回顾和总结改革开放，有助于对改革开放的正确性、必要性有清醒的认识，也有助于全国人民更有信心将改革开放之路坚持下去，还有助于党从历史中不断汲取经验教训发展完善各项政策，具有重要的现实意义。改革开放取得了重大成就：我国经济从濒于崩溃发展到如今经济总量世界第二、进出口总值世界第二；人民生活从温饱不足到全面小康，农村贫困人口从2.5亿多缩减到两千多万；政治开明的程度不断提高，综合国力稳步提升”，他坚定地表示，“1978年至今，中国进入了近代以来最长的繁荣期，并且只要改革开放的基本政策不变，相信这个繁荣期还会持续下去。”

主题报告之后，现场的同学们进行了踊跃提问，谢春涛也一一做了精彩回答。

周恩来政府管理学院社会学专业2007级本科生陈沛瑶慕名来听讲座，她说：“作为一名预备党员，聆听到党史专家‘话当年’深感幸运。专家深入浅出的讲解使我对中国改革开放以来的历史，尤其是经济制度和中国特色社会主义理论的发展有了更全面的认识与更深刻的理解，对社会主义的优越性有了更加客观全面的认识。”

讲座结束时，经济学院保险专业2007级本科生贵哲暄意犹未尽：“如果没有改革开放，就不会有我们国家今天的成就，作为改革开放的受益者，我们要铭党恩，永远跟党走；我们青年大学生应该始终保持党史学习的热情，学习党的历史和经验，不断充实和提高自身修养。”

谢春涛是山东省临沭县人。1978年至1988年先后就读于山东师范大学、浙江大学和中国人民大学，分别获教育学学士、法学硕士和法学博士学位。中共中央党校党史教研部副主任，教授，博士生导师。中国中共党史学会常务理事、副秘书长，并被多所高校和研究机构聘为客座教授或特约研究员。</body></doc>