<?xml version='1.0' encoding='utf-8'?>
<doc><id>10174</id><url>http://news.nankai.edu.cn/nkyw/system/2011/05/10/000038961.shtml</url><title>10位教师荣获南开大学第六届教学名师奖-教学-南开要闻</title><datetime>2011-05-10 00:00:00</datetime><body>南开新闻网讯(通讯员 金柏江)日前，南开大学第六届教学名师奖评审结果揭晓，经济学院张晓峒、化学学院杨光明、生命科学学院李翠凤、哲学院阎孟伟、历史学院李治安、信息技术科学学院张伟刚、法学院傅士成、物理学院刘玉斌、文学院沈立岩、周恩来政府管理学院汪新建等10位教师获得本届校级教学名师奖。同时，学校还推荐生命科学学院刘方、物理学院李学潜、历史学院李治安等三位教师参加本届天津市级教学名师奖的评选。

我校此次名师奖评选，各学院共推荐了17名教师参加校级评审，16名教师参加推荐市级评审。学校教学指导委员会召开会议对候选人进行了初评，再由校长办公会审核通过，并在学校网站进行了为期一周的公示，在公示期间未收到任何形式的意见，从而正式确认。

本届教学名师奖的评审，教育部明确要求候选人要受聘教授职务；原则上须具有20年以上高等教育教学经历(截止到2010年12月31日)；2008-2010年，面向本校本科学生实际课堂教学不少于64学时/年，并优先考虑长期承担教学任务并作出突出贡献的一线教学教师，特别是为低年级讲授基础课的优秀教师。

教育部自2003年开始组织教学名师奖评选工作，我校现有国家级教学名师奖获奖者7人，天津市级教学名师奖获奖者14人，校级教学名师奖获奖者36人。目前开展的是第六届的评选工作。</body></doc>