<?xml version='1.0' encoding='utf-8'?>
<doc><id>10178</id><url>http://news.nankai.edu.cn/nkyw/system/2011/05/08/000038931.shtml</url><title>浓情母亲节 南开学子灯火传递爱语--南开要闻</title><datetime>2011-05-08 00:00:00</datetime><body>(摄影 任永华 记者 陈鑫 通讯员 孔静 张更辉)5月7日晚，母亲节前夜，南开大学西区公寓，汇集千人的祝福，大家用宿舍窗户的灯光组成了长百米，高二十多米的“MUM，I ♥ U”心语图案。身在他乡不能在母亲身边的同学用这种方式共同说出自己的心声“妈妈，我爱您！”。

此次活动由南开大学化学学院团委的同学们发起。活动之前的几天中，他们在学校的食堂、宿舍等校园人流密集的地区派发了宣传单，并逐个走访相关宿舍通知活动具体安排。“看到了活动的效果图，感觉很有创意，非常高兴自己能参与到这样一个有意义的活动中来。”居住在南开大学西区公寓5号楼的小王兴奋的告诉正在进行宣传的同学。

当灯光亮起，“MUM，I ♥ U”的图案显现出来，参与活动的同学和路过的人们不由齐声欢呼。同学们纷纷拿起了手机，或拍照留念，或发送短信，或给远在家乡的母亲打电话，送上节日祝福。

一位男同学表示自己独自在外上学，没有办法回家给母亲庆祝节日，而且平时自己也不太擅长向母亲表达情感。他说：“我要把这个美丽的图案，用手机拍下发给妈妈，以此表示我对妈妈的感谢和祝福。”

一位即将毕业的硕士研究生说，由于近一段时间忙着写毕业论文和找工作，差点儿忘记了母亲节，非常感谢此次活动提醒自己母亲节的到来。她说：“我会给自己的妈妈打个电话告诉她，女儿在学校一切都好。”</body></doc>