<?xml version='1.0' encoding='utf-8'?>
<doc><id>10179</id><url>http://news.nankai.edu.cn/nkyw/system/2011/05/07/000038906.shtml</url><title>南开大学幼儿园小朋友自制图书感恩母爱--南开要闻</title><datetime>2011-05-07 00:00:00</datetime><body>南开新闻网讯(记者 陈晨 摄影报道)在母亲节即将来临之际，南开大学幼儿园的小朋友们在老师的指导下，亲手制作了献给妈妈的书，表达对母亲的热爱和感激。母亲们收到这份珍贵的礼物倍感幸福，喜悦和满足溢于言表。

幼儿园负责人介绍说：“‘培养感恩的心，做一个感恩的人’是我们组织这次活动的初衷，愿我们的孩子都懂得感恩、学会感恩。”</body></doc>