<?xml version='1.0' encoding='utf-8'?>
<doc><id>10170</id><url>http://news.nankai.edu.cn/nkyw/system/2011/05/11/000038999.shtml</url><title>法国鲁昂高等商学院校长访问南开大学--南开要闻</title><datetime>2011-05-11 00:00:00</datetime><body>(通讯员 张宁 摄影 任永华)5月10日，法国鲁昂高等商学院(Rouen Business School)校长阿诺德•墨里纳(Prof. Arnaud Langlois Meurinne)、副校长史蒂芬•默多克(Prof. Stephen Murdoch)一行来校访问，南开大学校长龚克、副校长关乃佳在办公楼会见了客人。国际学术交流处、商学院、经济学院负责人陪同会见。

龚克首先对墨里纳一行的来访表示欢迎，并简要介绍了南开大学的历史及学科发展概况。他表示，在经济全球化的今天，教育国际化是不可逆转的趋势,南开始终致力于建设国际一流大学的目标，希望继续扩大与欧洲国家高校之间的国际交流与合作，培养具有国际视野的人才。南开大学在经济、管理和商学等学科均处于国内领先地位，希望两校能够加强这方面的更多合作。随后龚克还介绍了天津近年的经济、城市发展情况。

墨里纳对龚克的欢迎表示感谢，并简要介绍了鲁昂高等商学院的情况。他表示，鲁昂高等商学院同样重视国际化的发展目标，这一点与南开大学是相同的。鲁昂大区与天津市的友好城市关系发展很积极，大区主席、法国前总理法比尤斯先生多次访问天津，并在2009年受聘南开大学名誉教授。他表示，希望两校能够在商学与经济学科方面开展更多的学术交流与合作，也希望南开的学生能够选择到鲁昂高商来学习。

鲁昂高等商学院位于法国西部城市鲁昂，成立于1871年，是欧洲最早一批商学院之一，2007年英国《金融时报》欧洲商学院排名中列第13。学校共有3650名在校学生，25%是国际学生，其中中国留学生约200人。</body></doc>