<?xml version='1.0' encoding='utf-8'?>
<doc><id>10173</id><url>http://news.nankai.edu.cn/nkyw/system/2011/05/10/000038964.shtml</url><title>校领导赴汉语言文化学院调研-校领导-南开要闻</title><datetime>2011-05-10 00:00:00</datetime><body>南开新闻网讯(记者 张剑 摄影 任永华)5月9日，南开大学校长龚克，副校长关乃佳到汉语言文化学院调研。学校办公室、学工部、人事处、教务处、社科处、国际学术交流处、接待服务中心等部门负责人陪同调研。汉语言文化学院党政领导班子成员、教师代表参加调研座谈会。

龚克指出，汉语国际教育对于我校实现国际知名高水平大学的目标具有重要意义。作为新兴的重要发展学科，南开的对外汉语教学要量体裁衣、办出特色，形成独特的“南开思路”，在国家对外开放和汉语国际推广的进程中，不断巩固、提升自身地位。

龚克强调，加强学术交流是一所大学走向国际化的重要手段。汉语言文化学院是培养留学生及对外汉语教师的重要阵地，要选择世界一流的高等学府开展合作，以质量和水平为导向，让国际交流逐步高端化。

汉语言文化学院负责人简要介绍了学院的历史和发展现状，以及专业特色、创新思路、发展方向和目前存在的问题等。学院老师纷纷表示，要将汉院建设成为我国对外汉语教学、汉语国际教育和跨文化研究的重要阵地。

座谈会前，龚克一行还考察了汉语言文化学院的留学生教室、多功能报告厅、图书资料室、学生工作办公室等。</body></doc>