<?xml version='1.0' encoding='utf-8'?>
<doc><id>10177</id><url>http://news.nankai.edu.cn/nkyw/system/2011/05/09/000038938.shtml</url><title>南开大学与天津广播电视网络公司开展战略合作--南开要闻</title><datetime>2011-05-09 00:00:00</datetime><body>南开新闻网讯(记者 张轶帆 摄影 陈晨)5月6日，南开大学与天津广播电视网络有限公司在明珠园签署战略合作框架协议。南开大学党委书记薛进文，天津广播电视电影集团管委会副主任、天津广播电视网络有限公司董事长马津力，天津广播电视电影集团管委会副主任、天津广播电视网络有限公司总经理杨红杰，南开大学党委副书记刘景泉、纪委书记张式琪，天津广播电视网络有限公司副总经理李良浩等出席签约仪式。

薛进文代表南开大学向天津广播电视网络有限公司对学校的支持与关注表示感谢。他指出，高校是对数字信息依赖程度很高的单位，电视媒体是教职员工和广大学生获取信息的主要渠道，希望双方以此次协议签署为契机，进一步加强广播电视网络运营管理、学生学习和实践活动等方面的合作，共同探索运用高新技术创新文化生产的方式，加快构建传输快捷、覆盖广泛的基于有线广播电视网络的文化传播体系。

“作为南开的毕业生，能为母校做些工作我感到非常高兴”，马津力说，“天津广播电视网络有限公司将以最好的技术、最优秀的人才、最优惠的价格与南开大学联合进行校内有线电视数字化改造以及合作运营，共同推进天津市终身教育体系和学习型社会建设，为天津市文化建设、和谐社会建设和软实力提升作出贡献。”

刘景泉、杨红杰分别代表双方签署了战略合作框架协议。根据协议，双方将本着“优势互补、资源共享、服务社会、合作共赢”的原则，结成长期、全面的战略伙伴关系，充分发挥天津广播电视网络的媒体责任，以主流舆论引领大学校园文化建设，为建设和谐校园提供支持，充分发挥南开大学教学科研和人才资源优势，为天津市广播电视网络有限公司提供科研、咨询和人才培训等方面的支持，并携手推进天津文化建设，为提升天津文化软实力作出各自的贡献。

据悉，南开大学与天津广播电视网络有限公司还将签署并履行《南开大学有线电视网合作运营协议》，联合进行南开大学校内有线电视数字化改造以及合作运营，全面提高南开大学广播电视网络运营效益和管理水平，满足南开大学有线电视用户多方面、多样化的文化生活需求，为南开大学提供信息发布、传输和新闻传播的便利，为学生学习和实践活动提供便利。

南开大学办公室、宣传部、财务处、审计处、实验室设备处、信息化管理与建设办公室、后勤党委，天津广播电视网络有限公司市场营销中心、南开分公司相关负责人参加签约仪式。</body></doc>