<?xml version='1.0' encoding='utf-8'?>
<doc><id>10175</id><url>http://news.nankai.edu.cn/nkyw/system/2011/05/09/000038947.shtml</url><title>学校召开党委中心组会议讨论党代会报告初稿-党代会-南开要闻</title><datetime>2011-05-09 00:00:00</datetime><body>南开新闻网讯(记者 王凤 摄影 任永华)5月6日，校党委中心组召开扩大会议，就学校第八次党代会党委工作报告(初稿)和纪委工作报告(初稿)进行讨论。会议由校党委书记薛进文主持，校党委中心组成员、相关职能部门负责人、第八次党代会宣传工作组全体成员参加了会议。

党代会两委工作报告既是对上届党代会以来学校工作的回顾和总结，也是对学校今后发展目标、发展战略和主要任务的展望与规划。学校党委对报告的起草工作十分重视，党委书记薛进文和校长龚克先后召开专题会议对报告起草提出明确要求，并强调报告起草过程应该成为群策群力、广纳贤言、集中各方面智慧的过程。从3月中旬到4月底，第八次党代会宣传工作组召开了6个座谈会，先后征求了学院，机关、直属单位和后勤部门，教代会工会，学生党员，离退休老同志等有关方面代表的意见和建议。报告起草小组从3月初开始准备报告的起草工作，经过近两个月的写作、修改，于4月底完成报告初稿。

会上，校党委副书记刘景泉和纪委书记张式琪分别就第八次党代会党委工作报告和纪委工作报告初稿的形成过程、写作思路、内容框架等进行了说明。与会人员结合形势分析和学校发展实际，从过去的发展成绩和经验、存在问题，学校当前面临的机遇与挑战，今后一段时期的办学目标定位、发展战略、主要任务，进一步加强学校党的建设等方面，展开了热烈的讨论，对报告内容提出了修改意见和建议。

薛进文作总结讲话，对大家深入思考学校发展、谋划学校未来的责任心和使命感表示充分肯定，对报告的修改完善提出了具体要求。他说，第八次党代会的召开，是学校改革发展中的一件大事，将为学校未来发展引领方向、做出规划，全校师生员工对此非常关注，期望很高。报告起草小组要对所提出的意见和建议认真加以梳理、消化，对报告初稿进行进一步修改完善。</body></doc>