<?xml version='1.0' encoding='utf-8'?>
<doc><id>10184</id><url>http://news.nankai.edu.cn/nkyw/system/2011/05/05/000038876.shtml</url><title>南开大学启动文化素质教育核心课程建设立项工作--南开要闻</title><datetime>2011-05-05 00:00:00</datetime><body>(通讯员 王阳亮)日前，南开大学召开文化素质教育核心课程建设立项评审会。常务副校长陈洪出席并讲话，校督导组专家、各学院和教务处相关负责人参加会议。

陈洪在讲话中指出，从全国形势来看，提高学生综合素质，保证人才培养质量，将是今后高等教育工作中永恒的主题。我校文化素质教育核心课程的规划和设计在一定程度上涉及到学校今后教学改革的大思路。我校文化素质教育核心课程要面向不同年级本科学生，特别是要为低年级学生开设宽口径、综合性的课程，体现出学校科学素质教育和人文素质教育相融合的育人理念。陈洪强调，核心课程的定位不完全是知识结构的完善和扩充，更是要让学生受到超越专业本身的科学精神和人文精神的熏陶，搭建学生的人格支撑，让学生能够科学地看待世界并具备人文关怀的意识。

教务处相关负责人向与会专家介绍了本次文化素质教育核心课程申报情况和先期调研工作。与会专家对各学院的申报材料进行了评审，并就我校文化素质教育核心课程的定位、功能和建设思路进行了讨论。

据悉，我校教务处于4月初启动了首批文化素质教育核心课程建设申报工作，要求各学院积极组织学术水平高、教学效果好、具有相关课程教学经验的骨干教师根据学校要求进行申报。我校文化素质教育核心课程将充分发挥我校文理学科交融的综合型大学优势，通过课程设置和建设来深化大学生文化素质教育工作，促进我校人文素质教育和科学素质教育的融合。</body></doc>