<?xml version='1.0' encoding='utf-8'?>
<doc><id>10180</id><url>http://news.nankai.edu.cn/nkyw/system/2011/05/07/000038904.shtml</url><title>校领导到外国语学院调研--南开要闻</title><datetime>2011-05-07 00:00:00</datetime><body>南开新闻网讯(记者 陈晨 摄影报道)5月5日，南开大学校长龚克、校纪委书记张式琪到外国语学院调研。学校办公室、研究生院、教务处、社科处、人事处、国际交流处、研工部、“211”“985”工程办公室等部门负责同志陪同调研。外国语学院党政领导班子、教师代表参加调研座谈会。

龚克在讲话中指出，近年来，外国语学院呈现出良好的发展势头，取得了一定的成绩，但学院要时刻保持忧患意识，加强和发达国家学校的交流合作。要进一步提升教学质量，培养更多具有竞争力的高素质人才。他强调，外国语学院要做好战略规划，结合自身优势，促进学院各项工作的发展。要引进真正优秀的人才，完善师资队伍建设，探索外语学科发展的驱动力，解放思想，开拓创新，为学校的发展做出新的贡献。

外国语学院负责同志围绕人才培养、学科建设、国际交流与合作等方面介绍了学院的历史和现状。</body></doc>