<?xml version='1.0' encoding='utf-8'?>
<doc><id>10187</id><url>http://news.nankai.edu.cn/nkyw/system/2011/05/04/000038851.shtml</url><title>学校传达学习胡锦涛总书记在天津考察工作时重要讲话精神--南开要闻</title><datetime>2011-05-04 00:00:00</datetime><body>南开新闻网讯(记者 张 丽)5月4日，学校在办公楼召开会议，传达学习胡锦涛总书记在天津考察工作时的重要讲话精神，就抓好贯彻落实提出要求。校党委书记薛进文传达并讲话，校长龚克主持会议，校领导班子成员及有关部门负责人参加会议。

薛进文在传达时说，4月29日至5月1日，中共中央总书记、国家主席、中央军委主席胡锦涛同志在天津考察工作，深入社区、企业、科研机构看望慰问干部群众、劳动模范、科研人员和一线职工，详细了解情况，听取了市委、市政府的工作汇报，作了重要讲话。其间，胡锦涛总书记亲切询问南开大学、天津大学新校区规划建设，并对相关工作进展给予极大的关注，充分体现了党中央对两校建设与发展的高度重视和关心支持。胡锦涛总书记充分肯定了天津发展取得的成绩，深刻阐述了事关天津当前和长远发展的一系列重大问题，要求天津以邓小平理论和“三个代表”重要思想为指导，深入贯彻落实科学发展观，牢牢把握国家支持东部地区率先发展、加快推进天津滨海新区开发开放的重大历史机遇，始终坚持科学发展这个主题和加快转变经济发展方式这条主线，把创新精神和务实作风紧密结合起来，注重加快转变经济发展方式，注重深化改革开放，注重保障和改善民生，注重加强干部队伍建设，不断开创改革开放和现代化建设新局面，以优异成绩迎接中国共产党成立90周年。

薛进文指出，胡锦涛总书记的重要讲话高屋建瓴，内涵丰富，论述精辟，具有很强的思想性、针对性和指导性，体现了党中央对天津工作的高度重视、关心支持和对全市人民的亲切关怀，为天津在关键时期实现又好又快发展进一步指明了方向。尤其是总书记关心支持南开新校区建设，使全校师生备受鼓舞。学习领会好胡锦涛总书记的重要讲话，对于我们全面落实党的十七届五中全会精神、加快实施“十二五”规划、推动天津发展、南开发展具有十分重大的意义。全校各级党组织和广大党员干部要充分认识学习贯彻胡锦涛总书记重要讲话的重要性和紧迫性，以高度的政治责任感和历史使命感，认真学习领会，坚决贯彻落实。

薛进文强调，全校各级党组织要把学习贯彻胡锦涛总书记重要讲话作为当前一项重大政治任务，高度重视，精心组织，周密安排，务求实效。各级领导干部要充分发挥模范带头作用，紧密联系思想和工作实际，带头学习，学深学透，同时要组织好广大党员干部的学习。各单位、各部门要把学习贯彻胡锦涛总书记的重要讲话精神同推动改革发展稳定工作紧密结合起来，从实际出发，深化细化各项措施，努力在推动学校科学发展和谐发展率先发展上取得新成效，以优异成绩迎接学校第八次党代会的召开，为中国共产党成立90周年献礼。

龚克在会上指出，胡锦涛总书记来天津考察工作并发表重要讲话，令人倍感振奋。我们应以此为动力，作好新校区规划设计，按期启动一期工程建设，为后期发展奠定基础。同时，要认真贯彻落实教育改革和发展规划纲要，以改革创新精神和扎实的学风作风做好教学、科研、服务社会等各项工作，加快创建世界知名高水平大学进程。</body></doc>