<?xml version='1.0' encoding='utf-8'?>
<doc><id>10182</id><url>http://news.nankai.edu.cn/nkyw/system/2011/05/06/000038896.shtml</url><title>学生心理健康教育座谈会举行-心理健康教育,座谈会-南开要闻</title><datetime>2011-05-06 00:00:00</datetime><body>全力做好学生心理健康教育的阳光工程

(记者 平 扬 摄影 任永华)5月5日，校党委书记薛进文在学生活动中心与学生心理健康教育专兼职教师亲切座谈。校党委副书记刘景泉主持座谈会，学工部、研工部、校团委负责人及数十名专兼职辅导教师一同参加。

薛进文肯定了我校学生心理健康教育工作取得的成绩、积累的经验，对大家为学生健康成长作出的努力表示感谢。他指出，构建社会主义和谐社会，创建和谐美好校园，对高校学生思想政治教育工作提出了更高要求。学生心理健康教育作为学生思想政治教育的重要组成部分，无疑担负着重要使命。把当代大学生培养成中国特色社会主义事业合格建设者和可靠接班人，不仅要教授其丰富的专业知识，培养其文化传承、科技创新的意识和能力，更要使其具备高尚的思想品德修养、良好的综合素质和过硬的心理素质。南开始终坚持以人为本、以学生为本的办学宗旨和育人理念，关心学生的全面发展与成才；新时期，党和国家也对高等教育提出新的要求，不断深化教育教学改革，这都要求我们在继续提升教学科研水平、弘扬先进文化的同时，进一步加强教育，保障学生身心健康，积极促进学生快乐成长。

薛进文指出，当前我国正处于经济转轨、社会转型期，时代的快速发展带来人类社会生活方式、人际关系与行为的变化，使不少人的思维方式和心理健康也受到不同程度的冲击。而今在校学生又多为独生子女，个人成长经历相对单纯，个别同学与人沟通交流、应对挫折和自我调节的能力不强。这些都更加需要学校给予他们科学专业的心理辅导和及时有效的心理干预，教会他们战胜人生道路上的困难，这对学生的一生具有重要意义。

薛进文强调，学校目前已经初步形成一支专业结构合理、工作经验丰富、专兼职结合的学生心理健康教育师资队伍，这是学校办学、学生培养等各项工作中不可或缺的重要力量。今后，学生心理健康教育要进一步与学生思想政治教育工作紧密结合，吸引更多辅导员、任课教师积极参与到这项重要工作中，有关部门要在人员配备、科研立项、经费安排等方面给予大力支持，合力做好这项阳光工程。

刘景泉在主持会议时说，有关部门和教师要深入学习会议精神，认真落实工作部署，努力为国家输送人格健全、心理健康、社会欢迎的优秀人才，教师们也会在这项有意义的工作中找到快乐、实现价值。

会上，学校心理健康指导中心人员汇报了近期工作开展情况。</body></doc>