<?xml version='1.0' encoding='utf-8'?>
<doc><id>10186</id><url>http://news.nankai.edu.cn/nkyw/system/2011/05/04/000038856.shtml</url><title>南开大学荣获天津市2010年度创建“无传销校园”工作先进单位称号--南开要闻</title><datetime>2011-05-04 00:00:00</datetime><body>南开新闻网讯(记者 陈晨 通讯员 李维维)近日，天津市召开“表彰天津市2010年度创建无传销社区(村)、无传销校园先进单位会议”。会上，南开大学荣获天津市2010年度创建“无传销校园”工作先进单位称号。

学校保卫处负责人参加了表彰大会，并作为获奖高校代表发言，与大家分享了南开大学的经验――强固师生“反洗脑”统一战线，建设“无传销校园”。她从“健全‘反洗脑’教育预防机制；完善信息沟通和反馈机制；实行责任追究和奖励机制”等三个方面介绍了我校在建设“无传销校园”中所做的努力，受到了与会单位的一致好评。</body></doc>