<?xml version='1.0' encoding='utf-8'?>
<doc><id>10185</id><url>http://news.nankai.edu.cn/nkyw/system/2011/05/05/000038861.shtml</url><title>校党委发出通知要求深入学习贯彻胡锦涛在庆祝清华大学建校100周年大会上重要讲话精神--南开要闻</title><datetime>2011-05-05 00:00:00</datetime><body>南开新闻网讯 日前，学校党委发出通知，要求全校各级党组织高度重视，精心组织，结合实际，抓好落实，深入学习贯彻胡锦涛总书记在庆祝清华大学建校100周年大会上重要讲话精神。

通知指出，要深刻领会讲话精神，充分认识学习贯彻讲话的重要意义。胡锦涛总书记代表党中央、国务院，对百年清华取得的显著成绩给予了高度肯定，对高等教育发展提出了明确要求，对青年学生和广大教师提出了殷切希望。这是胡锦涛总书记继去年7月13日在全国教育工作会议上重要讲话、今年2月21日在中央政治局第26次集体学习重要讲话之后关于教育工作的又一篇重要讲话，是推动教育事业特别是高等教育科学发展的纲领性文献。

通知强调，胡锦涛总书记的重要讲话深刻论述了实施科教兴国战略和人才强国战略的重要意义，深刻论述了高等教育在国家发展中的重要地位和作用，深刻论述了全面提高高等教育质量的内涵和要求，进一步回答了“培养什么人，怎样培养人”和“办什么样的大学，怎样办好大学”这两个根本问题。胡锦涛总书记的重要讲话高屋建瓴，内涵深刻，意义深远，鼓舞人心，充分表明了党和政府坚定不移地实施科教兴国战略和人才强国战略，实现人力资源大国向人力资源强国、从教育大国向教育强国迈进的信心和决心，集中体现了党和政府对教育事业的高度重视，对青年学生和广大教师的亲切关怀，为全面推动教育事业尤其是高等教育事业科学发展明确了新的目标，提供了新的动力。

通知要求，要全面落实讲话精神，大力推进学校各项工作科学发展。各级党组织要把学习贯彻胡锦涛总书记重要讲话精神作为当前和今后一个时期的重要任务切实抓紧抓好。要结合当前学校中心工作和主要任务，全面落实胡锦涛总书记对教育提出的新要求，特别是要结合对全面提高高等教育质量提出的“四个大力”的要求，对青年学生提出的“三个紧密结合”的希望，加强思考和研究，提出贯彻落实的工作举措。把总书记的讲话精神转化为正确的办学方向、办学理念、发展思路和改革措施，着力加强教育改革创新，深入研究全面提高教育质量的思路和举措，深入研究提升人才培养水平、增强科学研究能力、服务经济社会发展、推进文化传承创新的新思路，深入研究推动协同创新、加强产学研用结合的新方法，深入研究提高青年学生培养水平和加强教师队伍建设的新途径，以实际行动做好贯彻落实工作，推进学校各项工作科学发展。

通知要求，要深入宣传讲话精神，迅速掀起学习贯彻讲话的热潮。各级党组织要紧紧围绕学校中心工作，切实增强学习贯彻活动的针对性、主动性和实效性，把学习贯彻胡锦涛总书记重要讲话精神，与全面落实教育规划纲要结合起来，与深入开展创先争优活动结合起来，与隆重纪念中国共产党成立90周年结合起来，与筹备召开学校第八次党代会结合起来，与规划建设新校区结合起来，与编制学校“十二五”事业发展规划结合起来，远近结合，系统推进。

通知最后强调，要精心组织、周密部署、系统安排，制订切实可行的学习宣传方案，迅速掀起学习贯彻胡锦涛总书记重要讲话精神的热潮。要通过报刊、广播、电视、网络等各类媒体，通过学习培训、座谈研讨、专家解读等多种形式，广泛开展学习宣传，使每一位师生员工都能够全面了解、深入领会和准确把握讲话的精神实质，进一步统一思想、凝心聚力。各级领导干部尤其要学在前面、用在前面，切实发挥模范带头作用。要形成学习宣传胡锦涛总书记重要讲话精神的强大声势，进一步营造重视、关心、参与和支持学校改革发展的良好氛围。</body></doc>