<?xml version='1.0' encoding='utf-8'?>
<doc><id>10181</id><url>http://news.nankai.edu.cn/nkyw/system/2011/05/06/000038899.shtml</url><title>校领导到医学院调研-校领导,医学院,调研-南开要闻</title><datetime>2011-05-06 00:00:00</datetime><body>(记者 陈 晨 摄影报道)5月5日，南开大学校长龚克到医学院调研。学校办公室、研究生院、教务处、科技处、人事处、学工部、研工部、“211”“985”工程办公室等部门负责人陪同调研。医学院党政领导班子、教师代表参加调研座谈会。

医学院负责同志围绕人才队伍培养、学科建设、科研与教学工作、学术交流等方面介绍了学院的历史和现状。教师代表结合学院实际情况，提出了学院发展的目标与存在问题。龚克认真听取大家意见并不时和老师们交流讨论，现场气氛十分活跃。

龚克对医学院发展所取得的成绩给予了充分肯定。他指出，近年来，医学院的发展速度很快，希望医学院积极参与教育部卓越医师培养计划，培养更多的高质量应用型人才。希望学院能够加强与兄弟院校及医院的合作，为学生创造更多的实习机会，锻炼他们的动手能力。

龚克强调，在下一步的工作中，医学院要做好战略规划，顾大局，谋长远，结合自身优势，明确发展方向，抓住机遇，促进学院的工作更上一层楼。要把握好新校区建设的有利时机，集思广益、开拓创新，办高水平的医学院，为学校发展作出更大的贡献。

座谈会前，龚克一行还考察了医学院办公室、实验室等。</body></doc>