<?xml version='1.0' encoding='utf-8'?>
<doc><id>10188</id><url>http://news.nankai.edu.cn/nkyw/system/2011/05/04/000038848.shtml</url><title>南开新添“全国五四红旗团支部”--南开要闻</title><datetime>2011-05-04 00:00:00</datetime><body>南开新闻网讯(记者 张丽 平扬 通讯员 何志慧)恰逢“五四”青年节，为树立和宣传当代青年的优秀典型，引导和激励全国广大青年立足本职创先争优，为实现“十二五”时期奋斗目标作贡献，以良好精神面貌迎接中国共产党成立90周年，共青团中央、全国青联表彰了第十五届“中国青年五四奖章”获得者、2010年度“全国五四红旗团委(团支部)”等。南开大学经济学院2008级国际经济贸易系团支部榜上有名，荣获2010年度“全国五四红旗团支部”称号。

该支部于2008年9月成立，由98名团员组成，包括中共党员12人，预备党员7人。支部全体成员积极进取，勇于开拓，在组织建设、思想建设、制度建设、主题教育活动等各方面均取得了优异的成绩，展示出了当代青年的朝气与风采、基层团组织的生机与活力。

据悉，我校还有一批优秀青年集体和个人荣获各项天津市级表彰。信息技术科学学院副院长方勇纯荣获“第十一届天津青年五四奖章”；化学学院不对称合成研究小组和法学院嘉陵北里支教服务队荣获“2011年度天津市新长征突击队”荣誉称号；环境科学与工程学院教授周明华、泰达应用物理学院教师刘智波、周恩来政府管理学院教师郑飞北、党委组织部干部科科长张宇、化学学院团委书记计景成及国际象棋国际特级大师、文学院王�h同学荣获“2011年度天津市新长征突击手”荣誉称号。</body></doc>