<?xml version='1.0' encoding='utf-8'?>
<doc><id>10183</id><url>http://news.nankai.edu.cn/nkyw/system/2011/05/06/000038884.shtml</url><title>日本爱知大学校长佐藤元彦一行访问南开大学--南开要闻</title><datetime>2011-05-06 00:00:00</datetime><body>(通讯员 董霞)5月4日，日本爱知大学校长佐藤元彦一行访问南开大学，校长龚克、副校长关乃佳在爱大会馆会见了客人，经济学院、汉语言文化学院、接待服务中心、研究生院、国际学术交流处负责人陪同会见。

龚克首先对佐藤元彦一行来访表示欢迎，并对南开大学与爱知大学30年之久的密切合作表示高度赞赏。他指出，爱知大学的本科现地教学项目和联合培养博士生项目大大促进了中日两国学生在学术、文化等方面的交流与沟通，加强了两校的深厚友谊，为中日友好作出重要贡献。随后龚克还介绍了天津近年的经济发展情况，并希望在经济全球化的形势下加强与日本高校的国际交流与合作，为经济与社会发展作出贡献。最后，龚克对日本灾后重建和恢复表示了关切。

佐藤元彦首先对南开大学给予爱知大学本科现地教学项目及联合培养博士生项目的大力支持表示感谢。他指出，南开大学与爱知大学在学生交流方面的合作模式非常成功，南开大学为爱知大学输送了很多优秀的学生，今后希望两校在教师交换和科研合作等更广泛领域加强交流与合作。最后，佐藤元彦对南开大学在第一时间发来震后慰问表示感谢。

爱知大学创建于1946年，在日本中部的爱知县内，是一所以人文社会科学为主特别是以中国学研究见长的私立大学。南开大学与爱知大学早在1980年就签署了校际协议，这也是中日高校间的第一份交流协议，2006年两校又合建了孔子学院。自1997年以来，爱知大学每年选派近200名学生到南开大学进行为期4个月的学习。</body></doc>