<?xml version='1.0' encoding='utf-8'?>
<doc><id>10196</id><url>http://news.nankai.edu.cn/nkyw/system/2011/04/28/000038763.shtml</url><title>校领导到天津文化研究中心调研--南开要闻</title><datetime>2011-04-28 00:00:00</datetime><body>南开新闻网讯(通讯员 史宣)4月27日，校党委书记薛进文到南开大学天津文化研究中心调研。

薛进文对天津文化研究中心前一阶段的工作给予充分肯定，并提出三点要求：一是要充分认识中心的意义和作用，把中心办成聚合天津专家学者合力攻关的良好平台，在深化学术研究和服务天津社会文化建设上提高质量，多出精品；二是把中心和我校的学科建设紧密结合，通过天津的个案研究，提升中国近现代史学科建设的水准，形成学科优势；三是科学处理原创性的精深的学术研究和服务现代化建设的关系，善于在把高、精、尖的人文学术成果转化为建设先进文化、提高全民素质和道德修养的精神动力。

南开大学天津文化研究中心于2010年4月成立，挂靠历史学院。座谈中，历史学院、天津文化研究中心负责人对中心成立以来工作的情况进行了汇报，并对今后的工作进行了展望。</body></doc>