<?xml version='1.0' encoding='utf-8'?>
<doc><id>10197</id><url>http://news.nankai.edu.cn/nkyw/system/2011/04/28/000038762.shtml</url><title>市纪委、市委教育工委领导来南开调研--南开要闻</title><datetime>2011-04-28 00:00:00</datetime><body>南开新闻网讯(通讯员 刘思南)4月27日，市纪委四室主任刘群立，市纪委驻市委教育工委、市教委纪检组组长刘十洲等一行五人来我校就落实反腐倡廉重点创新工作进行调研推动。校纪委书记张式琪、纪委监察室和招投标管理办公室相关负责人参加了调研座谈会。

张式琪代表学校对市纪委、市委教育工委纪检组领导来校调研和指导工作表示欢迎，并对市纪委、市委教育工委纪检组多年来对我校党风廉政建设工作的指导和帮助表示感谢。张式琪介绍了我校今年围绕学校重点工作、贯彻落实天津市四委局《实施办法》的情况，重点对我校的反腐倡廉重点创新工作――招投标管理和监督机制改革与创新进行了详细的说明。学校招投标管理办公室负责人具体介绍了新体制建立的过程和目前新体制下招标办的运行情况。

刘十洲对我校纪检监察工作给予充分肯定，认为我校能够结合工作实际，坚持治标治本，从保证资金和工程项目的安全、维护学校的发展稳定的角度出发，选取具有特色的创新点扎实开展反腐倡廉创新工作，希望学校充分发挥优势，继续深入落实好该项创新工作，创造出更多的有借鉴意义的实践经验。刘群立高度评价我校反腐倡廉创新工作，希望学校结合创新工作，带动《实施办法》的全面贯彻落实。</body></doc>