<?xml version='1.0' encoding='utf-8'?>
<doc><id>10199</id><url>http://news.nankai.edu.cn/nkyw/system/2011/04/28/000038759.shtml</url><title>南开大学辅导员队伍建设工作喜获嘉奖--南开要闻</title><datetime>2011-04-28 00:00:00</datetime><body>南开新闻网讯(通讯员 沈宝庆)近日，南开大学辅导员队伍建设工作喜事连连，硕果累累。经济学院辅导员季芳获“2010全国高校辅导员年度人物”荣誉称号，经济学院党委副书记兼副院长魏占玲，辅导员兰昊、季芳共同撰写的科研论文《创新和探索：从BBS角度思考辅导员的网络思想政治工作》获2010年度全国高校辅导员优秀论文一等奖。

“2010全国高校辅导员年度人物”评选由教育部思想政治工作司指导，全国高校辅导员工作研究会、中国教育报、中国教育电视台共同主办，新华网提供网络支持。4月27日，评选活动终评会议在京举行，从200名初评入围候选人中评出了“2010全国高校辅导员年度人物”10人。

2010年度全国高校辅导员优秀论文评选由全国高校辅导员工作研究会、《思想教育研究》编辑部和《高校辅导员》杂志编辑部联合主办，共评选出一等奖论文17篇。这是南开大学继物理科学学院党委副书记兼副院长付洪的论文《试论人文素质教育与高校理工科拔尖创新人才的培养――以南开大学物理科学学院为例》获2009年度全国高校辅导员优秀论文评选一等奖之后，再次获此殊荣。

近年来，南开大学大力加强辅导员队伍思想建设、组织建设、作风建设和科研建设，辅导员工作质量进一步提高，日益成为学生的知心朋友和人生导师，辅导员队伍整体素质也得到进一步提升，在科研立项、服务学校事业发展等方面取得了长足的进步。</body></doc>