<?xml version='1.0' encoding='utf-8'?>
<doc><id>10191</id><url>http://news.nankai.edu.cn/nkyw/system/2011/05/01/000038815.shtml</url><title>天津城市形象高层论坛在南开大学举行-历史学院,天津文化研究中心-南开要闻</title><datetime>2011-05-01 00:00:00</datetime><body>(记者陈鑫 摄影陈晨)一个城市的形象对城市的发展和市民的日常生活有着深刻的影响。随着滨海新区的建设，天津的知名度迅速提高，天津形象的研究也显得更加重要和迫切。4月29日，天津城市形象高层论坛在南开大学举行。

本次论坛由南开大学天津文化研究中心主办。论坛上，市人大原副主任、天津社联主席罗远鹏，著名作家、市人大常委航鹰，天津新闻出版局局长、天津出版传媒集团董事长荣新海，天津档案局局长荣华，天津社会科学院院长张健，《天津日报》总编王宏，《今晚报》社长贾长华，《今晚报》总编鲍国之，天津市外宣办副主任龚铁鹰，天津古籍出版社社长兼总编刘文君，天津历史风貌建筑整理有限责任公司董事长冯军等受聘为南开大学天津文化研究中心兼职教授。南开大学校长龚克出席会议，并为兼职教授颁发聘书。

龚克指出，专家学者与实际工作者齐聚一堂探讨天津城市形象，研究天津文化，这是一件非常有意义的事情。作为地处于天津的一所综合类大学，与各方面专家相互合作研究天津文化，是南开的应有之责。希望论坛及今后的研究坚持学术性、综合性和实践性，创造自由交流、平等讨论的学术氛围，保持多学科相结合，为实际工作献计献策。同时希望天津的专家学者研究南开大学、研究天津的高等教育，从不同的视角为南开的形象和文化，提出见解共同探讨。

罗远鹏代表兼职教授致辞。他指出：“天津文化的精华是什么？怎样弘扬天津优秀的文化传统？怎样结合时代发展建设津味文化？作为中国的直辖市，在工业化、信息化、全球化的世界潮流中，天津的文化走向何处？这些都是综合性的问题，需要认真思考。非常高兴和众多专家学者一起讨论天津的文化问题，进一步服务社会，为天津文化的建设做出贡献。”

来自天津市委党校、天津社会科学院、天津市政协文史资料委员会、南开大学、天津大学、天津师范大学、天津理工大学、天津图书馆、天津市档案局、天津市博物馆等20多家单位相关领域的专家学者齐聚一堂，共同为天津城市形象的定位献计献策。

南开大学天津文化研究中心主任李喜所说，如此多的专家学者和实际工作者聚集在一起，讨论天津的城市形象，这还是第一次。城市形象研究非常重要，既有学术意义，也有现实需求。只有通过天时、地利、人和的交织运作、积淀、传承，才可以形成自己的城市性格和城市形象。研究城市的形象问题，需要多学科的综合攻关，才可能在理论上突破，才能为领导决策提供科学的依据。希望这个论坛能够提供一个良好的平台，将研究天津的专家学者聚合起来，深化天津文化的研究，在学术上有新的建树，在促进天津文化建设上有新的贡献。

来新夏、郭凤岐、李喜所、方兆麟、张利民等著名学者在会上作专题报告，分别就天津的文化定位、天津城市形象的提升等问题提出自己的观点。

南开大学天津文化研究中心于2010年4月成立，挂靠南开大学历史学院，其宗旨为深化学术研究，服务天津社会文化建设。</body></doc>