<?xml version='1.0' encoding='utf-8'?>
<doc><id>10195</id><url>http://news.nankai.edu.cn/nkyw/system/2011/04/28/000038764.shtml</url><title>校领导到图书馆调研-图书馆,南开大学-南开要闻</title><datetime>2011-04-28 00:00:00</datetime><body>(记者 陈鑫 摄影 陈晨)4月28日，南开大学校长龚克到图书馆调研。学校办公室、研究生院、教务处、科技处、社科处、“211”“985”工程办公室等部门有关负责同志陪同调研。图书馆党政领导班子成员、员工代表参加调研座谈会。

龚克指出，南开大学要建设国内外知名高水平大学，图书馆的建设十分重要。图书馆在教学改革、提高教学质量中应发挥更大作用，要解放思想，以育人为中心开展活动，让学生对学习产生兴趣。

龚克强调，读书是一种优雅的生活习惯，南开学子既要提高读书量，也要拓宽读书面。图书馆要通过各种读书活动，引导学生超越专业范围，广泛了解自然科学、人文社会等各方面的世界热点问题。建设一流图书馆不仅要有独具特色的建筑和丰富藏书量，更要通过师生的良好互动，开展丰富多彩的活动，吸引学生乐于读书。

图书馆负责人介绍了图书馆建设的基本情况，并就图书购买、期刊订阅、数据库建设、职工队伍、特色服务等情况进行了专门介绍。</body></doc>