<?xml version='1.0' encoding='utf-8'?>
<doc><id>10190</id><url>http://news.nankai.edu.cn/nkyw/system/2011/05/01/000038816.shtml</url><title>专家献策天津城市形象高层论坛-历史学院,天津文化研究中心-南开要闻</title><datetime>2011-05-01 00:00:00</datetime><body>聚会天津精英 共创乐呵津城

南开新闻网讯(记者陈鑫)4月29日，天津城市形象高层论坛在南开大学举行。来自天津社会科学院、天津市委党校、天津市政协文史资料委员会、南开大学、天津大学、天津师范大学、天津理工大学、天津图书馆、天津市档案局、天津市博物馆等20多家单位相关领域的专家学者齐聚一堂，共同为天津城市形象的定位献计献策。

会上，来新夏、郭凤岐、李喜所、方兆麟、张利民等著名学者在会上作专题报告，分别就天津的文化定位、天津城市形象的提升等问题提出自己的观点。

定位河海文化

著名历史学家、天津地方史专家来新夏先生说，自己7岁第一次到天津，9岁开始在天津定居，今年89岁，在天津生活已经80年了，亲身经历了天津历史的诸多变革。天津是一座让人喜欢又让人很难说清的城市。究竟应该怎么定位这座城市，仁者见仁，智者见智，很难给出唯一答案。

在回顾了天津历史上的繁荣后，来新夏指出，说起天津文化有码头文化、租界文化、商业文化等等十余种说法，这些都体现了天津文化的一个方面。是什么将这些文化沟通起来，形成独具特色的天津文化的呢？来新夏认为，靠的是一条与大海相通的海河，其上游由九河下梢汇聚而成，其下经由渤海到黄海进入大洋。天津正是由河海沟通而生机勃勃发展起来的城市。因此，来新夏将天津文化定位为“河海文化”。

呼吁还原文化灵魂

天津市地方志办公室原主任、研究员郭凤岐说，改革开放30多年来，中国城市无论从数量上、规模上，还是形象、内涵等方面，都发生了很大变化。但是，在提升城市形象上，有的还有误区，存在着重物象，轻人文的现象。其实，提高城市文化素质，形成城市文化特色，营造城市独特人文品牌，还原城市文化灵魂等，对城市形象的提升，有更加深远的意义。

郭凤岐说，文物之间可以划分品级，文化之间确是完全平等的。城市文化特别表现在大片的民居中，这是城市整个生活的文化载体，也是城市真正的独特性之所在。城市精神及其长长的根，就在这里。由此，城市文化从深远的过去，到无限的未来，血缘相连，一脉相承，形成一种强大的文化与精神，形成一种强有力的城市形象。因此要大力保护老屋、老楼、老街，不仅要做外观的美化、整修，更要还原其历史文化内涵，把天津独特的历史文化资源转化为城市形象建设的资本，提高天津城市的知名度、美誉度和原生态的城市高贵文化气质。

建议打造“水之天津”、“乐之天津”

怎样对天津城市形象做出现代提升，南开大学天津文化研究中心主任、历史学院教授李喜所提出打造“水之天津”、“乐之天津”的建议。他说，天津城市形象的现代提升，应该以水文化为取向，把生活化和中西合璧两个文化符号做大做足，建造快乐之都，艺术之城。天津人作为海河儿女、“渤海之民”，没有理由不保护天津的水脉，建造河、海同构的宜居城市。目前迫切的问题是如何千方百计保护水资源，并以水为本，发挥天津的水优势，焕发天津的独特的水魅力。如果天津能变成以河、海、湖闻名的水都，则功在当世，惠及子孙。

李喜所还指出，人们常戏称天津人为“卫嘴子”，言外之意是会吃、会说，生活第一。别的先不论，就说天津话，柔软中有几分俏皮，快捷中有一点儿狡黠，有歌的韵味、相声的乐趣，让人忍俊不禁，轻松愉悦，极富生活底蕴与亲和力。究其深层原因，是天津人有一种豁达快乐的性情，突出表现在爱乐呵、会享受，善于找乐子，娱乐文化极其发达。乐呵源于生活，会生活才是人生的大智慧。当然，会生活绝不是简单的吃喝玩乐，更非放纵自我、不求进步，而是活出境界，活出自我，让人性回归，成为名副其实的人。天津的经济发展，娱乐产业潜力很大，空间很多。天津的节日文化，也须增质增量，与国际接轨。天津城市的现代化，应该在建造娱乐之都上下功夫，逐步让全国乃至世界对天津有一个共识：要快乐，到天津！</body></doc>