<?xml version='1.0' encoding='utf-8'?>
<doc><id>10193</id><url>http://news.nankai.edu.cn/nkyw/system/2011/04/30/000038794.shtml</url><title>南开3位教授当选中国欧洲学会新一届理事-中国欧洲学会,佟家栋,陈志强,吴志成-南开要闻</title><datetime>2011-04-30 00:00:00</datetime><body>南开新闻网讯(通讯员 欧 研)在近日举行的中国欧洲学会第八届年会会员代表大会上，南开大学佟家栋、陈志强、吴志成3位教授当选为新一届理事会理事，任期5年。因在欧洲研究领域取得重要成就，对推进中国欧洲研究作出突出贡献，佟家栋当选为第八届中国欧洲学会副会长，吴志成当选为副秘书长。 在同时举行的中国欧洲政治研究会会员代表大会上，吴志成继续当选为新一届中国欧洲政治研究会副会长。</body></doc>