<?xml version='1.0' encoding='utf-8'?>
<doc><id>10198</id><url>http://news.nankai.edu.cn/nkyw/system/2011/04/28/000038761.shtml</url><title>南开大学劳动模范、模范集体“五一”前获表彰--南开要闻</title><datetime>2011-04-28 00:00:00</datetime><body>南开新闻网讯(记者 张轶帆 摄影 任永华)在一年一度的“五一”国际劳动节来临之际，天津市庆祝“五一”国际劳动节暨表彰劳动模范、模范集体大会于4月28日在天津大礼堂隆重举行。 我校现代光学研究所所长母国光院士、环境科学与工程学院副院长鞠美庭教授、经济学院数量经济研究所所长张晓峒教授、文学院文学实验教学中心执行主任涂俊荣获2010年度天津市劳动模范称号，“大学文科数学”课程组荣获2010年度天津市劳动模范集体称号，受到大会表彰。 当天早晨，南开大学党委副书记、教代会工会主席刘景泉来到校工会，欢送即将参加天津市表彰大会的劳动模范和模范集体代表，并向他们表示热烈祝贺，鼓励大家为把南开大学建成国际知名高水平大学作出新的更大贡献。 当天早晨，南开大学党委副书记、教代会工会主席刘景泉来到校工会，欢送即将参加天津市表彰大会的劳动模范和模范集体代表，并向他们表示热烈祝贺，鼓励大家为把南开大学建成国际知名高水平大学作出新的更大贡献。</body></doc>