<?xml version='1.0' encoding='utf-8'?>
<doc><id>10192</id><url>http://news.nankai.edu.cn/nkyw/system/2011/04/30/000038801.shtml</url><title>纪念建党90周年 南开大学创建“红色之家”-建党,90周年,商学院,会计系,“红色之家”-南开要闻</title><datetime>2011-04-30 00:00:00</datetime><body>(记者 陈 鑫 通讯员 周轩)今年是中国共产党成立90周年，4月28日，南开大学商学院会计系举行“红色之家”创建仪式，校党委书记薛进文亲自为“红色之家”揭牌。

为迎接中国共产党90周年华诞，深入推进创先争优活动开展，不断探索人才培养新模式，努力提升学科建设水平，南开大学商学院会计系教师党支部发起成立“红色之家”，并将大力策划和举办“红色之家”系列党建创新活动。会计系“红色之家”目前由会计系教师党支部，会计学2010级硕士研究生党支部和会计学2009级本科生团支部组成。

“红色之家”本着以点带面的建设原则，逐渐扩大规模，重点强调红色示范作用，通过各种形式多样内容丰富的学习和实践活动，不断增强党支部的凝聚力和党员同志的威信力。会计系“红色之家”所有党日活动将主要沿着3个维度进行：教师内部以学术科研为主线，师生之间以知识传授和人才培养为宗旨，学生内部以求知、立德、实践、创新为基调。

本学期，会计系“红色之家”将积极组织和开展如下活动：共读一部红色经典书籍，创建“红色之家”读书分享会，提高师生的理论修养和认识水平；共同开展一次红色实践活动，参观平津战役纪念馆，主动接受党的教育，感受党的90年光辉历程，坚定跟党走的政治信念；共同完成一次科研项目，充分发挥教师引领、朋辈支持的作用，实现师生互动成长；共同开展一次学术交流，拓宽师生学术视野；共同开展一次企业交流活动，“红色之家”将联系知名企业，积极开展企学交流，带领同学们了解企业会计实务。

商学院负责人表示，会计系“红色之家”将成为会计系学术科研和人才培养的长期做法，“红色之家”的精神和原则也将贯彻到会计系今后培养德才兼备高素质人才的日常工作中。

“红色之家”成立当天，薛进文与商学院党委负责人参加了会计系教师党支部主题为“深入学习胡锦涛总书记讲话精神，全面提高教育质量，努力建设高水平会计学科”的组织生活会。会上，会计系各位老师围绕胡锦涛总书记讲话纷纷发言。

薛进文表示：“能听一听一线教师的发言，对学校事业的发展是最有帮助的，因为他们的感受是最真实的，说的都是真心话。”薛进文谈到了自己对胡锦涛总书记讲话的理解：“这次胡总书记更为全面地概括了大学的职能，在通常认为的人才培养、科学研究和社会服务之上，又增加了一项职能：文化传承与创新。”薛进文认为，文化的传承和创新绝不仅仅是文化产业的支持和发展这些浅层次方面的，而是要在价值取向多元化的转型时期，在精神层面，通过教育赋予人们普遍认可和真心奉行的社会主义核心价值观。谈到学校的教育教学和学科发展，薛进文强调，根本问题还是教师的问题，特别是青年教师的培养，必须提上议事日程，我们要积极创造条件，系统性有计划地选派青年教师走进国际知名大学、研究所访学、交流和进修，我们要积极主动参与、举办国际学术会议，也要主动邀请国外专家来校交流、讲学。</body></doc>