<?xml version='1.0' encoding='utf-8'?>
<doc><id>10201</id><url>http://news.nankai.edu.cn/nkyw/system/2011/04/27/000038722.shtml</url><title>学校召开分党委、党总支书记会-分党委,党总支,书记会-南开要闻</title><datetime>2011-04-27 00:00:00</datetime><body>(记者 陈 鑫 摄影 任永华)4月26日，南开大学召开分党委、党总支书记会。校党委书记薛进文，党委副书记焦玮、杨庆山、刘景泉，纪委书记张式琪及各分党委、党总支书记、机关党群部门负责人出席会议。

薛进文在讲话中指出，第七次党代会以来，围绕制定的目标、战略，通过各基层党组织的努力，学校较好地贯彻了中央和各级党委的要求，始终把握发展建设的正确方向，不断解决在发展过程中遇到的困难、矛盾和问题。现在，学校在筹备第八次党代会，编制“十二五”规划，结合新校区的建设发展，确定到建校百年时的目标规划，这要求我们进一步统一思想、凝聚人心、振奋精神。第八次党代会的筹备和召开将标志南开大学新的重要建设时期的到来，具有里程碑式的意义。要在国家中长期教育改革和发展规划纲要的基础上，形成心齐气顺干事业的氛围，加快南开大学建设步伐。

薛进文强调，要认真做好第八次党代会大会筹备、报告起草、代表选举、两委委员推荐等工作，形成鲜明正确的导向，给全校广大基层党员、干部教师以信念、目标和信心。在党代会筹备过程中，要严格遵守中央、市委和学校党委有关要求、规定和纪律。希望各分党委、党总支书记，机关党群部门负责人，协助和配合学校党委认真做好党代表选举工作，真正把热爱南开、政治素质好、群众基础好、能够对工作提出建设性意见的基层干部和优秀党员推选为党代表。

会上，杨庆山就党代表选举的程序、代表分配有关的工作要求进行了安排。刘景泉、张式琪分别就党代会报告和纪委报告的起草工作进展情况进行了介绍。</body></doc>