<?xml version='1.0' encoding='utf-8'?>
<doc><id>10208</id><url>http://news.nankai.edu.cn/nkyw/system/2011/04/25/000038591.shtml</url><title>法国驻华大使馆法律参赞访问南开-法国-南开要闻</title><datetime>2011-04-25 00:00:00</datetime><body>南开新闻网讯(通讯员 卢彤菲 毛�h栩)近日，法国驻华大使馆法律参赞达奇女士(Christine Da Luz)访问南开。副校长关乃佳在办公楼会见了客人，法学院负责人陪同会见。

双方就中法两国法律制度和文化的比较、南开大学法学专业的发展情况等进行了交流，并就相关合作事项进行了磋商，共同探讨法学院与法国高校及学术机构之间交流与合作的途径与方式。

随后，达奇女士做了题为“法国的司法组织”的主题学术报告。达奇女士结合案例，图文并貌地介绍了法国司法审判机关设立的基本原则和体系构成，并对法国的特色机构――宪法委员会，以及法国的普通司法审判体系和行政审判体系进行了重点说明。

会后，达奇女士与在场全体师生合影留念。达奇女士表示，与法学院师生的交流使她感受到中国法学学者强烈的学术热情，她对中国的宪法制度和司法实践充满兴趣，希望今后能有更多的交流，了解和学习中国的法律，也希望能与南开大学有更多的合作机会。</body></doc>