<?xml version='1.0' encoding='utf-8'?>
<doc><id>10209</id><url>http://news.nankai.edu.cn/nkyw/system/2011/04/25/000038590.shtml</url><title>南开师生热烈祝贺清华百年校庆-清华-南开要闻</title><datetime>2011-04-25 00:00:00</datetime><body>南开新闻网讯(记者 陈鑫 通讯员 刘振 聂际慈)4月24日，清华大学迎来百年校庆。南开大学在历史上与清华大学颇有渊源且友谊深厚。值此之际，南开师生纷纷发出衷心祝贺。

中国工程院院士、南开大学化学学院教授李正名向清华大学表示祝贺。他说，清华大学百年历史中，培养了大批优秀人才。自己的恩师、南开大学原校长杨石先先生即毕业于清华学堂。百年清华能够在教育领域取得一系列优异的成绩决不是偶然的，这与她重视学生社会责任感培养、重视人才全面发展的教育理念是分不开的。

李正名说：“清华百年校庆之际，胡锦涛总书记发表重要讲话，这体现了党和国家领导人对教育发展的高度重视。讲话中，总书记对高等教育的发展和青年学生的成长提出殷切希望，这令我深受感动。我们应该认真学习讲话精神，并以此为指导，进一步开展我们的教学科研工作。南开大学很快也将迎来自己的百年校庆，南开人应向清华学习，以优异的办学成绩为社会发展作出贡献。”

南开大学高等教育研究所教授张晓唯指出，作为中国近代以来高等教育发展的杰出代表，清华百年校庆是教育史上一件大事，非常值得庆祝。清华自建校之初就是一所国际化、开放型的学校。同时，她还拥有了许多理念先进的教育家和一大批卓越的教授，培养了一代代优秀人才。无论是在科学研究方面，还是在思想文化发展方面，清华大学都作出了突出的贡献。

张晓唯说，在历史上，南开大学与清华大学有着密切的关系，和相近的教育理念。清华历史上有过梅贻琦、王大中两位南开出身的校长，和张伯苓、张彭春两位教务长。在抗战期间，清华、北大、南开组成西南联合大学。民族危难之际的同舟共济，使南开与清华的友好情谊达到了一个历史新高度。目前，清华大学不断取得新的成就，她的发展也带动了我国高等教育的发展，其他高校也应奋起直追，形成多元发展的新局面。

南开大学经济学院党委书记景维民教授说：“高等学校的重要任务是育人，但是培养什么人、怎样培养人这两个问题一直是摆在高校工作者面前的课题。胡锦涛总书记提出，把文化知识学习和思想品德修养紧密结合、把创新思维和社会实践紧密结合、把全面发展和个性发展紧密结合。这三个结合不仅为青年大学生的成长提供了价值目标，也为做好高校的育人工作提供了工作方法。我们要运用好这三个结合，既作为抓手，也作为准绳，努力培养思想成长、学业进步、身心健康的有用之才。”

南开大学药学院2010级本科生刘南飞说：“胡锦涛主席在清华大学建校百年庆祝大会上的重要讲话让我感触颇深。百年来，清华始终‘与民族共命运，与时代同步伐’。在科技领域为祖国做出巨大的贡献。我们作为新时代的大学生，面对世界格局发生剧烈变化，应该把个人理想和国家命运联系在一起。在知识创新的同时学有所用。脚踏实地，志存高远，为中华民族的伟大复兴而有所作为。”

南开大学哲学院2009级本科生吴宇攀说，胡锦涛总书记对清华大学同学和全国青年学生提出了三点希望，强调在德才兼备、全面发展的基准之上，要保持个性，彰显本色。作为当代青年，我们一定要牢记总书记的教导，珍惜美好青春年华，刻苦学习科学文化知识，立为国奉献之志，立为民服务之志，以实际行动创造无愧于人民、无愧于时代的业绩，谱写壮丽的青春乐章。</body></doc>