<?xml version='1.0' encoding='utf-8'?>
<doc><id>10203</id><url>http://news.nankai.edu.cn/nkyw/system/2011/04/26/000038660.shtml</url><title>邢元敏受聘南开大学兼职教授-邢元敏,兼职教授-南开要闻</title><datetime>2011-04-26 00:00:00</datetime><body>(记者 平 扬 摄影 陈 晨)4月25日，邢元敏南开大学兼职教授致聘仪式在省身楼举行。天津市政协主席邢元敏，南开大学党委书记薛进文、校长龚克、常务副校长陈洪，哲学院教授陈晏清先生，及学校办公室、哲学院有关负责同志，优秀校友和师生代表出席了致聘仪式。龚克为邢元敏佩戴校徽并向他致送聘书，陈洪主持仪式。

邢元敏在致辞时表示，南开大学是一所历史悠久、积淀深厚、传统优良的著名学府，从昔日的南开学子到今天成为南开教授，深受南开精神鼓舞，深感使命与责任。“一直以来，我总在努力思考如何更好地回报母校，为母校再多做些工作和事情。”邢元敏说，从受聘教授之时起，他将着手准备为学生们上课的教案。

薛进文说，邢元敏教授富有深厚的理论造诣和学术素养，长期以来，他在天津许多重大决策的制定工作中发挥了重要作用，为天津繁荣发展作出了重要贡献，是南开人奉献社会、服务国家的典型代表之一。邢元敏同志始终心怀母校，关心学校学科建设、人才引进和学生培养等各项工作，今后也必将有力地推动南开相关学科建设、教育改革和整体发展。

邢元敏是南开大学毕业生，1982年获哲学学士学位，2001年获哲学博士学位。1969年参加工作，1975年加入中国共产党。1978年起历任天津市学联主席、青联主席、南开大学团委书记。1984年起历任共青团天津市委副书记、市高教局局长、市教委主任、市委教卫工委副书记。1998年起任中共天津市委常委、教卫工委书记。2002年起任中共天津市委副书记、市纪委书记。2008年起历任天津市委副书记，市政协主席、党组书记。2009年起，任天津市政协主席、党组书记。邢元敏是中共十六届中央纪委委员、中共十七届中央候补委员，中国经济社会理事会副主席。他精通哲学基本理论，多年来一直在一线工作，熟识中国社会的重大问题，对哲学思想和社会发展之间的密切关系有深刻而独到的见解。他主编的主要著作有《马克思主义哲学原理》、《邓小平理论概论》、《江泽民教育论述导论》、《经济全球化与教育开放战略》等。</body></doc>