<?xml version='1.0' encoding='utf-8'?>
<doc><id>10202</id><url>http://news.nankai.edu.cn/nkyw/system/2011/04/26/000038686.shtml</url><title>第八次党代会宣传组召开工作会议-党代会-南开要闻</title><datetime>2011-04-26 00:00:00</datetime><body>(记者 张丽 摄影 任永华)4月25日，第八次党代会宣传工作组在办公楼召开会议，对相关工作进行研讨。校长龚克出席会议并讲话，党委副书记刘景泉主持，纪委书记张式琪出席，宣传工作组全体成员参加。

龚克听取了党代会报告起草及舆论宣传工作进展情况的汇报。他指出，党代会报告起草要突出南开特色，重视对南开传统教育思想、教育理念的继承和弘扬，巩固和发展南开优势，深入总结南开教育模式。要真正将党代会报告起草过程转化为凝练学校发展共识的过程，促进教学、科研、管理、服务等各项改革发展的过程。

龚克强调，在总结回顾南开过去几年的工作时，要结合国家社会发展大局大势，保持宏观大视角。在描绘学校未来发展目标时，要具体分层，坚持以育人为本，围绕实施南开品格的素质教育这个主题，把握好人才培养和学科建设、师资发展、教学科研的关系，用人才培养模式改革带动其他方面的改革。注意处理好新校区规划定位等重要问题。

会议就近期党代会报告的起草工作进行了讨论。</body></doc>