<?xml version='1.0' encoding='utf-8'?>
<doc><id>10205</id><url>http://news.nankai.edu.cn/nkyw/system/2011/04/26/000038658.shtml</url><title>校领导应邀出席清华大学百年校庆活动-清华-南开要闻</title><datetime>2011-04-26 00:00:00</datetime><body>新华社记者 谢环驰摄

校长龚克与清华大学校长顾秉林在清华“世纪林”植树活动中于“南开树”前合影。

南开新闻网讯(通讯员 乔盛)4月24日上午，清华大学百年校庆庆祝大会在人民大会堂隆重举行。党和国家领导人胡锦涛、吴邦国、温家宝、贾庆林、习近平、李克强等出席庆祝大会，胡锦涛在大会上发表了重要讲话。

胡锦涛总书记在讲话中回顾了清华大学建校100年来的发展历程，对清华大学一个世纪的办学成就给予高度评价。他指出，高等教育作为科技第一生产力和人才第一资源的重要结合点，在国家发展中具有十分重要的地位和作用。建设若干所世界一流大学和一批高水平大学，是建设人才强国和创新型国家的重大战略举措。

南开大学校长龚克应邀出席庆祝大会并在主席台就坐。龚克代表南开师生对清华大学百年华诞表示诚挚的祝贺。

抗战期间，南开大学与北京大学、清华大学在昆明组成举世闻名的西南联合大学。联大期间，三校风云际会，艰苦创业，和衷共济，为国家民族培养了一大批杰出的科学人才和革命志士，谱写了中国教育史上的光辉篇章。

作为校庆系列活动之一，4月23日上午，“2011大学校长全球峰会暨环太平洋大学联盟第15届校长年会”在清华大学举行。国务委员刘延东出席会议并发表主旨演讲。校长龚克、副校长关乃佳应邀出席此次校长年会。

大会以“全球社会经济发展与高等教育”为主题，邀请40个国家和地区的135所大学校长齐聚清华，共同探讨全球化背景下各国大学所面临的历史责任、时代使命和现实挑战。

与会期间，龚克、关乃佳分别与美国加州大学、加拿大麦吉尔大学、德国慕尼黑大学、日本京都大学、丹麦哥本哈根大学、新西兰奥克兰大学等我校合作院校领导亲切交谈，就国际合作与交流特别是教师互派、学生互换、学分互认和学位互授等领域进行了交流和探讨。在与美国康奈尔大学、乔治敦大学校长充分沟通后分别达成合作意向，并计划于近期正式建立校际合作关系。</body></doc>