<?xml version='1.0' encoding='utf-8'?>
<doc><id>10211</id><url>http://news.nankai.edu.cn/nkyw/system/2011/04/23/000038542.shtml</url><title>学者共聚南开 展望中欧关系发展-中欧,中国欧洲学会,年会-南开要闻</title><datetime>2011-04-23 00:00:00</datetime><body>中国欧洲学会举行第八届年会

(记者 平 扬 摄影 陈 晨)4月22日，中国欧洲学会第八届年会在南开大学拉开帷幕，为期3天的会议以“未来十年的欧盟与中欧关系”为主题，邀请了全国近150名欧洲问题研究专家共聚南开，展望中欧关系发展，推动欧洲问题研究。

天津市副市长任学锋，南开大学党委书记薛进文，中国欧洲学会会长周弘，中国社会科学院欧洲研究所党委书记罗京辉，中国欧洲学会副会长伍贻康、戴炳然、沈雁南等出席开幕式。南开大学副校长佟家栋主持。

任学锋在致辞中表示，近年来，天津市致力于探索产业结构调整和经济发展模式转变，实现了经济快速增长，这与天津实施对外开放战略密不可分。长期以来，天津在经济、科技、文化、教育等诸多领域与欧洲开展了紧密合作。中国欧洲学会作为该领域知名研究机构多年来成果丰硕，历史悠久的南开大学更是聚集了欧洲研究领域享誉国内外的学者，本届会议的召开，体现了欧洲研究专家对欧盟发展的前瞻性思考，也体现了主办方和参与者对未来欧洲政治、经济、文化等的高度关注，必将为当前中欧关系的顺利发展提供有价值的思路和应对策略。

薛进文代表学校向会议的召开表示祝贺，向莅临南开的学者和嘉宾表示欢迎。他说，南开大学是国内高校中较早开展欧洲问题研究的学府之一，承担多项研究任务，涌现出一批优秀学术研究人员，在为党和国家、各级政府、经济界、企业界提供决策咨询等方面作出了突出贡献，在推动欧洲与中国及南开大学在学术交流、教育合作等方面发挥了重要作用。本届年会的召开，既为促进欧洲问题的学术研究与交流搭建平台，也为南开检验和提升自身的学科发展及研究水平提供了契机。

伍贻康回顾了中国欧洲学会的发展历程，他说，在我国改革开放取得重大发展的基础上，中国欧洲学会年会已成功举行多届，南开等一批高校的专家们潜心研究，使我国在欧洲问题研究上取得了辉煌成绩。当前欧洲一体化处于关键时期，欧洲经济复兴还有待证实，许多问题值得高度关注和深入研究，今天学者们共聚南开，有力地推动了欧洲问题研究迈入新的发展阶段。

中国欧洲学会成立于1984年，前身为西欧经济研究会(1978―1984)和中国西欧学会(1984―1992)；1993年改名中国欧洲学会至今，是中国欧洲学界的全国性民间学术团体，致力于推动中国欧洲问题研究事业的发展。该组织举行各种学术交流和工作研讨活动，以推动中国欧洲问题研究不断深入；向社会各界和政府部门提供有关欧洲问题的咨询服务，增进中国人民对欧洲事务的了解，推动中欧关系的发展；积极开展国际学术交流，架构中外文化交流的桥梁。1997年至2001年，中国欧洲学会积极参加中欧高教合作项目。申请并主办多次全国性学术会议和国际学术会议，其中影响较大的会议有“欧盟与世界――纪念罗马条约40周年暨第五届年会”、“就业――中国和欧盟共同面临的任务”国际研讨会、“中欧关系研讨会”、“欧元背景下的欧洲与世界暨第六届年会”等。</body></doc>