<?xml version='1.0' encoding='utf-8'?>
<doc><id>10213</id><url>http://news.nankai.edu.cn/nkyw/system/2011/04/22/000038530.shtml</url><title>台湾淡江大学代表团访问南开大学-台湾,淡江大学,访问-南开要闻</title><datetime>2011-04-22 00:00:00</datetime><body>(通讯员 杨倩烨 摄影 任永华)4月21日，台湾淡江大学校长张家宜一行访问南开大学。校长龚克会见了客人，港澳台事务办公室、数学科学学院相关负责人陪同会见。

龚克对张家宜一行的来访表示欢迎，并介绍了南开大学的发展现状，包括经济、数学、化学、历史等学科的发展、科研及人才培养方面的情况。他表示，南开大学与淡江大学有着非常良好的合作关系和远大的发展前景，希望今后两校继续在多个领域开展合作。

张家宜对南开大学的热情接待表示感谢。她表示，南开大学是淡江大学的重要合作伙伴，两校已经在学生交流方面迈开了步伐，希望今后能够开展更多学术交流以及师生互换活动，促进两校更加深入地交流与合作。

淡江大学是台湾著名的私立大学之一，前身为成立于1950年的淡江英语专科学校，1980年升格为大学，在台湾私立大学中排名第一，全台湾位居第六。淡江大学与南开大学于2010年签署了合作协议，至今该校共有6名学生前来我校交换学习，我校共派出5名学生到该校学习交流。</body></doc>