<?xml version='1.0' encoding='utf-8'?>
<doc><id>10218</id><url>http://news.nankai.edu.cn/nkyw/system/2011/04/21/000038488.shtml</url><title>校领导到旅游与服务学院调研--南开要闻</title><datetime>2011-04-21 00:00:00</datetime><body>(记者 陈鑫 摄影 任永华)4月19日，南开大学校长龚克到旅游与服务学院调研。学校办公室、学工部、研究生院、人事处、教务处、社科处、国际学术交流处、财务处等部门有关负责同志陪同调研。校党委副书记、旅游与服务学院党委书记焦玮及学院党政领导班子成员、教师代表参加调研座谈会。

龚克指出，旅游学科应用性很强，不同于基础学科，在人才培养方面要解放思想，加强实践，探索出一条应用型人才培养的新路，体现南开公能并重的风格，形成一套用“南开语言”表述的人才培养标准。在教学改革方面，要让师生共同参与其中，充分调动学生学习的主动性。要精心设计对专科、本科、科学学位研究生、专业学位硕士等不同类型学生的教育教学，让他们都能获得终身难忘的南开体验。

龚克强调，在师资队伍建设方面，要综合考虑引进人才工作和对现有教师的培养。在学科发展方面，要认真研究国家对旅游教育、旅游研究的需要，根据行业发展趋势，争取业界认可，同时要注重学风、扎实工作，发展出特色鲜明的南开大学旅游学科。

旅游与服务学院负责人介绍了南开大学旅游学科与中国旅游管理干部学院的发展历程，以及新学院成立后的主要工作，教学、科研、行业培训、继续教育、国际合作、社会服务、设施与行政保障等方面的概况。作为南开大学最年轻的学院，学院负责人提出了今后一段时期的发展战略及面临的机遇与挑战。

座谈会前，龚克一行还考察了旅游与服务学院的影视制作中心、多功能报告厅、图书资料室、教学实习餐厅等。</body></doc>