<?xml version='1.0' encoding='utf-8'?>
<doc><id>10214</id><url>http://news.nankai.edu.cn/nkyw/system/2011/04/22/000038525.shtml</url><title>2011年首批汉语教师志愿者将赴泰国菲律宾执教-汉语教师,志愿者,泰国,菲律宾,汉办,国际学术交流处-南开要闻</title><datetime>2011-04-22 00:00:00</datetime><body>(记者 张 剑 摄影 陈 晨)国家汉办2011年首批赴泰国、菲律宾执教的330名汉语教师志愿者储备人员，于4月20日结束在南开大学为期两个多月的培训，考核合格者将于5月下旬赴上述国家担任汉语教师。

在结业仪式上，南开大学常务副校长陈洪为参加培训的学员颁发了结业证书，向他们表示祝贺，并向为此次培训付出辛勤劳动的全体工作人员表示感谢。他说，希望学员们充分发挥聪明才智，在今后各项工作中取得更大的成绩，培养出更多更优秀的汉语人才，更好地为中外文化的交流服务。

南开大学跨文化交流研究院项目负责人李英姿介绍，南开大学的培训课程涉及教学与管理、当代中国国情与中华文化、泰国语言文化等方面。培训方式包括专家授课、以学员为主体的分班活动以及模拟课堂教学、动手能力训练和文化体验活动等。希望学员通过培训，在较好掌握汉语教学技能的同时，亦具备一定的跨文化交流能力，成为中外友好交流的民间使者。

培训营学员在结业典礼上表示，经过系统的培训，他们对今后的派出工作增强了信心，也充满了期待，愿意肩负起面向海外传播中华文明的重任，为汉语国际传播贡献自己的力量。

此次南开大学培训营是南开大学第11次承办国家汉办汉语教师志愿者培训项目，自2009年以来，已先后培训赴外汉语教师1662人。近年来，南开大学承办的培训基地已与美国、日本、葡萄牙等国外大学共建7所孔子学院。

据悉，与南开大学同时举行结业典礼的还有4处培训基地，共1600余名赴外汉语教师志愿者领到了结业证书，顺利完成国家汉办组织的岗前培训。截至2010年底，国家汉办已向五大洲89个国家派出1万余名志愿者，先后为2000多所学校的200多万名学生教授汉语。</body></doc>