<?xml version='1.0' encoding='utf-8'?>
<doc><id>10215</id><url>http://news.nankai.edu.cn/nkyw/system/2011/04/21/000038523.shtml</url><title>校领导到药学院调研-调研-南开要闻</title><datetime>2011-04-21 00:00:00</datetime><body>南开新闻网讯(记者 陈晨 摄影报道)4月21日，南开大学校长龚克、副校长关乃佳到药学院调研。学校办公室、人事处、教务处、研究生院、研工部、科技处等部门负责人陪同调研。药学院党政领导班子、教师代表参加调研座谈会。

龚克对药学院发展所取得的成绩给予了充分肯定。他指出，近年来，药学院的发展速度很快，希望学院能够加强与兄弟院校及企业的合作，努力推进学科交叉与融合，同国家的需求对接。并且要做好学生的培养工作，多为学生创造实习机会，锻炼他们的动手能力。

龚克强调，药学院要在下一步的工作中做好战略规划，顾大局，谋长远，结合自身优势，明确发展方向，抓住机遇，促进学院的工作更上一层楼。要做好科研建设，加强组织策划，要引进真正优秀的人才，完善师资队伍建设，为学校的发展做出更大贡献。

会上，药学院负责人围绕人才队伍培养、学科建设、科研与教学工作、学术交流、党建工作等方面介绍了学院的历史和现状。教师代表结合学院实际情况，提出了学院发展的目标与存在问题。

座谈会前，龚克一行还考察了药学院办公室、实验室等。</body></doc>