<?xml version='1.0' encoding='utf-8'?>
<doc><id>10217</id><url>http://news.nankai.edu.cn/nkyw/system/2011/04/21/000038498.shtml</url><title>新加坡南洋理工大学代表团访问南开大学--南开要闻</title><datetime>2011-04-21 00:00:00</datetime><body>(通讯员 杨倩烨 摄影 任永华)4月18日，新加坡南洋理工大学校长徐冠林一行访问南开大学。校长龚克、副校长关乃佳在办公楼会见客人。研究生院、国际学术交流处、软件学院、经济学院、环境科学与工程学院等部门相关负责人陪同会见。

龚克对徐冠林一行的来访表示欢迎。他表示，中新生态城的发展举世瞩目，南开大学愿意充分发挥学校在学术、科研等方面的优势，与南洋理工大学一起积极投入到中新生态城的建设中。

徐冠林详细介绍了南洋理工大学在中新生态城中各项目的进展情况，其中包括拟建立南洋理工大学天津研究生院，希望得到天津高校的支持。

南洋理工大学前身是建立于1955年的南洋大学，是一所科研密集型大学，凭借科学与工程领域的坚实基础与强大优势享誉国际。

近年来，南洋理工大学与我校往来日益密切，学术交流与合作也在不断加深。2010年6月，徐冠林校长曾率团访问南开大学，同我校就双方未来进一步促进院系交流合作交换了意见，并探讨了双方在中新生态城进行项目合作的可能性。2011年1月，徐冠林校长再次率团访问我校，龚克校长在办公楼会见了客人，双方就共同发展和在中新生态城合作等事宜交换了意见。</body></doc>