<?xml version='1.0' encoding='utf-8'?>
<doc><id>10216</id><url>http://news.nankai.edu.cn/nkyw/system/2011/04/21/000038499.shtml</url><title>韩国驻华大使柳佑益访问南开大学--南开要闻</title><datetime>2011-04-21 00:00:00</datetime><body>(通讯员 李华 摄影 任永华)4月20日上午，韩国驻华大使柳佑益访问南开大学，校长龚克、副校长关乃佳会见柳佑益一行。国际学术交流处、周恩来政府管理学院、商学院负责人陪同会见。

龚克对柳佑益一行的来访表示欢迎，并介绍了南开大学的历史和发展现状，重点介绍了南开大学经济、历史、化学、数学等学科发展、科研及人才培训方面的情况。他表示，南开大学十分重视与韩国之间已有的合作，并一直与韩国的高等学校、企业界、社会团体等有着密切往来，希望今后能得到韩国驻华大使馆一如既往的支持与帮助，在教育方面拓宽合作范围，促使中韩交流更上新的台阶。

柳佑益表示，南开大学是有着悠久历史的中国知名高校，又是周恩来总理的母校。而作为一名南开大学的客座教授，他非常愿意为南开大学的韩国学研究以及与韩国高校间的教育、科研以及其它新领域的友好合作交流作出更大的贡献。

双方还就去年在韩国驻华大使馆的支持下，签署的《南开大学设立韩国学研究院协议》的实施进展情况进行了进一步探讨。

柳佑益，2009年12月28日期就任大韩民国驻华大使一职。此前，他是韩国首尔大学地理学教授，曾任太平洋亚洲学会秘书长、韩国地区研究所所长、国际地理大会组织委员会秘书长、国际地理联合会副主席等。1994年，他还曾担任总统政策计划委员会顾问。2010年6月9日，柳佑益加盟南开大学，成为我校的客座教授。</body></doc>