<?xml version='1.0' encoding='utf-8'?>
<doc><id>10210</id><url>http://news.nankai.edu.cn/nkyw/system/2011/04/23/000038543.shtml</url><title>冯仲平：绿色经济有助促进中欧关系-冯仲平,中欧,中国欧洲学会-南开要闻</title><datetime>2011-04-23 00:00:00</datetime><body>南开新闻网记者 平 扬 摄影 陈 晨

“‘十二五’规划中大力发展的绿色经济，将造就中欧关系前进的重要机遇。”4月22日，中国欧洲学会第八届年会在南开大学举行，中国现代国际关系研究院欧洲研究所所长冯仲平，在发言中指出，随着中国经济的发展，欧洲人看中国的“眼光”正在变化，以至欧盟对华政策随之调整，中欧关系发展的机遇与挑战并生。

冯仲平指出，在过去很长时间内，欧洲把中国看做“穷国”，重视中国的市场，同时也将之认定为“潜在市场”；而今，从欧洲的政治文件、媒体报道、学术研究文章中，已经不难发现它们看待中国的“眼光”发生了变化。“欧洲人认为我们已经由地区强国变为全球性的政治、经济大国，这样的认识转变必然将影响欧盟对华政策，也必将影响我们与欧洲关系的发展。”他说。

“多年来，‘改造中国’的想法在欧盟对华政策中总是时隐时现。欧洲人有一个习惯，总想让世界上所有的国家都越来越像自己，他们改造过一些国家，成败皆有，但初衷不改。”冯仲平表示，当欧洲国家政府和民众看到中国改革开放30年的发展与成就后，想法有所转变。

“虽然欧洲人没有放弃‘改造中国’的想法，但是今后‘重新塑造中国’、‘政治上影响中国发展’，不再成为欧盟对华政策的重点。这些变化并非今天才新发生，5年甚至10年前就已经存在，但如今已经越来越清晰。”他说。

基于上述转变，欧盟对华关系也开始调整。冯仲平认为，现今时代，欧洲正在经营对华的“利益置换”式外交，将欧洲试图“改造中国”的外交时代变成了“过去时”。经济利益成为发展中欧关系的重点所在，“一码归一码”的生意联系日趋明晰，他们在与中国的外交中追求立竿见影。

与此同时，欧盟国家在和中国打交道时，也深感压力。“中国的发展强大势不可挡，我们与欧洲的竞争是合理的，但在他们眼里却也构成了很大的压力。”冯仲平说，欧洲一直希望把中国发展成和美国、俄罗斯同等重要的战略合作伙伴，而真正做到这一步，却是在2008年世界金融危机发生后。

冯仲平建议，中国应该思考，如何适当弱化中欧经贸关系中的竞争力。他认为“十二五”规划中对此做出了有效的探索。与此同时，“十二五”规划提倡发展绿色经济，也将成为促进中欧关系的重要契机。

冯仲平进一步举例，“欧盟外长”阿什顿于去年9月来华考察后，向欧盟外交理事会做了一份报告，提出了新形势下欧盟和中国加强关系的五大战略目标。其中，最重要的3个方面即为：更加自由公平的中国市场投入，更紧密的合作应对全球挑战，发展低碳伙伴关系。“不仅是欧洲，美国、日本对华外交政策也在随着中国的发展而不断调整，这对我们来说有机遇也有挑战。”</body></doc>