<?xml version='1.0' encoding='utf-8'?>
<doc><id>10219</id><url>http://news.nankai.edu.cn/nkyw/system/2011/04/20/000038463.shtml</url><title>第六届机关趣味运动会举行-机关-南开要闻</title><datetime>2011-04-20 00:00:00</datetime><body>南开新闻网讯(记者 张轶帆 摄影 陈晨 任永华)为丰富机关文化生活，增强机关干部体质，建设健康型机关，4月19日，南开大学机关第六届趣味运动会在学校体育馆举行。活动吸引了机关近300名教职工的参与。校党委书记薛进文，党委副书记杨庆山，纪委书记、机关党委书记张式琪，副校长佟家栋也来到现场，与大家一起参加活动。

机关干部纷纷走出办公室，参与到定点投篮、三分投篮、趣味投筐、投飞镖、仰卧起坐、俯卧撑、呼拉圈以及妙趣横生的“螃蟹赛跑”、运球跑接力等15项个人与集体项目中。为鼓励大家更广泛地参与体育运动，运动会还将根据机关各个部处的参与率、负责人参与情况和所获名次，评出团体奖。

运动会现场，掌声、喝彩声此起彼伏，大家在紧张的工作之余尽情享受着运动带来的快乐。比赛结束后，机关还组织教工举行了篮球对抗赛。</body></doc>