<?xml version='1.0' encoding='utf-8'?>
<doc><id>10212</id><url>http://news.nankai.edu.cn/nkyw/system/2011/04/22/000038532.shtml</url><title>南开大学“低碳专业”今年首招20人-低碳专业,招生-南开要闻</title><datetime>2011-04-22 00:00:00</datetime><body>南开新闻网讯(记者 平 扬)记者今日从南开大学招生办公室获悉，我校新增的“低碳专业”从今年开始面向全国招收本科生，旨在为社会培养循环经济、再生资源、低碳经济等领域的急需人才。招生计划为20人。

作为教育部“高等学校战略性新兴产业相关本科新专业”之一，南开大学于2010年设立“资源循环科学与工程”本科专业，主要为政府部门、企事业单位培养能够从事资源循环利用规划，开采设计、再生资源开发、低碳技术、环境经济管理等方面工作的高级复合型技术人才。学制为4年，修习合格授予工学学士学位。这一新兴交叉学科专业，一经设立广受社会各界关注。

与此同时，南开大学招生办公室主任赵桂敏向记者介绍，今年该校招生计划数变动不大，在进一步优化生源结构的基础上，面向高等教育欠发达且生源数量相对较多、升学压力较大的中西部地区倾斜，预计将在内蒙、安徽、河南、广西等十多个省市自治区增加2-4个招生计划。

南开大学面向北京、上海两市的招生计划日前已经公布，分别为60人和10人。</body></doc>