<?xml version='1.0' encoding='utf-8'?>
<doc><id>10223</id><url>http://news.nankai.edu.cn/nkyw/system/2011/04/19/000038443.shtml</url><title>中国医药工业研究总院党委书记访问南开-访问-南开要闻</title><datetime>2011-04-19 00:00:00</datetime><body>南开新闻网讯(记者 陈晨 通讯员 宗晓琳 摄影报道)4月18日，中国医药工业研究总院党委书记兼院长周斌、中国工程院院士侯惠民等一行5人访问南开大学。副校长关乃佳会见了客人，药学院负责人陪同。

关乃佳代表学校对周斌一行的来访表示热烈欢迎，她简要介绍了南开大学的历史和发展近况，希望双方在人才培养、学术科研等方面加强交流与合作，形成优势互补共同发展的格局。

药学院负责人从人才队伍、学科建设、教学科研等方面详细介绍了学院的基本情况和建设目标，并简要介绍了近期通过科技部立项的药物化学生物学国家重点实验室的情况。

在听取了药学院的介绍后，周斌表示，南开大学药学院的发展速度很快，未来会有更广阔的发展空间。希望通过多种形式开展合作，促进双方共同发展。</body></doc>