<?xml version='1.0' encoding='utf-8'?>
<doc><id>10222</id><url>http://news.nankai.edu.cn/nkyw/system/2011/04/20/000038452.shtml</url><title>“国策论坛”请来人大代表与学子“面对面”--南开要闻</title><datetime>2011-04-20 00:00:00</datetime><body>(记者 平扬 摄影 任永华)为了能“面对面”与人大代表共议国是，同学们将第十一届人大代表、南开大学校长龚克请上了“国策论坛”的“讲台”。4月19日，活动以座谈形式在学生活动中心举行，会场气氛轻松而愉快。

应邀出席活动的还有学校党委副书记刘景泉，党委学工部、研工部,周恩来政府管理学院负责人。来自周恩来政府管理学院、经济学院、商学院等各学院学生代表参加了座谈。

会上，龚克首先为学子们介绍了我国人民代表大会制度的发展历程、工作机制，以及参加“两会”的见闻感受，深入浅出地阐释了其在发展社会主义民主政治中发挥的重要作用，并系统解读了国家“十二五”规划纲要及政府工作报告，令学子们受益匪浅。

龚克指出，同学们积极关注社会发展和国计民生，既体现了当代青年主动参政议政的可贵热情，也展现了南开学子“公能并济”、昂扬进取的精神面貌。他鼓励学子胸怀祖国，自觉学习，开阔视野，不断开展实践调研，以有说服力的报告和准确的调查数据，为“两会”代表提供丰富资料，通过积极交流为国家“十二五”规划发展献智献策。

学子们还就关心的话题与龚克进行愉快交流，话题涉及国家“十二五”期间的教育改革、国际知名高水平大学的建设、南开精神的传承、津南新校区的规划发展、创新型人才培养及优秀师资引进等，不一而足，内容丰富。

在谈到津南新校区建设时，龚克表示，这既是天津市整体发展战略的需要，又为南开寻求自身发展提供了难得的历史机遇。“天津建设未来的文化中心，南开、天大的新校区建设将发挥至关重要的作用。要跟上天津的这趟高速发展的列车，要挂得紧密，绝不能脱钩！”他平和而有力的话语赢得学子共鸣。

在两个多小时的座谈中，同学们踊跃发言，不少人提出盼望能够多些机会与校领导、老师们畅谈心声、共议母校发展。龚克表示赞同。他说，希望同学们能够通过畅通有效的沟通机制，充分发挥自身作用，主动参与到国家发展和学校建设中来。

龚克说：“愿今后大家回首在南开求学的时光时，可以说自己得到了全面发展，弘扬‘公能’校训是我向大家提出的希望。”他愿所有南开人一起努力，创造美好未来。

“国策论坛”由我校党委学工部、研工部主办，周恩来政府管理学院承办。活动聚焦国际国内时政热点、“两会精神”及“十二五”规划的重要内容，旨在以论坛、讲座等多种形式，为学子们学习“两会”精神、参政议政搭建平台，引导同学们增强社会责任感与使命感。</body></doc>