<?xml version='1.0' encoding='utf-8'?>
<doc><id>10225</id><url>http://news.nankai.edu.cn/nkyw/system/2011/04/18/000038398.shtml</url><title>中心实验室通过国家计量认证复查评审-实验室-南开要闻</title><datetime>2011-04-18 00:00:00</datetime><body>南开新闻网讯(记者 陈鑫)4月14日至16日，国家计量认证高校评审组来校，对南开大学中心实验室进行复查评审。

4月15日，复查评审首次全体会议在中心实验室会议室举行，副校长许京军出席评审会。评审组长、清华大学教授朱永法介绍评审内容及程序建议。学校设备处、化学学院负责人参加会议。

此次复查，评审组专家检查实验室现场、发验实验样品、查阅技术档案、召开座谈会，就实验室管理方面和技术方面进行全面考察。

4月16日，复查评审末次会议在综合实验楼会议室举行。高校评审组全体成员、天津技术监督局评审处负责人共同主持了会议。副校长关乃佳出席，学校设备处、化学学院负责人参加。

会上，评审组充分肯定了中心实验室近年来的工作，同时，也指出了存在的问题。最后，宣布专家组决议：南开大学中心实验室通过了这次复查评审。

南开大学中心实验室是天津高校中唯一具有计量认证资质的单位，在搞好教学科研工作的同时，充分利用高校实验室的人才优势、技术优势和设备条件优势等优势条件，开展对外服务，为社会各行业出具准确的化学分析测试数据，具有法律效力。

随着我国市场经济的发展、法制的健全，计量认证已成为国内社会公认的评价检验机构的重要标志，在产品质量检验和检测等领域已将计量认证列为检验市场准入的必要条件。

据悉，南开大学中心实验室自1995年获得国家认证认可监督管理委员会授予的计量认证合格资质，十几年来，从技术力量到仪器设备都不断的提升，始终保持高水平服务，曾多次为我国企业在国际纠纷中出具有利证据，维护国家利益，得到有关部门高度评价。</body></doc>