<?xml version='1.0' encoding='utf-8'?>
<doc><id>10229</id><url>http://news.nankai.edu.cn/nkyw/system/2011/04/16/000038354.shtml</url><title>【党代会动态】离退休教师干部代表建言报告起草工作-党代会-南开要闻</title><datetime>2011-04-16 00:00:00</datetime><body>(记者 张丽 摄影 任永华)4月15日，第八次党代会报告起草调研座谈会在办公楼举行，校纪委书记张式琪主持会议。

座谈会上，大家围绕学校近年来取得的发展成就和主要经验、面临的新形势、南开的定位、未来发展的目标、思路和举措等问题，展开了广泛的交流与研讨，并对党代会报告起草工作提出宝贵的意见和建议。

经济学院原党委书记李万华、历史学院教授林延清、文学院教授马庆株建议，学校应以召开第八次党代会为契机，抢抓机遇，根据国家经济社会发展需要培养相关人才，如建立医疗管理专业，继续发展旅游专业等。此外，要加强对学院工作的领导，落实责任制。进一步加强党风、学风建设，加强对党员领导干部的思想政治教育，坚持发扬党内民主，继续推行校务公开。

环境科学与工程学院教授戴树桂、外国语学院教授张智庭围绕学科建设、教学科研等问题发表了意见。他们认为，南开的学科建设不要追求“大洋全”，而应办出特色，可结合国家需要和学校实际组织若干学科群，贯彻产学研三结合的方针，为国家和地方“十二五”规划中的重点科技问题作出贡献。此外还应强化学科的国际交流与对口赶超。在教学方面，应进一步加强博士生教育，尝试与国际接轨，招收培养课题博士。在科研方面，不仅要重视在职教师的科研工作，还应支持离退休教师发挥余热，通过设立科研基金等方式鼓励他们多出研究成果。

化学学院教授朱志昂、社科处原处长王功认为，在党代会报告中要明确处理好几个关系。一是党政关系，加强党政管理系统之间的协调配合。二是教学、科研与管理的关系，努力促进三者之间的交融。三是人才引进与培养的关系，既要引进优秀的人才，又要充分调动本校人才的积极性，注重对年轻教师的培养，优化教师干部绩效考核体系。此外，还应通过多种方式加强与师生的沟通交流，切实将党代会精神及学校的各项措施化成广大师生的自觉行动，促进学校科学发展。

张式琪在主持会议时指出，召开第八次党代会是学校今年的重点任务。大家作为老南开人，怀着对学校的深厚感情，对党代会报告起草工作和学校今后的发展建设提出了许多好的建议。我们将认真梳理、采纳，使报告起草过程成为明确任务、凝聚共识、增进团结、振奋精神的过程，成为促进教学科研、管理服务等各项改革和事业发展的过程。</body></doc>