<?xml version='1.0' encoding='utf-8'?>
<doc><id>10226</id><url>http://news.nankai.edu.cn/nkyw/system/2011/04/17/000038360.shtml</url><title>著名管理学家陈炳富先生追思会举行-陈炳富-南开要闻</title><datetime>2011-04-17 00:00:00</datetime><body>南开新闻网讯(记者 陈鑫 摄影 周轩)2010年12月26日中国管理学的开拓者之一、著名管理学家、教育家、南开大学教授陈炳富先生因病医治无效，在天津逝世，享年90岁。4月16日，商学院隆重举行陈炳富先生追思会暨陈先生学术与教育思想研讨会。天津市副市长任学锋出席并讲话。南开大学党委副书记杨庆山，党委常委、校长助理、总会计师孙广平，南开大学商学院负责人及陈炳富先生的同事、学生参加了追思会。追思会由东北财经大学校长李维安教授主持。

任学锋指出，今天我们对陈炳富先生的追思缅怀，同样是对我国管理学发展的梳理和升华。随着中国成为世界第二大经济体，管理思想的研究显得更加重要。特别是天津经济的快速发展，为南开大学进一步深化对管理思想的研究、对企业管理的多层次、国际化、全视角的研究提供了很好的平台。

任学锋说：“我1995年入学，师从陈炳富先生读博士。陈先生从管理思想和人格魅力方面都给我很深的影响。我们要把先生的思想传承下去更好地服务经济和社会的发展，也希望南开大学商学院不断发展，能够培养更多的人才。我也代表在校外的陈先生学生，对学校和商学院举办这次追思会表示感谢。”

杨庆山指出，陈炳富先生的学术思想和教育理念是一笔宝贵财富，对此进行总结研究，是商学院和学校的一项重要工作。他说，陈先生是一位教育家，他对中国管理学科建设作出了巨大贡献。陈先生是一位思想家，对重大问题总能有正确的认识。作为学生，能跟随先生学习是一件非常幸运的事。值得欣慰的是先生桃李满天下，他培养的学生在政界、商界和学术界都有很多杰出代表。把先生的精神、思想总结发扬光大是南开人义不容辞的职责。

回忆起先生的音容笑貌，陈炳富先生的同事、学生忍不住悲从中来、眼含热泪。他们相继发言，深情缅怀这位高风亮节的学术泰斗。陈炳富先生曾经的同事韩经伦教授更赋诗寄托哀思：“中国管理开新河，一代宗师闻名遐，弟子三千皆豪俊，先生含笑九泉下。”</body></doc>