<?xml version='1.0' encoding='utf-8'?>
<doc><id>10220</id><url>http://news.nankai.edu.cn/nkyw/system/2011/04/20/000038457.shtml</url><title>美国莱斯大学校长访问南开--南开要闻</title><datetime>2011-04-20 00:00:00</datetime><body>(通讯员 张宁)4月19日，美国莱斯大学(Rice University)校长李达伟(Prof. David Leebron)教授偕夫人孙月萍女士到南开访问。南开大学校长龚克在办公楼会见了客人。国际学术交流处、环境科学与工程学院有关负责同志和教授陪同会见。

龚克对李达伟及夫人的来访表示欢迎，并向李达伟教授介绍了南开大学近年来的学科发展情况。他表示，南开大学和莱斯大学有着非常良好的合作关系和远大的发展前景，希望两校今后不仅在环境等领域进一步深化合作，还要发挥各自优势，在法学、文学艺术等众多的领域开展合作。

李达伟对龚克的欢迎表示感谢。他表示，南开大学是莱斯大学在中国的重要合作伙伴，相信两校的密切联系必将促进中美教育文化交流不断发展。他还表示，休斯顿是一个中国文化浓郁的城市，非常希望今后在文科领域如东方艺术等方面加强和南开的合作。

莱斯大学与南开大学保持着良好的合作关系。两校于2005年签署了校际合作框架协议。2007年，两校发起成立了“中美环境恢复与可持续发展中心”。2008年，李达伟教授受聘南开大学名誉博士学位，正式成为南开一员。李达伟是美国著名法学家、政治学家和社会活动家。早年于哈佛大学获得法学博士学位，曾任纽约大学法学院教授、哥伦比亚大学法学院教授，2004年起任莱斯大学校长、政治学系教授。</body></doc>