<?xml version='1.0' encoding='utf-8'?>
<doc><id>10228</id><url>http://news.nankai.edu.cn/nkyw/system/2011/04/17/000038355.shtml</url><title>南开大学举行2011届法律硕士学位授予典礼-硕士-南开要闻</title><datetime>2011-04-17 00:00:00</datetime><body>(记者 张丽 摄影 任永华)4月16日，南开大学2011届法律硕士研究生学位授予典礼在东方艺术大楼举行。天津市司法局党委委员、政治部主任李立华，天津市人民检察院政治部教育处处长常杰，天津市公安局政治部教育训练处副处长靳志月，南开大学副校长、研究生院院长佟家栋出席典礼，我校研究生院、法学院有关负责人参加。

此次共有152人获得南开大学法律硕士专业学位，与会领导为毕业生颁发了学位证书。

佟家栋代表学校向获得硕士学位的同学表示祝贺，并向支持他们完成学业的有关单位和家人表示感谢。他希望即将毕业的同学们增强责任心，提高使命感，坚定地捍卫法律的尊严，维护社会正义；加强理论学习，不断完善自我；继续关心和支持南开大学特别是法学学科的发展。

仪式上，教师代表向同学们提出殷切希望，毕业生代表向辛勤培育自己的学校、老师表达了感激之情和为国家法律事业贡献力量的决心。</body></doc>