<?xml version='1.0' encoding='utf-8'?>
<doc><id>10224</id><url>http://news.nankai.edu.cn/nkyw/system/2011/04/19/000038425.shtml</url><title>校领导会见中国常驻联合国教科文组织大使-会见-南开要闻</title><datetime>2011-04-19 00:00:00</datetime><body>南开新闻网讯(通讯员 李莉 摄影 任永华)4月18日，中国常驻联合国教科文组织大使师淑云访问南开大学，校长龚克、副校长关乃佳在专家楼会见了师淑云一行。国际学术交流处负责人陪同会见。

龚克对师淑云一行的来访表示欢迎，并重点介绍了南开大学国际化交流的情况。他希望能够以联合国教科文组织为多边平台，进一步促进南开大学与国外高校的学生交流、联合研究等合作项目。

师淑云感谢南开大学多年来对中国常驻联合国教科文组织给予的大力支持，对南开大学的国际化发展和各项事业表示赞赏。她说，中国常驻联合国教科文组织代表团愿意为包括南开大学在内的国内高校提供更多支持和帮助，促进高等教育领域的多边合作。

双方还商讨了以“中非高校论坛”等活动机制促进南开大学与UNESCO成员国高校开展教育、科技、文化等各领域的合作事宜。

联合国教科文组织属联合国专门机构，成立于1946年，总部社设于法国巴黎。该组织宗旨在于通过教育、科学及文化来促进各国间的合作，对和平与安全做出贡献，以增进对正义、法治及联合国宪章所确认的世界人民不分种族、性别、语言或宗教均享人权与基本自由的普遍尊重。

师淑云，2007年6月任中国常驻联合国教科文组织大使，曾任中国驻加拿大大使馆教育处公使衔参赞。

据悉，我校经济学院高乐咏教授在中国常驻联合国教科文组织教育处任一等秘书。</body></doc>