<?xml version='1.0' encoding='utf-8'?>
<doc><id>10235</id><url>http://news.nankai.edu.cn/nkyw/system/2011/04/15/000038323.shtml</url><title>马来西亚南方学院董事长访问南开大学-马来西亚南方学院,董事长,访问-南开要闻</title><datetime>2011-04-15 00:00:00</datetime><body>南开新闻网讯(记者 张 剑 摄影 任永华)4月13日，马来西亚南方学院董事长张文强率团访问南开大学。副校长关乃佳在办公楼会见了客人一行。 (记者 张 剑 摄影 任永华)4月13日，马来西亚南方学院董事长张文强率团访问南开大学。副校长关乃佳在办公楼会见了客人一行。 关乃佳对张文强一行的来访表示热烈欢迎。她简要介绍了南开大学的历史和发展近况，重点介绍了近年来学科建设、人才培养和国际交流合作等方面的情况。张文强说，南方学院十分期望与南开进行实质性的合作，在医学、药学等学科开展合作办学项目。双方均表示，希望以此次会谈为契机，进一步加强交流合作。</body></doc>