<?xml version='1.0' encoding='utf-8'?>
<doc><id>10234</id><url>http://news.nankai.edu.cn/nkyw/system/2011/04/15/000038324.shtml</url><title>创先争优活动领导小组办公室推进相关工作-创先争优-南开要闻</title><datetime>2011-04-15 00:00:00</datetime><body>(记者 陈 鑫 摄影 陈 晨)4月14日，南开大学召开创先争优领导小组办公室工作会。校党委副书记、创先争优活动领导小组办公室主任杨庆山主持会议并讲话，创先争优活动领导小组办公室成员出席会议。

杨庆山指出，日前中央、教育部和天津市已对今年的创先争优活动做出了部署。学校要按照中央要求，结合具体情况，推动下一步工作的开展。目前，创先争优已进入践诺阶段，要以践行承诺为核心，有效开展工作，将公开承诺落到实处，切实做好领导点评、群众评议。

杨庆山强调，创先争优活动要与学校日常工作结合起来，通过活动进一步提高教育质量，加强基层党建，打牢基础，不断创新，突出南开特色。通过培养典型、示范带动提升创先争优活动整体水平。

会上，创先争优活动领导小组办公室成员围绕如何开展践行公开承诺的相关工作提出了各自的意见和建议。</body></doc>