<?xml version='1.0' encoding='utf-8'?>
<doc><id>10233</id><url>http://news.nankai.edu.cn/nkyw/system/2011/04/15/000038338.shtml</url><title>学校召开厉行节约工作会议-厉行节约-南开要闻</title><datetime>2011-04-15 00:00:00</datetime><body>学校召开厉行节约工作会议 来源： 南开新闻网 发稿时间： 2011-04-15 16:13 南开新闻网讯(记者 张 丽 摄影 任永华)4月14日，学校在办公楼召开厉行节约工作会议。校纪委书记张式琪主持会议并讲话，学校组织部、人事处、财务处、审计处、监察室、国际学术交流处、信息化办公室、动力中心、后勤党委、接待中心负责人参加会议。 (记者 张 丽 摄影 任永华)4月14日，学校在办公楼召开厉行节约工作会议。校纪委书记张式琪主持会议并讲话，学校组织部、人事处、财务处、审计处、监察室、国际学术交流处、信息化办公室、动力中心、后勤党委、接待中心负责人参加会议。 张式琪首先传达了中央有关文件精神，并对我校厉行节约工作提出要求。他指出，厉行节约工作是党的作风建设的一项重要内容。中央历来高度重视并严格要求各级党政部门带头厉行节约、反对奢侈浪费。学校各单位要充分认识厉行节约工作的重要意义，切实把思想和行动统一到中央的部署和要求上来，采取有力措施，确保厉行节约各项要求落到实处。 与会者就如何进一步做好学校的厉行节约工作进行了交流研究。 编辑 ： 冀宁 相关新闻：</body></doc>