<?xml version='1.0' encoding='utf-8'?>
<doc><id>10231</id><url>http://news.nankai.edu.cn/nkyw/system/2011/04/16/000038350.shtml</url><title>全国首个教育与产业、区域发展研究中心南开挂牌-教育部,合作,教育与产业、区域发展研究中心-南开要闻</title><datetime>2011-04-16 00:00:00</datetime><body>助力现代产业经济 献智区域和谐发展

南开新闻网讯(记者 平 扬 摄影 陈 晨)4月15日，教育部与南开大学签署合作协议，共建教育与产业、区域发展研究中心，加强教育事业发展的基础性、战略性重大问题研究，提高教育服务国家经济社会发展的能力和水平。

教育部副部长鲁昕，南开大学党委书记薛进文、校长龚克，天津市教委主任靳润成，教育部发展规划司副司长陈锋、社会科学司副司长张东刚、职业教育与成人教育司副巡视员张昭文，北京大学、清华大学、中国人民大学、北京对外经济贸易大学负责人，南开大学副校长佟家栋，南开大学党委常委、校长助理、总会计师孙广平等出席了中心成立仪式。仪式由教育部发展规划司司长谢焕忠主持。

该研究中心是教育部签约成立的首个教育规划与战略研究中心。它整合并充分发挥了南开大学经济学、政治学、社会学、教育学、数学等学科的综合优势，并吸收整合国内外相关智力资源，将教育与产业发展、教育与区域经济社会发展作为主要研究方向。

该研究中心将统筹跨学科的研究力量，开展关于教育发展与产业、区域发展的基础性、战略性研究，为重大决策服务；参与相关教育规划及教育改革试验工作；利用研究成果，开展宣传、教育、培训和评估工作；开展相关学科与研究队伍建设以及人才培养工作；开展相关领域的国际合作与交流。

今年，该研究中心将要集中力量做好3项课题：完成现代产业体系建设对教育需求的研究，为国务院出台职业教育政策服务；开展区域教育与经济社会协调发展的理论与机制研究，推进区域教育与经济社会协调发展示范区建设；开展地方中长期教育规划纲要与“十二五”经济社会发展规划比较研究。

鲁昕在讲话中指出，转变经济发展方式、调整经济结构、建设现代产业体系、推动资源节约型和环境友好型社会建设、促进区域协调发展等国家重大战略的制定和实施，要求我们必须站在经济社会发展的全局，加强对教育改革发展的重大理论、政策和策略问题的研究。教育部南开大学教育与产业、区域发展研究中心的成立，将对我国高等教育不断提升创新型人才培养和人文社会科学研究水平，更好地服务于国家经济建设和社会发展，具有重要的促进作用。

鲁昕强调，现代产业体系是国家的硬实力，推进区域协调发展和实施主体功能区战略是国家发展的一项总体战略部署。教育与产业、区域发展研究中心承担的研究任务十分重要。

薛进文表示，南开大学将积极调动学校资源，发挥良好的国际影响力，推动教育与区域、产业发展的研究；深入思考如何在服务国家及地方经济社会发展，特别是服务环渤海地区经济建设的进程中，作出更大贡献，并结合新校区建设，做好学校“十二五”发展规划，进一步辐射和带动学校人文社会科学的研究创新，开展更多关系国计民生的重大课题研究。

龚克说，南开大学坚持走特色强校、内涵提高的科学发展道路，与教育部共建教育与产业、区域发展研究中心，将有利于发挥南开文理学科的综合优势，贯彻落实《国家中长期教育改革和发展规划纲要(2010-2020年)》，加强教育事业发展基础性、战略性重大问题研究，提高教育服务国家经济社会发展的能力和水平。

鲁昕与薛进文共同为研究中心揭牌，与龚克签署了共建协议，并听取了研究中心的筹备情况汇报。会前，教育部及天津市有关领导还参观走访了思源堂、陈省身数学研究所等，了解了新校区规划建设工作进展。</body></doc>