<?xml version='1.0' encoding='utf-8'?>
<doc><id>10236</id><url>http://news.nankai.edu.cn/nkyw/system/2011/04/15/000038322.shtml</url><title>南开大学举行学生事务现场咨询会-学工部,学生事务,咨询会-南开要闻</title><datetime>2011-04-15 00:00:00</datetime><body>(通讯员 廖明希 姚 蕾)4月13日至14日中午10:30―12:30，南开大学学生事务现场咨询会分别在校本部二食堂及迎水道校区食堂门口举行。本次活动的举办旨在增加学生与学校职能部门的沟通，达到帮助同学们解决问题、实现学生参与学校管理、创建和谐校园的目标。

与学生生活学习密切相关的部门参加了本次咨询活动：组织部、教务处、校团委、膳食中心、网络与信息化建设办公室、研工部、户籍身份证办公室、医疗保险办公室以及学工部就业指导中心、学生资助管理中心、生活指导中心、心理健康指导中心。活动现场设置展台为同学们提供面对面的咨询，学校相关职能部门老师耐心地为前来咨询的同学解答疑问，同时周恩来政府管理学院2009、2010级本科生党支部党员为同学们介绍活动内容，发放和收集意见便条。

活动结束后，周恩来政府管理学院2009、2010级本科生党支部将对同学们在学校管理服务方面提出的建议和意见进行分类整理，并请相关部门给予解答，解答结果将在学校信息门户系统、学工部主页、BBS“我爱南开”站公布。

本次活动既是以纪念建党90周年为契机，在南开大学机关党委的指导下开展的“机关支部与基层支部共建”活动之一，同时也是我校师生深入推进创先争优的系列活动。</body></doc>