<?xml version='1.0' encoding='utf-8'?>
<doc><id>10238</id><url>http://news.nankai.edu.cn/nkyw/system/2011/04/14/000038283.shtml</url><title>校领导调研农药国家工程研究中心--南开要闻</title><datetime>2011-04-14 00:00:00</datetime><body>(记者 陈鑫 摄影 任永华)4月12日，校长龚克、副校长许京军到南开大学农药国家工程研究中心调研，科技处负责人陪同调研。

农药国家工程研究中心负责人汇报了中心成立以来的发展概况，自主创新、成果转化取得的主要业绩，中心人员、经费的状况，面临的问题及对未来的展望。

龚克认真听取了汇报，并对中心的工作表示肯定。他指出，南开大学农药研究从杨石先先生开始，具有深厚的积淀。今后工程研究中心要继续做好科研成果的的推广、应用和转化，更好地服务于经济建设和社会发展。保持科研的领先地位，加强产学研结合。

龚克强调，农药国家工程研究中心要学习借鉴其他高校国家工程研究中心的经验，结合自身特点和发展规律，鼓足干劲，创造更大的社会效益。认真对待国家评估，并以此为契机，促进中心建设发展。</body></doc>