<?xml version='1.0' encoding='utf-8'?>
<doc><id>10230</id><url>http://news.nankai.edu.cn/nkyw/system/2011/04/16/000038351.shtml</url><title>中国首个人权教育与培训基地在南开大学成立-人权教育与培训基地-南开要闻</title><datetime>2011-04-16 00:00:00</datetime><body>南开新闻网讯(记者 平 扬)记者日前获悉，教育部批准在南开大学设立人权教育与培训基地，这是中国首次在高校设立国家级人权教育与培训基地。

南开大学人权教育与培训基地依托于南开大学人权研究中心建立，主要开展学术研究、咨询服务和人才培养三方面工作，是教育部组织落实《国家人权行动计划》相关内容的重要举措之一。

据悉，该基地今后将围绕以下任务展开工作：推动大学人权教育和理论研究，开展中小学人权教育及方式方法的研究实验，编写教材，组织师资培训和各类相关社会培训，为社会提供咨询，特别是向国家有关部门定期提供咨询报告，以及开展人权领域的国际交流与合作等。

成立于2005年的南开大学人权研究中心为教育基地的有效运转提供有力支持。几年来，该中心专家已经参与了对中央各部门和各大媒体的干部培训工作，并计划开展更广泛的人权知识的师资和干部培训。

南开大学人权研究中心是中国人权研究会与南开大学共建的研究机构，长期致力于推进中国的人权理论和现实问题的研究。发挥学校政治学、法学、社会学、民族学、历史学、哲学、教育学、传播学、管理学和经济学等多学科优势开展研究，推动中国人权保障事业的发展，在争取国际人权领域的主动权和话语权方面作出诸多努力。

据介绍，从2010年开始，受中国人权研究会的委托，南开大学人权研究中心组织专家编写《中国人权发展报告》(蓝皮书)，从民间和学者的视角解读中国人权的变化趋势，该书每年编写一本。

自《国家人权行动计划(2009-2010)》发布以来，中国人权教育发展迅速，不少高等院校开设人权教育课程，中小学课堂也在酝酿扩展人权教育的内容，公务人员尤其是执法人员受到越来越多的人权方面的培训。</body></doc>