<?xml version='1.0' encoding='utf-8'?>
<doc><id>10232</id><url>http://news.nankai.edu.cn/nkyw/system/2011/04/15/000038339.shtml</url><title>第二届两岸三地博士生中文论坛开幕-博士生,中文,论坛-南开要闻</title><datetime>2011-04-15 00:00:00</datetime><body>(通讯员 金 鑫 摄影 陈 晨)4月15日上午，由南开大学文学院主办的第二届两岸三地博士生中文论坛开幕式在东方艺术大楼举行。南开大学常务副校长陈洪、台湾政治大学教授杨明璋、山东大学教授祁海文出席开幕式。

开幕式上，陈洪首先代表学校对与会代表的到来表示欢迎，并介绍了南开的发展历程和精神内涵。陈洪指出，学术的未来要依靠青年学者的不断求索，希望与会的博士研究生能够树立责任意识，主动承担起学术发展的重任，为中国文化在世界文化版图中赢得更多的喝彩。

两岸三地博士生中文论坛于2010年由北京大学中文系创办，此次南开大学文学院主办的第二届论坛旨在推进中文学术的持续发展，深化两岸三地中文学子的学术交流。

在为期3天的论坛活动中，来自北京大学、南京大学、复旦大学、台湾大学、台湾政治大学、台湾成功大学、香港中文大学、南开大学等19所著名高校的50多位博士研究生将通过学术报告会、学术沙龙等方式分享学术成果，交流学习心得，为中文学科的发展建言献策。</body></doc>