<?xml version='1.0' encoding='utf-8'?>
<doc><id>10249</id><url>http://news.nankai.edu.cn/nkyw/system/2011/04/12/000038210.shtml</url><title>校领导访问法国巴黎东大-访问-南开要闻</title><datetime>2011-04-12 00:00:00</datetime><body>南开新闻网讯(通讯员 林润辉)当地时间4月7日上午，南开大学校长龚克应邀访问了巴黎东大，会见了巴黎东大校长Simone Bonnafous教授。巴黎东大副校长Christian Regnaut先生、人文学院院长、经济管理学院院长、南开大学国际学术交流处负责人陪同参加了会见。

龚克介绍了南开大学的发展情况和学科特点，指出双方多年来在法国语言文学等方面的交流为双方进一步合作奠定了良好基础，建议以此为契机，对于现有合作项目进行全面评估与提升完善，办成精品项目，进而探讨本科双学位项目，研究生1+1项目，加强教师交换和科研合作，并进一步拓展到经济、管理和自然科学领域的合作。

Simone Bonnafous校长欢迎龚校长一行访问巴黎东大，对于双方在法国语言文学等方面的合作表示满意，表达了进一步深入、广泛合作的积极愿望。双方就进一步的合作模式和合作领域取得广泛共识。

访问期间，龚克还与正在巴黎东大交换学习的南开学生进行了座谈，就她们在巴黎的学习、生活情况以及同学们对于交换项目的意见、建议进行了交流。

巴黎东大(UPEC，Université Paris �CEst Creteil - Val de Marne)，原巴黎第十二大学,坐落于巴黎东南郊区的克雷泰伊市。是一所专业设置全面的综合性大学，其中包括医学、自然科学、语言文学、经济管理、社会科学等专业。共有学生24000人，教师1100人，60个研究小组。我校于2004年与法国巴黎东大签订了校际交流合作协议，迄今为止，已有法语专业等53名本科生在3+1模式下赴巴黎东大交流学习。</body></doc>