<?xml version='1.0' encoding='utf-8'?>
<doc><id>10242</id><url>http://news.nankai.edu.cn/nkyw/system/2011/04/14/000038271.shtml</url><title>中惠熙元房地产集团董事长一行来访-来访,房地产,董事长-南开要闻</title><datetime>2011-04-14 00:00:00</datetime><body>(记者 平 扬 摄影报道)4月13日，中惠熙元房地产集团有限公司董事长叶惠全一行访问南开大学，校党委书记薛进文在办公楼会见客人。学校办公室负责人陪同会见。

薛进文对客人的到来表示欢迎，他介绍了南开大学的悠久传统、发展历史、建设情况和美好前景。他表示，南开大学在津南区建设新校区，是学校发展里程上重大的历史机遇。他希望更多热心公益的企业家能够积极贡献力量，为教育事业的发展作出更多贡献。

叶惠全对南开大学的发展表示赞誉，他说，南开是一所具有近百年辉煌历史和丰厚文化底蕴的著名学府，不仅享誉中国而且蜚声海外。“我去过很多世界知名高校，始终对南开充满倾慕，盼望走进这里学习知识、充实自己。”他说。

叶惠全现任广东省政协委员，东莞市政协委员，广东省工商业联合会(总商会)副会长，广东省民营企业商会常务副会长，广东省企业家协会、企业家联合会副会长，广东省地产商会常务副会长，北京广东企业商会东莞分会会长，是一位热心教育事业的企业家。</body></doc>