<?xml version='1.0' encoding='utf-8'?>
<doc><id>10240</id><url>http://news.nankai.edu.cn/nkyw/system/2011/04/14/000038278.shtml</url><title>校领导到法学院调研--南开要闻</title><datetime>2011-04-14 00:00:00</datetime><body>(记者 张轶帆 摄影 任永华)4月13日，南开大学校长龚克，校党委常委、教务长朱光磊到法学院调研，学校办公室、学工部、研究生院、研工部、“211”“985”工程办公室、人事处、教务处、社科处等部门有关负责同志陪同调研。法学院党政领导班子、学科带头人、教师代表参加调研座谈会。

法学院负责人围绕教师队伍建设、学科建设、科研情况、学生培养、对外交流等方面介绍了南开法学学科的历史和现状，学科带头人、教师代表联系学院与学科实际，对学院发展过程中存在的问题和未来发展目标、方向等进行了深入而热烈的探讨，会场气氛十分活跃。

龚克认真听取大家的意见，仔细记录发言要点，并不时与老师们讨论交流。

龚克指出，法学院在未来的发展过程中要坚持抓根本、谋大势、办特色、促改革，高校的根本任务是培养人才，应贯穿在学院的教学、科研、管理等各项工作中，要重视素质教育，希望法学院能够通过法学教育为提升南开学生的整体素质做出贡献，要认真研究国际国内形势，在大的发展趋势上形成共识，在教学与科研过程中，要研究探索如何凝炼南开法学特色，要以改革促发展，激发全院教职工的积极性，紧抓学风建设，力戒浮躁之风，千方百计练好内功。

座谈会前，龚克一行还考察了法学院的学生工作办公室、资料室、教研室等。</body></doc>