<?xml version='1.0' encoding='utf-8'?>
<doc><id>10248</id><url>http://news.nankai.edu.cn/nkyw/system/2011/04/12/000038223.shtml</url><title>校领导参加厦门大学九十周年校庆并会见厦门校友--南开要闻</title><datetime>2011-04-12 00:00:00</datetime><body>南开新闻网讯(肖办)4月6日，厦门大学九十周年校庆庆祝大会隆重举行，中共中央政治局常委吴邦国、贾庆林、李长春、习近平，以及王兆国、刘延东、张高丽、陈至立等领导人发来贺信表示祝贺。第十一届全国政协副主席林文漪，第十届全国政协副主席罗豪才，福建省委书记孙春兰，省委副书记、省政府党组书记苏树林，教育部副部长杜玉波等出席了庆祝大会。

南开大学党委书记薛进文出席了厦门大学校庆庆祝大会和随后举行的翔安校区奠基开工仪式，带去了南开人的美好祝愿。在厦门期间，薛进文还亲切会见了厦门校友会的骨干成员，听取了他们近期换届的工作汇报，肯定了厦门校友会近年来的突出的工作成绩，并对厦门校友会今后的工作提出了殷切希望。

90年来，厦门大学秉承“自强不息、止于至善”的校训，培育了20多万优秀人才，造就了一大批杰出的科学家、教育家、企业家和社会活动家，其中两院院士就达60多位；90年来，厦门大学为中国的科教事业树起了无数丰碑，为国家和地方的经济社会发展竭力贡献智慧和力量。</body></doc>