<?xml version='1.0' encoding='utf-8'?>
<doc><id>10245</id><url>http://news.nankai.edu.cn/nkyw/system/2011/04/13/000038249.shtml</url><title>【党代会动态】教师干部代表建言党代会报告起草工作--南开要闻</title><datetime>2011-04-13 00:00:00</datetime><body>(记者 张丽 摄影报道)4月12日，第八次党代会报告起草调研座谈会在办公楼举行，校纪委书记张式琪主持会议。

座谈会上，大家围绕学校近年来取得的发展成就和主要经验，未来的发展目标、特色定位、改革措施等问题，展开了广泛的交流与研讨，并对党代会报告起草工作提出意见和建议。

经济学院教授谢思全、环境科学与工程学院教授朱琳、外国语学院教授阎国栋建议，要以建设新校区为契机，围绕“老校新貌”的基调，引进工作重点。在注重学校发展的同时，也要关注教师、学生个人的发展，通过座谈会、调研等方式倾听师生的呼声、建议。在引进人才的同时，更应注重对本校教师的培养，使青年教师逐步成长为名师，为培养出优秀学生打下基础。

化学学院教授陈军、生命科学学院教授朱旭东认为，教学是基础，科研是根本，管理是保障，要正确处理好三者关系，不可偏废。在教学方面，教师应引导学生多进行科学研究工作，以此培养学生的创新精神。在科研方面，在注重基础研究的同时，也要加强对工科和新兴学科的研究。在管理方面，要进一步完善相关管理机制，推进和谐校园建设。

历史学院教授孙立群、离退休党委书记兼离退休人员管理处处长吴秀英围绕新老校区建设、离退休工作等问题发表了意见。他们认为，在做好新校区规划建设的同时，也要规划好、使用好老校区，做到新老校区同步规划建设。此外，还应做好离退休工作。离退休人员从工作岗位退下后，仍然十分关心学校的工作，并在许多方面发挥着余热。学校应关心他们的生活，并与他们保持日常的沟通。

招投标管理办公室主任李晓肃、后勤党委书记兼后勤办公室主任白云龙认为，学校应加强制度建设，充分发挥办学主体单位的积极性，规范管理，提高效率。应充分认识到党对教育工作的指导，坚持党委领导下的校长负责制。坚持育人为本，促进学生的健康成长。

张式琪在主持会议时指出，今年是“十二五”开局之年，南开面临很好的机遇，此次党代会将进一步明确今后一个时期学校事业发展的目标、任务、思路和举措，统一思想，凝聚人心，振奋精神。大家来自教学科研管理的第一线，对南开今后的发展以及党代会报告的起草提出了许多好的建议，我们将认真梳理，力求在报告中充分体现，也希望大家有新的思路随时与学校沟通。</body></doc>