<?xml version='1.0' encoding='utf-8'?>
<doc><id>10241</id><url>http://news.nankai.edu.cn/nkyw/system/2011/04/14/000038276.shtml</url><title>巴西科技部副部长访问南开--南开要闻</title><datetime>2011-04-14 00:00:00</datetime><body>(通讯员 张宁 摄影 陈晨)4月13日上午，巴西科技部副部长罗纳尔多•莫塔教授(Prof. Ronaldo Mota)和巴西现任科技部高级顾问、科技部原副部长、巴西ABC联邦大学原校长阿达尔伯托•法齐奥教授(Prof. Adalberto Fazzio)在随同巴西罗塞夫总统访华之际，专程访问南开大学，校长龚克在专家楼会见了来访客人，陈省身数学研究所葛墨林院士、龙以明院士，和物理学院、国际学术交流处负责人陪同会见。

龚克对莫塔一行来访表示欢迎，随后向莫塔先生介绍了南开大学的学科发展和拉美问题研究中心的相关情况。他说，南开大学致力于国际化的长远发展目标，希望通过双方的努力，加强科研领域更多合作，同时希望更多的南开学子“走出去”，把更多的国外留学生“引进来”。他指出，中巴两国在能源、科技、教育等很多领域具有互补性，合作前景广阔，此次巴西罗塞夫总统访华必将在更加广泛的领域推动两国的深入合作。

罗纳尔多•莫塔对南开大学的热情接待表示感谢，并介绍此次来访主要目的是希望推动中巴两国在教育领域的更多合作。他表示，自己对南开大学在数学、化学、生物等领域的领先地位耳闻已久。这是自己第一次访问天津，天津的现代化程度给他留下了深刻的印象。他本人十分愿意为推动中巴两国教育、科技领域的合作而努力。

会见结束后，阿达尔伯托•法齐奥教授来到陈省身数学研究所，为师生做了题为“First-Principles Simulations of Dual-Gate Bilayer Graphene Field Effect Nanotransistor”的学术报告。

罗纳尔多•莫塔(Prof. Ronaldo Mota)，现任巴西科技部副部长，美国哥伦比亚大学和犹他大学博士后，物理学教授。阿达尔伯托•法齐奥，巴西圣保罗大学物理学院教授，曾任巴西科技部副部长、巴西ABC联邦大学校长，现任巴西科技部高级顾问。

新闻链接：

4月11日上午，巴西联邦共和国总统迪尔玛•罗塞夫抵达北京，开始对中国进行为期6天的国事访问。这是罗塞夫就任总统后首次访华。巴西国内对罗塞夫这次访问十分关注。巴西《圣保罗州报》称，罗塞夫此次访华是以“务实的态度”推动两国经贸关系。

罗塞夫此次出访，共率领15名重要部长级官员。访问期间，中国国家主席胡锦涛、国务院总理温家宝等与罗塞夫举行了会谈。她还将出席中巴企业家研讨会，以及14日在海南三亚举行的金砖国家领导人第三次会晤和博鳌亚洲论坛2011年年会开幕式。罗塞夫出访前接受媒体采访时表示，这次访华的使命是要让中巴平等互利的合作关系更上一层楼。</body></doc>