<?xml version='1.0' encoding='utf-8'?>
<doc><id>10247</id><url>http://news.nankai.edu.cn/nkyw/system/2011/04/12/000038237.shtml</url><title>友成基金会理事长访问南开大学--南开要闻</title><datetime>2011-04-12 00:00:00</datetime><body>南开新闻网讯(记者 张轶帆 摄影 陈晨)4月12日，友成基金会理事长王平一行访问南开大学，校党委书记薛进文在办公楼会见了来访客人，党委副书记杨庆山、副教务长卜文俊和学校办公室负责人陪同会见。

王平感谢南开大学的热情接待，并介绍了友成基金会的成立缘起、组织结构和服务理念等。她说，友成基金会是第一家由两岸三地企业家共同发起成立的非营利性社会公益组织，强调精神扶贫与物质扶贫并举、天人合一的系统性思维方法、“爱心传递”是永恒慈善主题的新公益理念，希望能够与南开大学这样的著名高等学府在有关方面开展合作，并得到人才、智力上的支持。

薛进文向王平一行表示欢迎。他指出，近年来，公益事业越来越得到党和各级政府的高度关注，得知友成基金会在扶贫、教育、灾难救助等方面所作出的创举与努力，深感敬佩，基金会许多与传统慈善募捐等方式不同的创新扶贫理念令人深受启发，南开大学愿意发挥自己学科覆盖面广、社会责任感强等优势，寻找与友成基金会合作的结合点，共同推动中国公益事业的发展。

友成企业家扶贫基金会(简称友成基金会)是经中华人民共和国国务院批准成立、在民政部登记注册、具有独立法人资格的非营利性社会公益组织；是国内首家由中国大陆、香港和台湾的著名企业家发起，以构建以人为本的和谐社会为目标、以参与式资助为主要运作模式的创新型非公募基金会。基金会的主管单位为国务院扶贫开发领导小组办公室。</body></doc>