<?xml version='1.0' encoding='utf-8'?>
<doc><id>10243</id><url>http://news.nankai.edu.cn/nkyw/system/2011/04/14/000038267.shtml</url><title>校党委中心组举行专题学习会-中心组-南开要闻</title><datetime>2011-04-14 00:00:00</datetime><body>南开新闻网讯(记者 王凤 摄影 任永华)4月13日，校党委中心组举行新学期第一次集体学习，学习2月21日中共中央总书记胡锦涛在主持中共中央政治局第二十六次集体学习时的重要讲话和中共中央政治局委员、国务委员刘延东在2011年全国教育工作会议上的重要讲话。校党委书记薛进文主持，校中心组成员和有关部门负责人参加。

薛进文在主持学习时介绍了有关情况。他指出，胡锦涛总书记在讲话中就做好当前教育改革发展工作提出的4点意见，对指导我国当前的教育改革和发展，顺利推进国家中长期教育改革与发展规划纲要的实施，具有重大而深远的意义。刘延东同志的讲话明确了当前教育改革的重点、难点问题。大家要学以致用、用以促学，在推进学校的中心工作中贯彻落实讲话精神。

与会中心组成员进行了集体学习，并结合学校实际，重点围绕素质教育、师资队伍建设、创新人才培养模式、校务公开、二级学院规范管理建设、加强国际交流与合作、服务地方经济社会发展、新校区建设等方面进行了热烈讨论。</body></doc>