<?xml version='1.0' encoding='utf-8'?>
<doc><id>10246</id><url>http://news.nankai.edu.cn/nkyw/system/2011/04/13/000038247.shtml</url><title>校领导到泰达学院调研--南开要闻</title><datetime>2011-04-13 00:00:00</datetime><body>(通讯员 崔满顺)4月12日，南开大学校长龚克赴泰达学院调研，研究生院、人事处、财务处、教务处、战略发展研究部、科技处、国际学术交流处等部门有关负责人陪同调研。

龚克一行首先视察了泰达生物技术学院与泰达应用物理学院，认真听取了相关人员的介绍，详细了解了这两个学院的发展现状与前景规划。随后，龚克观看了反映泰达学院建院十周年的纪念视频，并与泰达学院党政领导班子、各系所负责人、各相关职能部门负责人等举行了座谈。

龚克肯定了学院的科研成绩与工作成就，他指出，泰达学院的发展要结合“十二五”规划，其战略研究要具有前瞻性，要充分考虑到招生规模、师资力量、用地规模、资金情况、政策空间等条件，努力开辟共赢的发展道路，形成良好的互动机制，使学校与开发区在合作办学中都能得实惠，出成效，进而促进泰达学院更好更快地发展。

泰达学院负责人从学院发展定位、学科建设、经费状况等方面汇报了泰达学院的运行现状以及未来的发展方向，并针对性地提出了相关建议和未来发展设想。泰达学院所属各系和相关职能部门师生代表也纷纷就学科设置、生源质量、学生工作、配套设施等方面热烈发言，积极建言献策。</body></doc>