<?xml version='1.0' encoding='utf-8'?>
<doc><id>10254</id><url>http://news.nankai.edu.cn/nkyw/system/2011/04/09/000038178.shtml</url><title>党代会报告起草调研座谈会举行--南开要闻</title><datetime>2011-04-09 00:00:00</datetime><body>南开新闻网讯(记者 张丽 摄影 陈晨)4月8日，第八次党代会报告起草调研座谈会在办公楼举行，校党委副书记刘景泉主持会议。与会者围绕学校近年来取得的发展成就，未来的发展目标、改革措施等问题，展开了广泛的交流与研讨，并对党代会报告起草工作提出意见和建议。

组织部部长张景荫、机关党委副书记苏明辉认为，在党建方面，应继续加强学习型党组织建设，认真贯彻执行《中国共产党普通高等学校基层组织工作条例》，加强对党员的培养。在干部队伍的建设与管理方面，要特别重视对青年管理干部的培养，为他们提供学习培训以及岗位轮换、岗位交流的机会，从而促使他们提高管理水平，更好地发挥作用。

人事处处长张东升、研究生院常务副院长李靖对学校人才队伍建设和学科发展发表了意见。他们认为，强势学科和人才强校战略的有效实施，对促进我校学科发展和人才队伍的壮大起到了重要的作用。应在巩固已有成绩、总结相关经验的基础上，树立科学的人才观，通盘考虑学校的资源、环境、人才的引进、培养之间的关系，使其协调发展。在学科建设上应更加系统化，按照不同学科的定位，提出发展要求，并给予相关支持。

教务处处长沈亚平、学工部部长杨克欣、研工部部长邹玉洁建议，在教育教学方面，要正确认识并处理好不断增长的办学需求与短缺的办学资源间的矛盾、学校各项功能的协调发展与保证教学中心地位之间的矛盾、传统教学模式与研究型教学模式之间的矛盾、国家产业政策和人才市场需要的不断变化与学科专业结构调整滞后之间的矛盾。在人才培养方面，应进一步引导学生自主学习，完善学生综合素质评价体系，促进每一个学生全面发展；进一步发挥导师在研究生思想政治教育中首要责任人的作用，通过顶层设计为研究生综合素质的提高搭建平台，进一步充实专职研究生辅导员队伍。

科技处处长田建国、社科处处长高永久就科研等问题建言。他们认为，创新型国家的建设需要创新型人才和创新型科研成果。要立足学校实际，通过开展教授恳谈会、科学制订科研评价体系等途径，调动广大教师和科研人员的积极性，打造科研突击队，更好地服务经济社会发展。

国际学术交流处处长高海燕、财务处处长王丽平认为，外事、财务等工作在为学校的教学、科研工作服务的过程中，已成为其不可或缺的一部分。对于外事工作，今后要继续发挥学院和学科带头人的作用，使其共同参与到学校的对外交流工作中。同时积极开展双语教学，为师生创造更多对外交流的机会。财务工作中应继续强化预算收支管理，注重制度建设，更好地发挥财务职能作用。

刘景泉在主持会议时指出，第八次党代会的召开，是学校改革发展中的一件大事。为进一步统一思想，凝聚共识，学校党委以调研座谈会等形式广泛听取师生代表的建议。大家准备充分，从不同角度提出了许多好的建议，体现了对南开事业发展高度的责任心和使命感，对报告的起草工作给予了很大的支持，希望大家有新的建议随时与学校沟通。</body></doc>