<?xml version='1.0' encoding='utf-8'?>
<doc><id>10257</id><url>http://news.nankai.edu.cn/nkyw/system/2011/04/08/000038144.shtml</url><title>学校召开保密委员会工作会-保密-南开要闻</title><datetime>2011-04-08 00:00:00</datetime><body>学校召开保密委员会工作会 来源： 南开新闻网 发稿时间： 2011-04-08 10:14 南开新闻网讯(记者 平 扬 摄影 任永华)4月7日，学校在办公楼召开保密委员会工作会，校党委书记薛进文、副书记杨庆山、副校长许京军出席会议，校保密委员会委员参加会议。会议由杨庆山主持。 (记者 平 扬 摄影 任永华)4月7日，学校在办公楼召开保密委员会工作会，校党委书记薛进文、副书记杨庆山、副校长许京军出席会议，校保密委员会委员参加会议。会议由杨庆山主持。 薛进文在讲话中指出，保密工作事关国家、民族及个人利益，因此至关重要。随着时代发展及新情况的不断出现，保密工作已由单纯的政治保密扩展到经济、科技、文化等各个领域。多年来，在健全的制度保障和全校师生共同努力下，我校较为圆满地完成了保密工作任务。今后应进一步按照国家要求推进这项工作，牢固树立保密意识，切实负起政治责任，认真学习保密知识，加强制度建设和科学管理，严防泄密或窃密事故，按照保密法和有关规章制度严肃认真地做好保密工作。他还结合具体案例详细阐述了增强保密意识的重要性，并对我校保密工作提出改进的具体要求。 会议就我校2011年保密工作要点、保密工作相关文件、涉密部门保密管理工作内容等进行讨论。 编辑 ： 冀宁 相关新闻：</body></doc>