<?xml version='1.0' encoding='utf-8'?>
<doc><id>10250</id><url>http://news.nankai.edu.cn/nkyw/system/2011/04/12/000038209.shtml</url><title>南开大学三农学社十周年庆典活动举行-三农-南开要闻</title><datetime>2011-04-12 00:00:00</datetime><body>南开新闻网讯(通讯员 刘振 马芳芳)4月9号，南开大学双优工程之南开大学三农学社十周年庆典暨“我们走在大路上”第九届三农文化节开幕式于伯苓楼一楼报告厅隆重举行。中共中央党校三农问题研究中心主任张虎林，南开大学前校长、南开校友总会理事长侯自新，人民日报驻天津记者站编辑部主任陈杰，中国青年报驻天津站记者张国以及学校相关部门、学院、学生社团负责人出席了开幕式。

第十届三农学社社长曹丽莎致开幕辞。她介绍了三农学社的概况并表达了对一直以来关注三农的人的感谢之情。随后观众通过一段视频回顾了三农学社的十年历程，见证了三农学社的发展壮大。

各位领导嘉宾老师与观众分享了他们的三农之感。著名经济学家谷书堂老先生和学社指导老师周立群特地通过贺信和视频为三农学社十周年生日送上祝福；张虎林教授、侯自新教授、张秀珍教授、艾跃进教授依次讲话，他们指出三农学社的创办是很有必要的，不仅提高了在校大学生关注现实问题的意识，更为我国的三农问题贡献了自己的力量，是大学生奉献社会的良好平台。

随后大会为历届三农人颁发了各具特色的奖励，以此表彰他们对三农发展的贡献，并深情感恩包括社会各界力量、学校主管和指导教师以及有关媒体，感谢他们多年来对三农学社的关心和支持。而采访往届社长李晓明、王�h和张弛的环节更是将现场气氛推向高潮，使观众感受到了三农学社的温情与可爱。

最后新社员的宣誓更让大家看到了三农学社朝气蓬勃的未来与希望，大会在南开大学校歌中落下帷幕。

南开大学三农学社成立于2001年,是国内高校中较早开始从事“三农”问题研究和实践的学生社团之一。社团注重“用脚做学问”、注重在实践中发现问题、解决问题，调研足迹已遍及京、津、鲁、冀等10余个省、自治区和直辖市。调研成果不仅被各种媒体刊登，还被人大代表在“两会”上提交。一年一度的南开大学“三农”文化节活动，是三农学社独创的系列活动，对营造校园学术氛围、活跃校园文化、激发大学生的社会责任、加强大学生的思想政治教育发挥着积极的作用，已经成为我校的品牌性社团活动。</body></doc>