<?xml version='1.0' encoding='utf-8'?>
<doc><id>10258</id><url>http://news.nankai.edu.cn/nkyw/system/2011/04/08/000038142.shtml</url><title>校图书馆推出国内外名校开放课程视频数据库-图书馆,开放课,数据库-南开要闻</title><datetime>2011-04-08 00:00:00</datetime><body>(记者 陈 鑫 摄影 陈 晨)近日，南开大学图书馆推出“国内外名校开放课程学术视频数据库”。同学们只要到图书馆电子阅览室就可以与世界级名校名师一起学习。

“国内外名校开放课程学术视频数据库”收集并整理国内外名师学者多年的学术精华，以视频下载或视频链接的形式，让学生聆听他们的思想，领略他们的风采，为广大师生和研究者提供动态、直观的教学新途径，将学界名家推向校园，推向用户。

该数据库覆盖了北京大学、哈佛大学、普林斯顿大学、牛津大学等国内外著名高校，涉及哲学、文学、历史学、经济学、理学、工学等学科门类及相关交叉学科。所有选题和授课名师均经工作人员精心挑选，使各高校、教师名家打破时空与地域的限制，为全校广大师生和科研人员共享。

图书馆馆长张毅教授介绍说，通过观看其他名校的开放课，既可以使学生学习名家治学的思路、方法，也可以开拓眼界提高综合素质。同时也希望这个数据库能为学校在知识创新、学科建设方面提供有用的信息。

对于学生怎样选择收看名校开放课，张毅建议，同学不必拘泥自己的学科，可以根据兴趣自由选择。同时，张毅认为，除了在知识方面的收获，收看欧美名校的开放课还可以帮助学生提高英语听力、口语水平，一举两得。

许多同学得知在图书馆可以看名校开放课的消息后，都来到电子阅览室先睹为快。软件学院2009级本科生王标说：“这些世界一流的教师讲起课来，诙谐幽默、自由洒脱，引人入胜。教学方法别具一格，融文理工为一体。图书馆为我们引进名校的教学视频，一来为吾辈学子开阔视野，接受名校教学之熏陶；二来增加学校国际化程度，使其与国际先进科技与教育接轨良好，可谓用心良苦。我们更应当以勤为路，以乐为步，探求于知识之途。”</body></doc>