<?xml version='1.0' encoding='utf-8'?>
<doc><id>10251</id><url>http://news.nankai.edu.cn/nkyw/system/2011/04/11/000038206.shtml</url><title>南开大学团委荣膺联合国项目合作伙伴 青年志愿者帮扶农民工子女项目完美收官-农民工-南开要闻</title><datetime>2011-04-11 00:00:00</datetime><body>南开新闻网讯(孟 杰)4月6日，南开大学校团委及部分青年志愿者应邀访问了位于北京的联合国志愿人员组织(UNV)办公室，参加了联合国千年发展目标基金“外出务工人员子女培训志愿服务试点专题项目”总结表彰会。由于一年来我校志愿者在该项目中的出色表现，校团委被授予“项目合作伙伴”称号。UNV项目经理Henny Ngu到会并亲自为我校志愿者代表颁发了荣誉证书。团中央青年志愿者协会副秘书长廖恳、商务部中国国际经济技术交流中心人才交流处处长刘军、天津市青年志愿者协会秘书长王良骐出席了会议。

会上，参与项目审核的国内外工作人员共同回顾了一年来的工作历程，对我校青年志愿者在慧翔职专、工农村中学细致耐心帮扶农民工子女的工作给予了高度赞誉，对试点项目所取得的成绩表达了一致肯定。

我校青年志愿者代表、2007级汉语言文学专业学生高冠群在会上发言，他系统汇报了一年志愿服务的辅导体会和管理经验，他认为，此次项目不仅明显提高了受助学生的学习水平，而且帮助我校青年志愿者们拓宽了社会视野，提高了多方面的社会工作能力。

刘军结合当前志愿服务的实际工作提出了几点看法，他表示，社会各个层面对志愿服务的需求日益增长，为广泛传播志愿精神、推动志愿服务事业的发展提供了更多机会，与此同时，志愿服务也面临着资金短缺的困难，我国将进一步借鉴国际先进经验发展国内志愿服务，更多地融入国际志愿服务，加强交流与合作，共同总结分享工作经验。

表彰会中，廖恳就志愿服务的全局情况指出，青年志愿服务事业是将思想政治教育与实践有机结合起来的有效途径。志愿服务这种方式，使广大青年在相互协作中提升了思想道德素质和动手实践能力；它强调的不是被动做好事，而是强调不同社会群体之间的相互帮助，在服务他人中建立信任与合作关系，这更容易为广大青年所接受。可以说，志愿服务在经济社会发展中创造了一种新的精神文明建设的有效载体。

他特别指出，此次南开大学学生参与弱势群体的帮扶，充分发挥了青年志愿者的工作优势，整合了社会资源，在项目示范、项目运作等方面逐步形成了特色工作体系，探索了参与国际志愿服务的新道路。他希望我校团委能总结提炼先进经验，继续应用到“共青团关爱农民工子女志愿服务行动”中去。

据悉，我校作为全国唯一试点高校顺利通过了项目验收，在活动开展中南开凭借“可持续性计划”、“专家跟踪培训法”、“志愿者层级管理制”、“五个一工作体系”、“受助学生成长档案”、“跨出校门辅导”等工作方法，形成了志愿服务的“南开模板”，联合国千年发展基金会将与我国政府进一步深化合作，探索在未来把项目推广辐射更广大的地区。

新闻链接：

联合国志愿人员组织(UNV)是联合国系统内一个独特的机构，从事和管理与国际志愿者事业相关的各类事务。它从属于联合国开发计划署(UNDP)。该组织的宗旨是向发展中国家提供积极有效的援助，以支持全球人类的可持续发展。该组织的中方合作伙伴是商务部下属的中国国际经济技术交流中心。

“中国外出务工人员子女培训志愿服务试点专题项目”是千年发展目标基金“保护和推动中国弱势青年流动人口的权利”联合项目的子项目。联合了九个联合国机构以及中国国内十多家政府部门和民间组织，旨在帮助中国政府促进相关法律政策的实施、促进农民工权益保护。项目的目标是：增加外出务工人员子女获得非正式教育的机会，避免其因过早进入劳动力市场而无法获得体面的工作。</body></doc>