<?xml version='1.0' encoding='utf-8'?>
<doc><id>10255</id><url>http://news.nankai.edu.cn/nkyw/system/2011/04/09/000038177.shtml</url><title>第18届北京大学生电影节•南开电影论坛开幕--南开要闻</title><datetime>2011-04-09 00:00:00</datetime><body>南开新闻网讯(通讯员 金鑫 摄影 任永华)4月8日9点，第18届北京大学生电影节•南开电影论坛开幕式在南开大学东方艺术大楼举行。南开大学常务副校长、文学院院长陈洪教授、北京师范大学艺术与传媒学院院长王一川教授，天津市海河文化发展基金会董事长辛绍兰女士，天津北方电影集团方卫副总经理、泰达当代艺术博物馆副馆长刘建国等出席了开幕式。开幕式由南开大学文学院副院长沈立岩教授主持。除南开大学的同学外，来自天津大学、天津音乐学院、民航大学等学校以及“天津校媒联盟”的师生代表也参加了开幕式的活动。

在简短的开幕仪式之后，与会各方代表与到场的天津各高校的同学们一道观看了论坛开幕电影《蒲公英的微笑》(又名《心灵颂歌》)。由山西电影制片厂拍摄、天津海河文化发展基金会投资的《蒲公英的微笑》是我国第一部公益电影，讲述了汶川地震后，社会各界援助、关爱地震遗孤的感人故事。《蒲公英的微笑》本拟于“六一”进行全国公映，此次以南开电影论坛影片点映形式首次与观众朋友见面。放映结束后，影片主创团队近十人走上舞台，与大学生们进行了广泛的交流，场面热烈。

同日下午，知名导演金舸携主创团队，为南开大学学生及广大观众带来了新作《百年情书》(原名《与妻书》)。这是本届南开电影论坛又一部国内首播的影片。《百年情书》系辛亥革命100周年的纪念影片，由著名演员李雪健和影坛新星王柏杰、蒋梦婕联袂主演。影片以林觉民烈士写给父亲的《禀父书》、写给妻子的《与妻书》为线索，将浑厚的革命画卷与凄美的爱情故事熔为一炉，真实再现了民族危亡面前，革命者身上的人性光辉与无疆大爱。现场观众无不被影片中洋溢的革命激情和浪漫气息感染。在放映之后的主创人员交流见面会上，观众们就影片的创作过程、如何评价林觉民烈士以及辛亥革命等相关问题，与金舸等主创人员进行了深入的探讨。

南开电影论坛为第18届北京大学生电影节在天津唯一授权的分会场活动，由南开大学文学院、天津海河文化发展基金会主办。本届南开电影论坛的活动将持续到4月24日。

活动期间，论坛将承办第18届北京大学生电影节国产影片竞赛单元的部分活动以及电视电影评选活动。届时，南开大学的同学们将大饱眼福，在家门口欣赏到《西藏往事》、《碧罗雪山》和《盲人电影院》等最新国产优秀影片，与多部影片主创人员面对面进行交流，并有机会参与大影节的票选活动，同北京主会场的同学一道，评选出最受大学生欢迎的导演、男女演员等3个奖项。与此同时，10部电视电影新作也将在南开园对电视电影单元的4个奖项展开激烈角逐。

大影节历届优秀电视电影、学生短片等两个单元的展映同样异彩纷呈。南开电影论坛精选出了20部大影节历届获奖电视电影，以及20余部由来自两岸三地大学生拍摄、制作的DV短片和动画片，将“数字电影”这一新鲜样式带入高校，和同学们一起展望中国电影未来的发展蓝图。</body></doc>