<?xml version='1.0' encoding='utf-8'?>
<doc><id>10259</id><url>http://news.nankai.edu.cn/zhxw/system/2011/04/07/000038137.shtml</url><title>校友总会理事长参加海南校友会年会-校友会-综合新闻</title><datetime>2011-04-07 00:00:00</datetime><body>南开新闻网讯 3月26日，海南南开校友会在海南省海口市举行了2011年会，南开大学原校长、南开校友总会理事长侯自新教授专程赶往出席大会，并讲话。

会上，周阳会长作《海南省南开校友会2010年工作报告》，徐庄秘书长作《海南省南开校友会2010年财务收支报告》，杨怀东秘书长做了《海南省南开校友会2011年计划》，韩小东常务副会长宣读新任职人员名单及简介。

侯自新理事长首先对近年来海南校友会取得的工作成绩给予高度评价。同时，侯理事长介绍了南开大学近期改革和事业发展情况以及南开大学与海南省的省校合作、海南国际旅游岛发展研究院的情况。侯理事长希望海南校友多为母校的发展、为海南的发展贡献力量，祝海南校友会日益辉煌，欢迎广大校友经常回“家”看看。</body></doc>