<?xml version='1.0' encoding='utf-8'?>
<doc><id>10252</id><url>http://news.nankai.edu.cn/nkyw/system/2011/04/11/000038204.shtml</url><title>国家级精品课“科研方法论”建设研讨会举行-精品课,教务处-南开要闻</title><datetime>2011-04-11 00:00:00</datetime><body>(通讯员 袁 伟 王阳亮)4月9日，国家级精品课“科研方法论”建设研讨会在主教学楼召开。学校党委常委、教务长朱光磊及信息技术科学学院负责人出席会议，来自清华大学、北京大学、南开大学、天津大学、河北工业大学、天津理工大学等高校的专家、教师和研究生40余人参加了会议。研讨会由课程负责人张伟刚教授主持。

朱光磊致欢迎辞。他对来自国内高校的领导和专家表示欢迎，并对“科研方法论”课程建设及取得的成绩给予肯定。朱光磊指出，南开大学在人才培养模式探索过程中，始终把创新意识和创新能力的培养摆在重要位置。本科教育是高等教育的基础，也是南开大学的品牌。学校为本科生提供了多种参加科研实践的机会，通过参加“百项”、“国创”等科研项目的研究，有效提高了本科生提出问题、分析问题和解决问题的能力。作为科研训练系列课程之一的“科研方法论”课程，面向本科生授课，在全国同类课程中开设比较早，受众面较广，在引导大学生进入科研领域以及培养他们的科学素质方面产生了良好影响。

信息技术科学学院负责人感谢各位专家莅临研讨会指导课程建设，她高度评价了“科研方法论”课程组教师努力加强课程建设、扎实推进教学改革所取得的成果，勉励课程组教师再接再厉，不断取得新成绩。同时，希望专家对课程建设多提宝贵意见，促进课程建设及教学水平的不断提高。

研讨会期间，张伟刚代表课程组做“科研方法论”课程建设工作报告，南开大学教授顾沛做“教学团队及其中的‘科研方法论’课程”报告，天津大学教授刘铁根做“以科研为主线的教学方法探讨”报告，南开大学2007级光电子技术科学专业本科生范弘建做“参加本科创新科研的收获和感想”报告，课程组教师王斌辉做“课程网站深化建设规划”报告。与会专家和教师还就“科研方法与研究性教学”、“科研方法与研究性学习”、“本科创新与科研技能训练”等议题进行了认真研讨，提出了许多意见和建议。

张伟刚做总结发言。他代表课程组感谢学校各级领导的亲切关怀和大力支持，感谢兄弟院校的专家和同行给予的热情鼓励和具体指导，表示大家有信心，通过建立课程联动机制，继续加强课程交流，取长补短，使课程建设迈向新的阶段。</body></doc>