<?xml version='1.0' encoding='utf-8'?>
<doc><id>10256</id><url>http://news.nankai.edu.cn/tpxw/system/2011/04/08/000038152.shtml</url><title>【组图】南开大学东方艺术系举行师生书法展--图片掠影</title><datetime>2011-04-08 00:00:00</datetime><body>南开新闻网讯(摄影 韦承金 任永华)4月8日上午，南开大学东方艺术系师生书法展在第二主教学大厅开幕，展览以东方艺术系书法指导教师及本科生的书法作品为主，兼及绘画、篆刻等，吸引了许多师生及校外人士驻足参观。 (摄影 韦承金 任永华)4月8日上午，南开大学东方艺术系师生书法展在第二主教学大厅开幕，展览以东方艺术系书法指导教师及本科生的书法作品为主，兼及绘画、篆刻等，吸引了许多师生及校外人士驻足参观。 南开大学常务副校长陈洪出席开幕式并与文学院领导、东方艺术系书法指导教师等一同为展览剪彩。 陈洪在开幕式上致辞，他向书法展的举行表示热烈祝贺，并鼓励东方艺术系学子不仅要打好书法基础、学好绘画技艺，更要具备深厚的人文修养，要有“文人”气质，这样创作出来的作品才会有深邃的意蕴。 中国书法家协会理事、天津市书法家协会副主席孙伯翔先生应邀前来参观。图为孙伯翔先生正与南开大学东方艺术系书法指导教师王双启教授交流。 王双启教授为学子点评作品 孙伯翔先生与南开大学传播学系主任、东方艺术系书法指导教师刘运峰教授一同参观、点评学生作品。 指导教师王双启、陈聿东、刘运峰等教授的书法作品引人驻足 师生参观东方艺术系学子的书法作品 篆刻作品橱窗前也围着许多师生</body></doc>