<?xml version='1.0' encoding='utf-8'?>
<doc><id>10263</id><url>http://news.nankai.edu.cn/nkyw/system/2011/04/05/000038090.shtml</url><title>南开大学新添国家重点实验室-科技处,国家重点实验室-南开要闻</title><datetime>2011-04-05 00:00:00</datetime><body>南开新闻网讯(记者周文)近日，科技部在官方网站公布了新一批49个国家重点实验室立项建设名单。南开大学药物化学生物学实验室榜上有名。这是继元素有机化学国家重点实验室之后，南开大学独立建设的第二个国家重点实验室。

南开大学药物化学生物学实验室是一个跨学科的国家重点实验室。南开大学是国内学科门类最齐全的综合性、研究型大学之一。拥有农药学、有机化学和微生物学3个国家重点学科，化学、生物学、农药学、临床医学等博士点，跨学科研究能力强大。该重点实验室将以新药创制为核心，研究药物化学、药物生物学的基础理论问题并指导新型药物的设计合成，运用多学科综合开展新药创制的各个环节研究。</body></doc>