<?xml version='1.0' encoding='utf-8'?>
<doc><id>10262</id><url>http://news.nankai.edu.cn/nkyw/system/2011/04/05/000038092.shtml</url><title>南开大学纪念张伯苓诞辰135周年-张伯苓诞辰,校友会-南开要闻</title><datetime>2011-04-05 00:00:00</datetime><body>南开新闻网讯（记者 张 剑 摄影 任永华）今年4月5日清明节，是中国大教育家、南开系列学校创始校长张伯苓先生（1876年～1951年）的135周年诞辰。南开大学举行了隆重的祭扫活动，以传统的方式寄托思念。

5日上午，南开系列学校的师生、校友代表，及张伯苓先生的亲属代表来到南开大学中心花园，在张伯苓先生的塑像前敬献鲜花、深深鞠躬，表达南开大家庭对前辈先贤的深切缅怀和无比敬意。

年逾九旬的南开大学教授申泮文院士郑重地为张伯苓先生的塑像献上花篮，他说，张伯苓先生在长达近半个世纪的教育生涯中，以其筚路蓝缕的创业奋争和不畏艰难的魄力，为中国现代教育改革发展提供了创造性经验。值此纪念张伯苓老校长诞辰135周年之际，缅怀过去业绩，追思前贤的伟大贡献，我们应该加倍努力，继承南开优秀传统，发扬改革创新精神。愿每个南开人都牢记张伯苓老校长所倡导的“巍巍我南开精神”，团结奋斗，为祖国的复兴和繁荣富强作出自己的贡献。

南开大学本科生、思源社成员汪永刚说，作为中国杰出的教育家和南开学校的创始人之一，老校长张伯苓先生一生矢志不渝地追求南开乃至中国教育事业的更高境界，为我国近现代教育事业的发展作出了杰出的贡献。作为当代大学生，要继承南开光荣的革命传统，大力弘扬爱国主义精神，立志走爱国成才之路，努力成为社会主义中国的合格建设者和可靠接班人。这也是南开学子对老校长张伯苓先生的最好纪念。

张伯苓先生辞世前曾说过：“我死后一定要埋在南开，要看着南开。”1986年，党和国家隆重举办纪念张伯苓诞辰110周年大会并在南开大学为其敬立铜像。

张伯苓先生1876年4月5日生于天津，逝于1951年2月23日，历经清末、北洋政府、国民政府和新中国，他把教育救国作为毕生信念，创办南开中学、南开大学、南开女中、南开小学和重庆南开中学，接办四川自贡蜀光中学，形成了著名的南开教育体系，为国家培养了包括周恩来在内的大批英才，被尊为“中国现代教育的一位创造者”。</body></doc>