<?xml version='1.0' encoding='utf-8'?>
<doc><id>10264</id><url>http://news.nankai.edu.cn/nkyw/system/2011/04/03/000038075.shtml</url><title>校领导到商学院调研-商学院,调研-南开要闻</title><datetime>2011-04-03 00:00:00</datetime><body>(记者 陈 鑫 摄影 任永华)4月2日，南开大学校长龚克、党委副书记焦玮到商学院调研，学校办公室、研究生院、研工部、学工部、人事处、教务处、“211”“985”工程办公室、国际学术交流处等部门有关负责人陪同调研。商学院党政领导班子、各系负责人、教师代表参加调研座谈会。

龚克指出，自创立之初，南开大学就提出“文以治国，理以强国，商以富国”，在学科设置上服务国家需要，当前在教学科研的开展上同样要符合国家“十二五”规划发展对人才、对学术的需要。商学院要保持忧患意识，在全球化的大背景下考虑发展战略。抓住今年学校召开党代会的契机，凝聚共识，调动全体教职员工的积极性。

龚克强调，商学院要处理好本科教学与科学硕士、专业硕士培养之间的关系。贯彻党的教育方针，从根本上保证培养质量，不仅要教给学生新的管理理论，更要教会学生懂得社会主义市场经济的规律。加强教学科研队伍建设，形成团队优势。希望商学院在科学管理、改革创新方面先行探索，为学校改革创造经验。

商学院负责人、教师代表介绍了学院发展历史、学科建设、人才培养、师资队伍建设及MBA、EMBA发展状况。

座谈会前，龚克一行还考察了商学院报告厅、资料室、泽尔腾实验室、EMBA中心等。</body></doc>