<?xml version='1.0' encoding='utf-8'?>
<doc><id>10269</id><url>http://news.nankai.edu.cn/nkyw/system/2011/04/02/000038050.shtml</url><title>南开大学召开安全保卫工作总结表彰会-安全,保卫,总结,表彰-南开要闻</title><datetime>2011-04-02 00:00:00</datetime><body>(记者 陈 晨 摄影报道)4月1日，南开大学在省身楼召开会议，对安全保卫工作及消防工作先进集体和个人进行表彰。市委教育工委副书记、市教委副主任于立军，市公安局副局长张亮，市公安消防局副局长周详，南开大学校长龚克，校党委副书记杨庆山参加会议并为获奖者颁奖。会议由杨庆山主持。市委教育工委、市公安局、市公安消防局的有关同志和学校各单位主要负责人、获奖单位代表和个人出席会议。

学校保卫处负责同志宣读了表彰决定，在安全保卫及消防方面成绩突出的党委学工部等18个先进集体、示范单位和邢志杰等70名先进个人受到表彰。于立军、张亮分别在会上讲话，对近年来我校安全保卫工作所取得的成绩给予了充分肯定，并对天津市教育系统和我校安全保卫工作的重点、难点提出了意见与建议。

龚克代表学校向受到表彰的先进集体和个人表示祝贺，对市教委、市公安局、市公安消防局对南开大学工作的支持表示衷心的感谢。龚克在讲话中强调，安全保卫工作是学校育人工作的一项重要任务，我们要培养学生的安全意识，使他们成为具有社会责任感的高素质人才。希望全校各单位严格落实安全管理责任制，做到层层抓落实，人人有责任，定期开展对本单位各类安全隐患的自查整改工作，特别是要改进薄弱环节，对检查出来的安全隐患及时整改，堵塞安全漏洞，保障学校教学科研活动的顺利进行，为广大师生创造安全、和谐的校园环境。

会上，杨庆山对学校前一时期安全保卫工作开展的情况进行了总结，并对下一阶段工作进行了部署。</body></doc>