<?xml version='1.0' encoding='utf-8'?>
<doc><id>10268</id><url>http://news.nankai.edu.cn/nkyw/system/2011/04/02/000038054.shtml</url><title>【党代会动态】党代会报告起草调研座谈会举行-党代会,报告,起草,调研,座谈会-南开要闻</title><datetime>2011-04-02 00:00:00</datetime><body>(记者 张 丽 摄影 任永华)4月1日，第八次党代会报告起草调研座谈会在办公楼举行，校党委副书记刘景泉主持会议。

座谈会上，大家围绕学校近年来取得的发展成就和主要经验，未来的发展目标、特色定位、改革措施等问题，展开了广泛的交流与研讨，并对党代会报告起草工作提出意见和建议。

物理科学学院党委书记孙骞、化学学院党委书记杨光明、医学院党委副书记兼副院长张开显认为，南开近年来取得了很大的发展成就，应在党代会报告中充分总结经验，同时也要正确认识存在的问题与不足，提出改革措施。应科学定位南开的发展目标，用质量构筑南开特色。

环境科学与工程学院党委书记王南林、信息技术科学学院党委书记王富春、药学院党委书记刘艳霞围绕学科建设、管理机制改革等方面的问题发表了意见。他们认为，应遵循教育规律，与时俱进，在巩固传统优势学科的基础上，大力发展服务国家社会经济发展，特别是滨海新区开发开放的新兴学科。应探讨和制定有利于学校各项事业发展的管理体制和监督机制，实现科学管理。

数学科学学院副院长王兆军、生命科学学院党委书记冯小品、软件学院党委书记谢桂玲就学生培养等问题建言。他们认为，学校应加强对学生的理想信念教育、创新和实践能力的培养，使学生在校期间德智体全面发展，为国家输送合格的人才。在研究生教育方面，应继续探索实施分类培养改革。

刘景泉在主持会议时指出，第八次党代会的召开，事关建校100年乃至更长一段时间学校的发展方向。为进一步统一思想，凝聚共识，学校党委以调研座谈会等形式广泛听取师生代表的建议。大家作了充分的准备和深入的思考，提出的建议有针对性，对报告的起草工作具有很强的指导性。我们将认真梳理、消化、采纳大家的意见和建议，也希望大家有新的思路随时与我们沟通。</body></doc>