<?xml version='1.0' encoding='utf-8'?>
<doc><id>10267</id><url>http://news.nankai.edu.cn/nkyw/system/2011/04/03/000038059.shtml</url><title>南开大学第十六届新闻奖颁发-宣传部,新闻奖-南开要闻</title><datetime>2011-04-03 00:00:00</datetime><body>(记者 张轶帆 摄影 陈 晨)4月2日，南开大学第十六届新闻奖颁发，共评出一等奖15名、二等奖21名、三等奖20名、集体奖3名、组织奖12名。

校长龚克出席仪式并为获奖者颁奖，校党委副书记刘景泉主持仪式，党委宣传部负责人宣读获奖名单。天津市委宣传部新闻处、天津市委教育工委宣传处，南开大学办公室负责人，以及来自人民日报、新华社、光明日报、中国新闻社、经济日报、中国教育报、中国青年报、中央人民广播电台、中国教育电视台、科技日报、香港大公报、香港文汇报、天津日报、今晚报、每日新报、城市快报、天津教育报、天津电视台、天津人民广播电台、北方网等新闻单位的获奖代表参加了颁奖仪式。

龚克代表南开大学向获奖单位和个人表示热烈祝贺，向长期以来关心和支持南开大学新闻宣传工作的市委宣传部、教育工委以及各新闻单位表示真挚的感谢，并向与会者介绍了南开大学今年的工作要点。2011年，学校将着力完成四大任务：召开学校第八次党代会，确定学校“十二五”时期发展目标、思路和主要举措，形成新一届党政领导班子；认真贯彻落实《国家中长期教育改革和发展规划纲要》，制订并实施《南开大学事业发展十二五规划》，大力推动教学改革；推进“985工程”三期建设，启动新一轮学科调整和建设，全面提升学校发展的核心竞争力；搞好新校区规划设计，按期启动一期工程建设，为后期发展奠定基础；还将统筹兼顾，扎实做好学科评估、教学改革、引进培养师资、提升科研能力、服务天津发展、深化海外合作、创新人才培养模式、推进创先争优、发展校园文化等工作。

龚克表示，2011年对南开大学来说是十分关键的一年，学校第八次党代会即将召开，“十二五”规划、“985工程”三期建设、新校区建设都将全面启动，是南开机遇与挑战并存、在新的历史起点上实现更大发展的关键一年，学校将继续加强与新闻媒体的联系与沟通，努力为记者提供优质高效的服务，也希望市相关部门和各媒体能够一如既往地关心和支持南开，共同做好教育新闻宣传工作。

据不完全统计，2010年国内外各媒体有关南开大学的宣传报道近11400条。《人民日报》、《新华每日电讯》、《光明日报》、《中国青年报》、《中国教育报》、《中国改革报》、《科技日报》、《科学时报》、《天津日报》等重要媒体均以头版或显著位置报道南开各方面工作的成就，中央电视台“新闻联播”、中央人民广播电台等广播电视媒体重要栏目和新华网、人民网等网络媒体多次报道南开，全面、客观地展现了南开改革和发展事业的成就，得到了全校师生员工、海内外校友和社会各界的广泛好评。</body></doc>