<?xml version='1.0' encoding='utf-8'?>
<doc><id>10278</id><url>http://news.nankai.edu.cn/nkyw/system/2011/03/31/000037978.shtml</url><title>南开大学荣获9项天津市科学技术奖励-天津市,科技处,科学技术奖励-南开要闻</title><datetime>2011-03-31 00:00:00</datetime><body>南开新闻网讯(记者 平 扬 摄影 任永华)3月30日，在天津大礼堂举行的2010年度天津市科学技术奖励大会上，南开大学荣获9项奖励。

市委书记张高丽出席颁奖大会并讲话。市委副书记、市长黄兴国主持会议。市人大常委会主任肖怀远，市政协主席邢元敏，市委副书记何立峰，市委常委、常务副市长杨栋梁，市委常委、市委教育工委书记苟利军，市委常委、市委秘书长段春华，市人大常委会副主任李泉山出席。副市长王治平宣读了颁奖决定。

张高丽指出，加快科技进步和创新，是决定天津未来的战略选择。我们一定要把科技工作摆在更加突出的位置，加快自主创新步伐，加快人才队伍建设，加快科技体制改革，努力构筑科技领先优势、人才资源优势、机制创新优势，使天津真正成为研发转化实力雄厚的科技强市，推动经济发展尽快走上科技引领、创新驱动的轨道。

南开大学荣获自然科学一、二、三等奖各1项，分别是：由化学学院陈永胜教授领衔完成的“碳纳米材料制备及其性质研究”、由生命科学学院孔德领教授及其团队完成的“结合干细胞及基因疗法的心血管组织工程研究”、由化学学院马建标教授领衔完成的“天然生物高分子的修饰及其生物医学性能”课题。

南开大学荣获5项科学技术进步奖：由生命科学学院马挺副教授及其团队完成的“利用多功能菌组提高驱油效率的应用与开发”、由生命科学学院宋文芹教授参与完成的“多种分子细胞技术在肝癌及相关肝病临床诊治中的应用研究”获得二等奖，由环境科学与工程学院鞠美庭教授领衔完成的“天津港绿色港口建设规划研究、实施及工程应用”、由南开大学与天津戈德思创防伪技术有限公司共同完成的“高精度光敏印章研制及识别技术的应用推广”(第一完成人为董轶望)、由环境科学与工程学院刘茂教授参与完成的“基于风险分析的工作场所职业危害评价技术研究”项目获得三等奖。

此外，南开大学泰达应用物理学院院长、德国科学家拉普荣获国际科学技术合作奖，成为首位获得此项奖励的南开人，也是天津市本次唯一获奖者。

据悉，2010年度，天津市共有13项科技成果获得国家科学技术奖，214项科技成果获得天津市科学技术奖。在欢快的乐曲声中，市领导同志为获奖代表颁发获奖证书。</body></doc>