<?xml version='1.0' encoding='utf-8'?>
<doc><id>10271</id><url>http://news.nankai.edu.cn/nkyw/system/2011/04/02/000038029.shtml</url><title>“南开文化周末”微博：将“共享、共建”进行到底 -微博-南开要闻</title><datetime>2011-04-02 00:00:00</datetime><body>南开新闻网讯(记者 高杨)“有几次自己看到‘文化周末’的演出预告信息时，门票已经发完了，有些遗憾，相信今后不会再错过了”，一位“南开文化周末”的热心观众不禁发出感慨。

据悉，为了更加快捷的发布“南开文化周末”预告信息，更好的和广大喜爱文艺的南开师生沟通交流，扩大南开校园文化在社会公众中的影响力，展现南开师生积极向上的精神风貌，近日，学校党委宣传部专门开设“南开文化周末”新浪微博，刚刚开博，粉丝数已近200人。

“南开文化周末”微博为南开大学校园文化项目官方微博，是宣传推广我校丰富多彩、形式多样的校园文化的重要载体，同时将成为南开大学90多年历史积淀下深厚文化底蕴的宣传媒介，将继续秉承“共享、共建”的一贯宗旨，努力将其建设成为我校新的文化宣传阵地。

“微博的传播速度比我们想象中的还要快”，学校党委宣传部有关人员介绍说：“本学期我们已经通过该微博第一时间发布了两场周末乐坛和一场周末影坛的预告信息，截止目前转贴和评论数已经超过100次，不仅如此，上传的数十张南开大学经典风景图片反响也很强烈。今后我们还将尝试做‘微博直播’，在演出过程中进行同步图文解说，让更多不能亲临现场观看演出的师生、校友感受到演出现场的气氛”。

据介绍，“南开文化周末”微博将具备以下功能：

一、信息发布平台。建成后的“南开文化周末”微博，将及时发布南开校园文化品牌栏目“南开文化周末”的季度活动安排，演出预告信息，精彩演出图文视频集锦以及相关新闻链接，使广大师生更加及时全面的了解其子栏目“南开周末乐坛”、“南开周末影坛”和“南开周末文苑”的相关信息。

二、信息互动平台。“微博”这一新兴传媒和“南开文化周末”的“共享、共建”宗旨不谋而合，师生可以在“南开文化周末”微博中评论近期的演出、电影和文章，也可以提出自己的意见和建议，拓宽“南开文化周末”的外延，共同为丰富我们自己的周末文化生活献计献策。

三、校园文化传播平台。南开大学是一所拥有90多年历史的著名高等学府，其深厚的文化底蕴不仅感染着一代代南开人，更对社会文化产生一定的辐射和引领作用。“南开文化周末”微博将逐步推出反映南开大学校园文化的图片和文章，与南开师生共勉，与社会大众分享，弘扬南开精神，传播先进文化。

今后，广大师生不仅可以在南开新闻网、南开觉悟网和“我爱南开”bbs上了解“南开文化周末”相关信息，还能在微博中参与建设“南开文化周末”，您可以登陆新浪微博，搜索“南开文化周末”，也可以直接登陆http://t.sina.com.cn/nkwhzm浏览“南开文化周末”微博，我们热情期待您的参与！</body></doc>