<?xml version='1.0' encoding='utf-8'?>
<doc><id>10277</id><url>http://news.nankai.edu.cn/nkyw/system/2011/03/31/000037981.shtml</url><title>南开教授研制出免受电磁辐射的新“保护伞”-陈永胜,科技处-南开要闻</title><datetime>2011-03-31 00:00:00</datetime><body>南开新闻网记者 平 扬

电磁辐射危害民众身体健康，电波干扰容易导致信息泄露，由南开大学化学学院教授陈永胜领衔完成的一项科研课题，成功研制出了有效屏蔽电磁波的新型纳米材料。

现代电子仪器几乎都是用大规模和超大规模集成电路制成的，容易受到自身和外界电磁波干扰，也容易泄密。据统计，全世界每年因此造成的直接经济损失高达5亿美元。此外，我们身边的电视、电脑、手机及微波炉等电器产生大量的电磁辐射，对人类健康的危害十分明显。

与传统用材相比，陈永胜领衔研制出的新型纳米复合材料，重量更轻，机械性能更好，且具有良好化学和热稳定性。它不仅可以有效地抑制各种电磁辐射造成的干扰与信息泄漏，还为人类免受辐射撑开健康“保护伞”。

这种新型的纳米材料包括单壁碳纳米管复合材料和石墨烯复合材料两代成品。科研成果源于南开大学领衔完成的“碳纳米材料制备及其性质研究”，并因此获得2010年度天津市科学技术自然科学一等奖。

据课题组负责人陈永胜介绍，该项研究不仅能加快推动碳纳米管和石墨烯的产业化应用，并且会给传统材料、信息、医药、生物、能源等领域带来革命性的改变。

陈永胜还告诉记者，该项研究还将在开发纳米材料尤其是石墨烯，在激光的有效防护方面的全新作用，因而使之在军事领域展示出了广泛的应用前景。

该项目研制的单壁碳纳米管和石墨烯已用于数十家科研机构的基础研究和应用开发，包括应用于国家863重大汽车电池(中科院物理所)和军工卫星电池项目(中国电子科技集团公司第十八研究所)等，已研制出高频晶体管、锂离子电池、超级电容器以及高性能多功能复合材料等多种产品。

该项目已经在SCI收录国际期刊发表研究论文44篇，受到了国内外同行的高度评价。相关研究获得了国家863纳米专项、重大科学研究计划(973)、国家自然科学基金、教育部博士点基金和天津市重点基金等项目的支持。

纳米科学与技术是二十一世纪科技发展的制高点，可以给众多领域带来开创性技术革新，被誉为“21世纪的战略性材料”。石墨烯是一种目前引起世界极大关注的新型碳纳米材料，它的特殊结构和众多优良性质展示出了更为广阔的应用前景。2010年诺贝尔物理学奖，即授予了在石墨烯材料方面作出卓越研究成绩的英国曼彻斯特大学科学家安德烈・海姆和康斯坦丁・诺沃肖洛夫。</body></doc>