<?xml version='1.0' encoding='utf-8'?>
<doc><id>10279</id><url>http://news.nankai.edu.cn/nkyw/system/2011/03/31/000037976.shtml</url><title>光明日报：南开大学：创新载体让形势政策教育入脑入心-形势政策教育-南开要闻</title><datetime>2011-03-31 00:00:00</datetime><body>本报天津3月30日电(记者 陈建强 通讯员 平扬 张轶帆)在南开大学,有一门“大课”深受学生喜爱――国家党政领导、世界政要、知名专家走上讲坛,为同学们讲解、分析国家大政方针、政经形势和国际时政,数百名青年学子聚精会神地聆听、思考……每场“高端形势政策教育课”一结束,许多同学都会聚集在演讲者身边,就各自关注的问题展开热烈的讨论。

过去,高校中的思想政治课始终处于一种尴尬境地:学生不欢迎,老师没兴趣。但在南开大学率先开展的思政课改革中,每一位任课教师灵活讲解的“形势与政策教育教学要点”,成为活跃课堂氛围的重要元素。“只有把原本枯燥的‘过去式’理论知识,被丰富鲜活的‘现在进行时’、‘将来时’时政信息取代,学生们才能入脑入心。”马克思主义教育学院教授杨谦经常在课堂组织学生开“时事讨论会”,学生辅导员袁静,搜集了“高考移民”、“‘富二代’与教育公平”等相关资料,作为同学们课堂讨论的热点话题。

除了任课教师与辅导员,南开大学还广泛邀请活跃在世界各国政界、学界的重量级人物,为同学们带来一门门精彩的“高端形势政策教育课”。仅最近一个月来,法国前总理洛朗・法比尤斯、美国前国防部长科恩、日本著名学者星野昭吉等国际“巨星”都以南开教授的身份,为学子们演讲世界政治经济格局新动态、中日美三边关系新发展,与学子直接“对话”世界级热点话题。

“房价宏观调控”,“稳定物价”,“低碳环保”……青年学子在袅袅茶香营造出的轻松、和谐的氛围中畅所欲言,表达当代大学生对国计民生的关注与热情――今年两会召开之际,诸如“国策论坛”、“两会热点下午茶”等活动,火遍了南开校园,从一年级本科新生到博士生,大家把这里看做“关注两会、参政议政”的最佳平台。

读万卷书,还要行万里路。南开大学鼓励学生走出校门,在实践中接受形势政策教育。学校每年派出学生志愿服务与社会实践小分队500余支,赴全国各地开展“三下乡”实践活动,足迹遍布大江南北的社区、工矿企业、农村,亲身体会国家经济社会发展和民生民情,科教支农、教育服务、文化宣传、企业帮扶、社会调查、政策宣讲……每次实践过后,同学们都满载而归,不仅带回无数的锦旗、奖状、感谢信,也在实践中弘扬了“知中国,服务中国”的南开传统,培育出德才兼备、淑世为公的人生追求。</body></doc>