<?xml version='1.0' encoding='utf-8'?>
<doc><id>10276</id><url>http://news.nankai.edu.cn/nkyw/system/2011/03/31/000037982.shtml</url><title>“洋院长”拉普获天津国际科学技术合作奖-拉普,科技处-南开要闻</title><datetime>2011-03-31 00:00:00</datetime><body>南开新闻网记者 平 扬

2011年3月，南开园春暖花开。这已经是德国科学家拉普在中国的大学担任院长的第五个春天了。昨天(30日)，他获得了由天津市人民政府颁发的“国际科学技术合作奖”，成为该年度唯一获奖者。许多同事向他表示祝贺，大家说他的获奖是实至名归。

2007年，拉普受聘南开大学泰达应用物理学院院长，成为南开历史上首位担任院长的外国人。

国际著名期刊Science(《自然》)在报道中写道：“德国物理学家拉普教授就职于奥地利维也纳大学，现受聘成为中国一所大学的首位非华人院长。下个月，拉普教授将到天津市南开大学泰达应用物理学院任职。作为光存储和中子物理领域的专家，拉普教授将同时服务于维也纳大学和南开大学。”

德国教育部委托柏林影视制作中心也专程到天津拍摄了这位“洋院长”日常工作的情况。影片播出后，许多德国学生了解到在中国大学学习、科研的情景，一下子激发了他们了解中华文化的兴趣和来中国留学的热情。随后，有多名德国学生到拉普所在的天津市信息光子材料与技术重点实验室访问学习。

拉普是非线性光学及光子学方面的著名专家，与南开结缘始于上世纪90年代初期。多年来，他和南开大学的研究人员在非线性光学材料及性质研究方面取得了丰硕成果，合作发表高水平学术论文二十余篇。

工作在南开的日子里，拉普不仅因其科研成绩而声誉远播，更是展现了出色的“外交”能力。

2007年，拉普担任院长的南开大学泰达应用物理学院举办了中德光学暑期学校，首次邀请到9名来自德国的知名教授，在南开大学为专程前来的全球21所高校的近百名学生进行为期12天的授课。不久后，这里又召开了中韩纳米研讨会，与会专家在纳米领域进行了广泛交流。

2009年，拥有“物理世界杯”美誉的国际青年物理学家竞赛(IYPT)，也向南开挥动了橄榄枝。在拉普的推动下，第22届竞赛的主办权落户南开大学。来自澳大利亚、法国、德国、俄罗斯、英国、中国等27个国家和地区的200余名“物理新秀”走进这所享誉世界的百年学府。

这项由前苏联1988年发起、至今举办了21届的赛事，以培养参赛者的创新意识、创新能力、协作精神和实践能力为根本理念。它与国际物理奥林匹克竞赛、国际青年学生科学论文竞赛并称为三大顶级国际中学生物理竞赛。

在拉普的积极协调下，南开大学泰达应用物理学院已经和奥地利维也纳大学、德国奥斯纳布鲁克大学、德国明斯特大学、美国麻省理工学院、乌克兰科学院等国际知名院校的研究小组建立了长期合作关系，签署了一系列国际合作协议，并申请到多项双边合作项目，极大程度地活跃了天津在科研领域的国际合作与交流。近3年来，他还邀请到了近30名国际知名专家到南开大学讲学和交流。

拉普说，曾在法国、德国、斯洛文尼亚、瑞士、匈牙利、中国等多个国家的研究机构任客座教授的经历，为自己促进天津市及南开大学和国外学术组织及学术团体的合作带来了很多帮助。</body></doc>