<?xml version='1.0' encoding='utf-8'?>
<doc><id>10275</id><url>http://news.nankai.edu.cn/nkyw/system/2011/03/31/000037980.shtml</url><title>南开大学召开报告会传达“两会”精神--南开要闻</title><datetime>2011-03-31 00:00:00</datetime><body>(记者 张轶帆 摄影 任永华)3月30日，学校在省身楼召开传达全国“两会”精神报告会。校党委书记薛进文主持会议，全国人大代表、校长龚克，全国政协委员、副校长陈永川，全国政协常委、副校长许京军分别传达了十一届全国人大四次会议和全国政协十一届四次会议精神。校领导及全校中层正职干部、民主党派负责人参加了报告会。

龚克在传达中系统地解读了“十二五”规划纲要、温家宝总理所作政府工作报告，以及会议期间代表们关注的热点问题。他说，“十二五”时期，世情国情继续发生深刻变化，我国经济社会发展呈现新的阶段性特征，综合判断国际国内形势，我国发展仍处于可以大有作为的重要战略机遇期，既面临难得的历史机遇，也面对诸多可以预见及难以预见的风险挑战，我们要增强机遇意识和忧患意识，主动适应环境变化，有效化解各种矛盾，更加奋发有为地推进我国改革开放和社会主义现代化建设。与“十二五”规划相关的民生问题、中国特色社会主义法律体系问题、社会稳定及其相关国内外问题、教育公平和高考改革问题是本次会议期间讨论的热点。

陈永川说，全国政协十一届四次会议审议通过了政协常委会工作报告和提案工作报告，进一步明确了新形势下人民政协围绕中心服务大局的工作方向，委员们围绕推动科学发展、保障改善民生、维护和谐稳定等问题，积极建言献策；党中央、国务院领导同志和有关部门负责同志多次到会听取委员发言，参加小组讨论，激发了委员参政议政的热情，会议更加民主开放，组织工作严密有序，参政议政成效显著，密切了同各方面的联系。

本次政协会议会风的民主务实、讨论主题的目标明确、讨论气氛的轻松热烈给许京军留下了深刻印象。他在传达中说，本次会议的公开透明度、媒体参与度和普通民众的关注度都高于以往，广大委员的参政议政热情十分高涨，大家勇于针对当今社会时弊提出批评意见。在本次会议已立案的5408项议案中，主要内容集中在经济平稳发展、加快转变经济发展方式、经济结构战略、三农、环保生态、区域发展和城乡建设、发展社会事业和改善民生、推动教科文卫体事业发展等方面。

薛进文在主持会议时对我校人大代表、政协委员们在参政议政方面作出的贡献表示感谢。他说，在参加全国“两会”期间，代表委员们积极准备，参与提出关系国计民生、教育和国家发展的议案、提案，在认真履行了自己职责的同时，也宣传介绍了南开大学。

薛进文强调，各部门各单位要将“两会”精神的学习贯彻同工作实际相结合，以良好的精神状态和求真务实的作风，推动学校各项改革和事业发展，努力提高学科建设水平和人才培养质量，在构建和谐校园、建设国际知名高水平大学过程中发挥重要作用，为滨海新区的开发开放和国民经济建设作出应有的贡献，以优异成绩迎接党的90华诞。

本次全国“两会”期间，出席会议的我校代表、委员认真履行职责，以高度的责任感撰写了大量高质量的议案和建议，并积极参加报告审议和小组讨论，畅谈自己的感受、体会和建议，为国家和天津进一步加快发展、科教事业的进步谈思路、献良策，受到众多媒体的关注，数十家中央和地方媒体对我校代表、委员进行了采访和报道，产生了广泛而积极的社会影响。</body></doc>