<?xml version='1.0' encoding='utf-8'?>
<doc><id>10273</id><url>http://news.nankai.edu.cn/nkyw/system/2011/04/01/000037998.shtml</url><title>校领导到哲学院调研-校领导,哲学院,调研,龚克-南开要闻</title><datetime>2011-04-01 00:00:00</datetime><body>(记者 平 扬 摄影 任永华)3月31日，南开大学校长龚克到哲学院调研，学校办公室、研究生院、研工部、学工部、人事处、教务处、“211”“985”工程办公室、社科处等部门有关负责人陪同调研。哲学院党政领导班子、学科带头人、教师代表参加调研座谈会。

龚克指出，国家的发展和社会的进步，需要传承和弘扬优秀的文化传统。今年是“十二五”开局之年，哲学作为人文社会科学的重要学科之一，应把握近年来国家教育大环境不断改善、天津快速发展和学校新校区建设的有利时机，抢抓机遇，关注现实，深入研讨，立足社会发展需要，制定富有特色的学科发展思路和规划，以出色的教学科研水平和成就，为学科振兴作出新贡献。

龚克强调，要加强对教育规律的深刻认识，更新观念，深化改革，完善科学有效的方法和途径，增进学子对专业的了解与热爱，促进其全面发展，使之在南开精神的熏陶下和开放活跃的学术环境中有所受益，培养社会需要的哲学人才。

介绍学术科研情况，总结学生培养经验，畅谈师资队伍建设……哲学院负责人、学科带头人联系学院与学科实际坦陈己见。龚克认真倾听并与大家愉快交流，现场气氛十分融洽。座谈会前，龚克一行还考察了实验室等学院教学、办公场所。</body></doc>