<?xml version='1.0' encoding='utf-8'?>
<doc><id>10270</id><url>http://news.nankai.edu.cn/nkyw/system/2011/04/02/000038035.shtml</url><title>校领导到药学院调研创先争优活动-药学院-南开要闻</title><datetime>2011-04-02 00:00:00</datetime><body>南开新闻网讯(记者 陈晨 摄影报道)4月1日，校党委副书记杨庆山来到药学院，就创先争优活动开展情况进行调研。组织部、宣传部负责同志陪同调研。药学院党政领导班子成员及教师代表参加调研会。

杨庆山认真听取了药学院党委负责同志对创先争优活动的工作汇报。他指出，深入开展创先争优活动，是深入推动学习实践科学发展观的重要举措，是在基层党组织中广泛开展的富有成效的重要活动。药学院在活动中，全面贯彻落实学校党委要求，紧紧围绕学院中心工作，加强基层党组织建设，为广大师生办好事，取得了初步成效。

杨庆山强调，在下一步的工作中，药学院要明确发展方向，不断深化，要加强队伍建设，完善学科体系，突出自身特点。学院的党政领导班子要高度重视，加强领导，发挥带头作用。希望学院以此次创先争优活动为契机，进一步强化党组织建设，充分发挥党员作用，将创先争优活动和学院的工作相结合，适应经济和社会发展的需要，办好药学院，为学校的发展作出新的贡献。</body></doc>