<?xml version='1.0' encoding='utf-8'?>
<doc><id>10272</id><url>http://news.nankai.edu.cn/nkyw/system/2011/04/01/000038002.shtml</url><title>纪念建党90周年系列活动拉开帷幕-建党,90周年-南开要闻</title><datetime>2011-04-01 00:00:00</datetime><body>南开新闻网讯(记者 陈 鑫)为隆重纪念中国共产党90华诞，回顾总结我们党成立90年来的光辉历程和宝贵经验，南开大学组织了纪念建党90周年系列活动。

纪念建党90周年是全党政治生活中的一件大事，此次南开大学举办系列活动旨在大力宣传中国共产党90年的光辉历史和基本经验，扎实推进学校创先争优活动和学习型党组织建设，激励全校师生团结奋进，开拓创新，在党的领导下加快国际知名高水平大学建设进程。

学校党委要求，各分党委、党总支要高度重视这一活动，精心组织、广泛动员，调动全体党员、师生员工参与活动的积极性、主动性，围绕主题，结合本单位实际，组织开展各种形式的纪念活动，制定本单位纪念建党90周年活动计划，并认真组织实施。

据悉，南开大学纪念建党90周年理论征文活动已于2010年9月启动，近日将截止收稿。学校党委将组织专家进行认真评选，对优秀论文和优秀组织单位予以表彰奖励。优秀获奖论文将在“南开大学纪念建党90周年理论研讨会”上交流研讨，并结集出版。此外，学校还将举行纪念建党90周年主题歌会、书画展，组织开展新党员入党宣誓暨老党员重温入党誓词活动。</body></doc>