<?xml version='1.0' encoding='utf-8'?>
<doc><id>10280</id><url>http://news.nankai.edu.cn/nkyw/system/2011/03/30/000037941.shtml</url><title>【党代会动态】学生代表建言党代会报告起草工作--南开要闻</title><datetime>2011-03-30 00:00:00</datetime><body>(记者 张丽 摄影 任永华)3月29日，第八次党代会报告起草调研座谈会在办公楼举行。校党委副书记刘景泉主持会议，并与报告起草工作组听取了学生代表的意见和建议。

经济学院2008级本科生杨刚毅在发言中说，希望学校在学生培养方面建立一个比较完整的学生评价体系，在学分系统中涵盖学生的成绩，社会实践，科技创新，思想品质等一系列可以反映学生综合素质的评价指标，从而培养出更加适应社会的人才。他还建议建立“各部门和学生定期座谈”和“学生听证会”制度，这样既有利于增强学生对学校工作的认可度和支持度，也能改进学校的工作。

生命科学学院2007级本科生杨蕊用“硬件软件两手抓，学科建设不放松，科研攻关蓄力久，人才储备待发挥”，生动地形容学校刚刚过去的五年。她说，在“十二五”开局之年学校召开党代会，对南开的发展具有重要意义。应以此为契机，进一步加强学生培养工作。要在学生中进一步加强“三观”教育，通过开设必修课或以其他教学形式让学生正确地树立世界观、人生观、价值观，以此提升学生的品格，培养为祖国发展作出贡献的志向。

信息技术科学学院2008级硕士生邢佳表示，在师资队伍建设方面，学校应坚持引进人才，和培养、使用人才并重。一方面从世界各地聘请不同层次的人才来补充学校的教师队伍；一方面要创立一个常态、完善的培养制度，来实现对青年教师、青年干部的培养，让新加入学校教师队伍的老师迅速理解南开精神，融入南开的课堂，同时又能保持自己的教学特色，不拘于一格。

商学院2010级博士生瞿皎皎对新校区规划建设提出自己的看法。她认为，新校区规划中最重要的一点是要把南开精神传承下去，让一代代南开学子铭记南开历史，弘扬南开精神。在新校区建设中，除了硬件设施尽量现代化之外，更应注重软环境的建设，增加学生在校学习和生活的便利度与舒适度。

座谈会上，马克思主义教育学院本科生何龙、博士生李宗建，伯苓学院本科生周凯强，软件学院硕士生岳勇华，外国语学院硕士生蔡婵娟，化学学院博士生王冰等，就学校发展定位、学科建设、人才培养、国际化等问题，展开了广泛的交流与研讨，并对党代会报告起草工作提出意见和建议。

刘景泉在主持会议时指出，召开第八次党代会，是南开改革发展中的一件大事。党代会将总结学校近年来取得的发展成就和主要经验，并着眼“十二五”战略机遇期和建校100周年的历史节点，明确南开大学的发展思路和特色定位。同学们围绕学校的教学、科研等方面提出了许多好的建议，我们将认真梳理，希望学生代表能够收集周围同学们的意见和建议并及时反馈给学校，使报告起草过程成为明确任务、凝聚共识、增进团结、振奋精神的过程，成为促进教学科研、管理服务等各项改革和事业发展的过程。</body></doc>