<?xml version='1.0' encoding='utf-8'?>
<doc><id>10286</id><url>http://news.nankai.edu.cn/nkyw/system/2011/03/29/000037911.shtml</url><title>南开大学行政领导班子副职换届考察-行政,领导班子,副职,换届,考察-南开要闻</title><datetime>2011-03-29 00:00:00</datetime><body>(记者 张 丽 陈 鑫 摄影 任永华)3月28日至29日，教育部人事司会同天津市委组织部、天津市委教育工委组成考察组，对南开大学行政领导班子副职换届进行考察。校党委书记薛进文、校长龚克出席了在主楼小礼堂举行的教师干部大会，薛进文主持。

考察组组长、教育部人事司副司长魏士强在会上讲话。他指出，在推荐新一届行政领导班子时应坚持德才兼备、以德为先的原则。领导班子要具有合理的结构，政治上过硬，工作能力强，带头执行党的民主集中制原则，坚持为民、务实、清廉的作风。本次考察将采取公开述职、民主测评、民主推荐和个别谈话的方式进行。希望大家本着对南开大学事业高度负责、对领导班子高度负责的精神，认真履行民主权利。

陈洪、陈永川、许京军、佟家栋、关乃佳等现任副校长先后对5年来各自分管工作的情况进行述职。

述职结束后，校领导班子成员、中层正职干部、机关副处级干部、教授代表及其他各方面代表对现任行政领导班子副职进行民主测评，对行政领导班子副职人选进行民主推荐。

会后，考察组与校领导班子成员、机关部处和学院正职、教授代表及其他各方面代表进行个别谈话，进一步听取意见。为了更广泛地征求群众意见，考察组还在办公楼设置了意见箱。</body></doc>