<?xml version='1.0' encoding='utf-8'?>
<doc><id>10282</id><url>http://news.nankai.edu.cn/nkyw/system/2011/03/30/000037935.shtml</url><title>校领导出席国家汉办汉语国际推广基地工作会议--南开要闻</title><datetime>2011-03-30 00:00:00</datetime><body>(通讯员 杨倩烨)日前，国家汉办、孔子学院总部在海南师范大学召开了汉语国际推广基地工作会议，国家汉办主任、孔子学院总干事许琳，海南省副省长李秀领出席会议并发表讲话。我校党委书记薛进文、副校长关乃佳出席会议，国际学术交流处、跨文化交流研究院负责人等陪同参加了会议。会议由国家汉办副主任马箭飞主持。

许琳总结了近年来基地工作的总体情况，并就如何进一步规范基地建设工作等进行了部署。南开大学跨文化交流研究与培训基地的建设工作获得了会议的充分肯定和高度评价。

薛进文在会上发言，指出汉语国际推广基地在取得了成绩的同时，更面临着如何可持续发展的巨大压力。南开大学历来重视跨文化交流研究与培训基地的建设工作，在基地所承担的研究与培训工作中，学校力求努力做好所承担的每一项研究培训工作。今后将继续统筹各类资源，加强跨文化交流研究与培训基地的建设。薛进文还就目前汉语国际推广基地建设中存在的规划、教材、师资等问题提出了建议。

原驻美国教育公参钱一呈等4位专家以及来自北京大学、南开大学、3个省级教育厅等全国19个汉语国际推广基地的40余名代表参加了会议，共同就汉语国际推广基地的建设工作进行了深入交流与探讨。

南开大学跨文化交流研究与培训基地成立于2009年4月，具体负责国家汉办委派的跨文化交流的研究和培训任务，现已成为国家汉办最重要的培训基地之一。自2009年7月至今，我校跨文化交流研究与培训基地累计承办汉语国际教育与传播师资人才培训11期，总计培训来自全世界50多个国家的学员1662人，培训课时数超过6000课时。</body></doc>