<?xml version='1.0' encoding='utf-8'?>
<doc><id>10281</id><url>http://news.nankai.edu.cn/mtnk/system/2011/03/30/000037938.shtml</url><title>新华社：南开大学：形势政策教育学生唱主角--媒体南开</title><datetime>2011-03-30 00:00:00</datetime><body>新华社天津3月29日电(张建新、张轶帆、平扬)纪念建党90周年之际，著名党史理论研究专家、中共中央党校教授陈雪薇被邀请到南开大学讲台。“课堂上”座无虚席，同学们聚精会神，报告结束后，不少人还就国计民生相关问题与陈雪薇展开热烈交流。诸如此种场景，南开园里从不罕见。

多年来，紧密围绕国内外形势和国家经济社会发展中的新成就新变化，结合学生关注的热点问题和思想特点，创新途径，丰富内涵，南开大学又在学生思想政治教育中谱出了“强音”。

曾几何时，高校中的思想政治课始终处于一种尴尬境地：学生不欢迎，老师没兴趣。但在南开大学率先开展的思政课改革中，每一位任课教师灵活讲解的“形势与政策教育教学要点”，成为活跃课堂氛围的重要元素。

“原本枯燥的‘过去式’理论知识，被丰富鲜活的‘现在进行时’‘将来时’时政信息取代，教师才能寓教于乐，学生们才学有所用。”“马克思主义基本原理概论”课程的主讲教师、马克思主义教育学院教授杨谦说。

读万卷书，不如行万里路。南开大学鼓励学生走出校门、走进社会，让学生在实践中接受形势政策教育。学校每年派出学生志愿服务与社会实践小分队500余支，赴全国各地开展“三下乡”实践活动，足迹遍布大江南北的社区、工矿企业、农村，亲身体会国家经济社会发展和民生民情，科教支农、教育服务、文化宣传、企业帮扶、社会调查、政策宣讲，每次实践过后，同学们都满载而归，带回锦旗、奖状无数，表扬信、感谢信无数。

让教育主题真正入脑入心，不是一件容易的事。南开大学听学生“唱主角”，潜移默化中激发他们的主动性，让形势政策教育深入人心。

“‘公能相济，德才兼备’是南开的育人目标，也是贯穿学生形势政策教育工作的主线。要让形势政策教育真正立得住、站得稳、发挥应有效果，就要充分与社会接轨，在鲜活的时事‘教材’中培养学生建设祖国的责任感与使命感。”南开大学党委副书记刘景泉说，我们要帮助学生树立的是一颗红心、一腔淑世为公的情怀和一片广阔的视野。

南开大学始终坚持将党和政府的方针政策、国家社会关注的焦点与日常思想政治教育工作紧密结合，正是这样常抓不懈又时时创新的形势政策教育，南开学子们在一系列重大事件面前，展现出昂扬的精神风貌、勇于担当的社会责任和优良的综合素质。

“冰湖英雄”陈永刚，是南开大学信息技术科学学院的一名普通硕士研究生，成功救出一位六旬落水老人后悄悄离去。他用见义勇为的行动，弘扬社会主义核心价值观念。

天津市首个研究生义务女兵，南开大学周恩来政府管理学院学生阿依古丽在携笔从戎、立志报国之际，有感而发：我之所以勇敢地追求有价值的人生目标，得益于南开精神的锻造，得益于母校给予的奉献社会的热情。

在“奥运会”“世博会”“亚运会”“达沃斯论坛”等重大赛事及活动中，不计其数的南开青年志愿者投身其中；而前不久，发布在南开大学微博上救助白血病学子的帖子更是彰显了“微力量”集结的“大爱心”，将一条无形的爱心桥梁搭起在素不相识的爱心博友之间。</body></doc>