<?xml version='1.0' encoding='utf-8'?>
<doc><id>10285</id><url>http://news.nankai.edu.cn/nkyw/system/2011/03/29/000037912.shtml</url><title>前欧盟驻华大使安高胜来校演讲-欧盟,驻华大使,安高胜,访问,演讲-南开要闻</title><datetime>2011-03-29 00:00:00</datetime><body>(记者 张 剑 摄影 任永华)随着欧元对美元的汇率连创4年新低，欧洲整体经济能否顺利复苏？欧元未来将走向何方？3月28日，一场题为“欧元的现在与未来：退却与振兴？”的演讲在南开大学省身楼举行，前欧盟驻华大使、欧盟对外事务首席顾问安高胜与南开师生共同分享欧盟问题的研究心得。

安高胜曾于2001年5月至2005年1月就任欧盟驻中国和蒙古使团大使，在其任职期间一直关注着中欧之间的法律交流及良好对话机制的建立，并提出了建立中欧法学院的设想。2005年1月至2009年7月，安高胜担任欧盟驻埃及和阿拉伯国家使团大使，2009年8月至2010年2月任欧盟外交事务理事会首席顾问。

南开大学副校长、欧洲问题研究中心主任佟家栋出席报告会，对安高胜一行的来访表示热烈欢迎。他说，安高胜大使对中欧关系、欧盟的外交安全、欧盟的经济贸易政策等问题有着广泛而深入的研究，希望常来南开讲学，在欧盟问题的相关领域开展学术合作。

安高胜表示，作为全球知名的高等学府，南开大学对欧盟问题的相关研究一直走在世界前沿，很高兴与这里的青年学子们共同探讨时政热点问题。希望双方加强交流合作，共同碰撞出智慧的火花。

讲座中，安高胜深入浅出地分析了欧元危机的起因及影响。他指出，要维持欧元的长期稳定，必须在保证采取必要财政整顿措施的同时，进行正确的结构性改革。与人民币形成良好的互动，是渡过欧元危机的必要条件之一。欧盟十分期待与中国建立更加紧密的战略合作关系。

“中国正在成为世界新的经济增长极，没有一个稳定、强大的中国，我不能想象会有一个稳定繁荣的亚洲；在维护世界和平稳定方面，我们需要一个强大稳定的中国。”安高胜说，欧洲多数国家已达到鼎盛繁荣时期，而中国是一个有广阔发展空间的国家，未来的欧洲发展进步需要中国，欧盟需要与中国建立更紧密的战略合作关系，加强、深化双边合作。</body></doc>