<?xml version='1.0' encoding='utf-8'?>
<doc><id>10283</id><url>http://news.nankai.edu.cn/nkyw/system/2011/03/30/000037934.shtml</url><title>校领导出席上海校友代表大会--南开要闻</title><datetime>2011-03-30 00:00:00</datetime><body>(通讯员 笑办)近日，校党委书记薛进文专程赴上海，出席了南开上海校友会会员代表大会暨换届大会，代表学校和校友总会致贺并讲话。

薛进文对近年来上海校友会取得的工作成绩和创新的工作机制给予高度评价，对其在凝聚上海南开人，发扬和传承南开精神，参与和支持母校建设等方面所做的努力表示感谢，希望南开上海校友会在新一届领导班子的带领下，团结上海五千南开校友，继续发挥桥梁作用，以感情为纽带，以交流为基础，以服务宗旨，通过扎实的工作，更好地服务校友发展、母校建设和上海的腾飞。

薛进文还介绍了学校近期改革和事业发展情况，尤其是津南新校区规划建设的最新进展情况。薛进文指出，经过92年的发展，学校目前的办学空间已经处于超饱和状态，成为制约南开进一步发展的重要问题。作为南开大学发展里程上重大的历史机遇，新校区的建设不仅将为学校未来发展提供充足的办学空间，而且将提供一个广阔的服务国家和地方经济社会发展的新平台。南开的发展战略、学科方向、院系布局、人才培养模式等战略举措、制度设计都将因此进行新的调整和改进。薛进文强调，新校区建设工作需要全校师生的智慧和努力，也需要广大校友一如既往的关心和支持。

最后，薛进文代表学校发出邀请，欢迎广大校友常回“家”看看。</body></doc>