<?xml version='1.0' encoding='utf-8'?>
<doc><id>10288</id><url>http://news.nankai.edu.cn/nkyw/system/2011/03/28/000037904.shtml</url><title>觉悟网推出“庆祝建党90周年主题活动”专题网页--南开要闻</title><datetime>2011-03-28 00:00:00</datetime><body>南开新闻网讯(记者 李军)近日，南开大学觉悟网推出“庆祝建党90周年主题活动”专题网页。

为隆重纪念党的90华诞，回顾总结我们党成立90年来的光辉历程和宝贵经验，按照上级和学校党委的部署，我校开展了纪念建党90周年系列活动，以此大力宣传中国共产党90年的光辉历史和基本经验，激励全校师生团结奋进，开拓创新，在党的领导下加快世界知名高水平大学建设进程。

专题网页涵盖了我校纪念建党90周年系列主题活动，如纪念建党90周年理论征文，举行纪念建党90周年理论研讨会和主题歌会、“南开周末乐坛”纪念中国共产党成立90周年文艺演出、“南开周末影坛”推出的“纪念中国共产党成立90周年影片特献季”等，并包括“党史上的今天”、“‘双百’人物中的共产党员”、“光辉历程”、“理论学习”等一系列党史教育栏目。

南开大学觉悟网作为我校思想政治教育主题网站，始终关注党和国家大政方针和国内外重要时事，曾相继推出“纪念改革开放三十周年”、“纪念中华人民共和国成立六十周年”等多个重要专题，在全校师生中产生了很好反响。

网友可以直接登录http://jw.nankai.edu.cn/90years/index.html浏览“庆祝建党90周年主题活动”专题网页相关内容，也可以登录南开大学觉悟网http://jw.nankai.edu.cn，点击右侧“南开大学庆祝建党90周年主题活动”链接访问。</body></doc>