<?xml version='1.0' encoding='utf-8'?>
<doc><id>10299</id><url>http://news.nankai.edu.cn/nkyw/system/2011/03/25/000037838.shtml</url><title>教育部发展规划司到南开大学调研-教育部,发展规划司,调研-南开要闻</title><datetime>2011-03-25 00:00:00</datetime><body>(记者 陈 鑫 摄影 陈 鑫 任永华)3月24日，教育部发展规划司直属基建处处长韩劲红一行来校，就学校“十二五”事业发展与基础建设规划进行调研。校长龚克，副校长佟家栋，校党委常委、校长助理、总会计师孙广平出席调研座谈会。学校办公室、学生工作部、研究生院、战略发展研究部、人事处、教务处、科技处、社科处、国际学术交流处、财务处、实验室设备处、房产管理处、基建规划处等相关部门负责人参加座谈。

龚克代表南开大学向调研组汇报了学校“十一五”期间在教学质量、师资队伍、学科发展、自主创新、服务社会、承担项目、国际合作、改善办学条件等方面取得的成绩，“十二五”期间的发展战略和新校区建设的有关情况，并着重介绍了学校相关学科在国家经济建设和天津滨海新区开发开放中发挥的作用。

韩劲红认真听取了汇报，并就新校区建设、人才培养、招生就业、特色专业、薪酬体系、财务管理等方面的相关情况进行了重点了解。

佟家栋、孙广平及参加调研座谈会的部门负责人分别对相关领域的发展情况进行了介绍。

座谈会后，韩劲红一行还实地调研了学校部分学院、教学楼、实验室及公共设施。</body></doc>