<?xml version='1.0' encoding='utf-8'?>
<doc><id>10297</id><url>http://news.nankai.edu.cn/nkyw/system/2011/03/25/000037842.shtml</url><title>南开大学新增“化学生物学”本科专业-化学生物学,本科专业-南开要闻</title><datetime>2011-03-25 00:00:00</datetime><body>培养“两栖”人才

南开新闻网讯(记者 平 扬)南开大学新增的“化学生物学”本科专业近日获教育部批准。该专业培养的兼有化学和生物学背景的“两栖”人才，将解未来中国生物经济发展的“燃眉之急”。

据悉，南开大学“化学生物学”本科专业主要培养适于在化学、生命科学、生物技术及医药等相关领域从事科研、科技开发、教学及管理工作的高级人才。

进入该专业的本科生，将学习如何选择生物体系中的特定对象，采用化学的理论、方法和手段，探索干预和调整疾病发生发展的途径和机理，为新药的发现提供理论依据。

据南开大学教务部门介绍，该专业学制一般为4年，修习合格授予理学学士学位。课程一大亮点是，将为学生开设“化学生物学综合实验”，分模块、分层次地实现从基础到现代的综合实验技术训练。

“化学生物学”是近年来迅猛发展的前沿学科，不仅吸引了众多科研机构、学者投身其中，也越来越受到各国政府的高度重视和支持，拥有良好发展前景。美国哈佛大学于1995年率先将其化学系改名为化学与化学生物学系；2002年的诺贝尔化学奖授予了“化学生物学”的研究者。

在不久前的国际生物经济大会上，天津有关部门也明确提出，要将生物医药产业发展为区域内最强劲的新兴主导产业。未来5年内，天津将陆续实施100项重大生物医药研发转化项目，进一步抢占该前沿产业制高点，实现产业规模500亿元。

与此学科蓬勃发展的形式和前景相对照，目前国内具有能力从事该领域研究的人才极度匮乏，后备人员严重不足。</body></doc>