<?xml version='1.0' encoding='utf-8'?>
<doc><id>10294</id><url>http://news.nankai.edu.cn/nkyw/system/2011/03/25/000037845.shtml</url><title>【创先争优】研究生创先争优活动深入推进--南开要闻</title><datetime>2011-03-25 00:00:00</datetime><body>南开新闻网讯(通讯员 魏 巍)创先争优活动启动以来，按照学校党委的部署要求，在各学院的积极配合下，党委研工部紧密结合研究生党员和党组织的特点，以强化党员意识和培养拔尖创新人才为目标，以党员骨干培训为抓手，以培育精品活动为途径，以评优奖优为载体，扎实推进研究生层面的创先争优工作。

狠抓党员骨干培训，培养创先争优活动的骨干力量。研究生党员骨干是开展创先争优活动的重要依靠力量，针对2010级新生党员骨干，开办为期一个半月的业余党校暨骨干培训班。培训班在内容设计上紧扣时事热点和中心工作，从提升学员的理论水平和工作能力两方面出发，邀请校内外的领导、专家作理论与政策方面的专题辅导报告，组织召开党建和班级建设经验交流会，参观考察爱国主义教育基地，安排学员以小组为单位开展素质拓展和实践活动等。培训班的举办，极大提升了研究生党员骨干的综合素质，增进了研究生党员骨干间的交流，为深入开展创先争优工作打下了坚实的基础。

开展党性实践活动，强化普通研究生党员的宗旨意识。组织研究生党员开展“党员挂牌服务”活动，在实验室、教学楼、图书馆、食堂、学生宿舍设立“党员挂牌服务岗”，鼓励研究生党员以专业所长积极服务广大师生，热心帮助有困难的同学。同时，各学院也结合自身特点，鼓励研究生党员走进农村、企业、社区，发挥科研优势，服务广大人民群众，以多种形式提高党员觉悟，发挥先锋模范作用。例如，信息学院2009级电子专业硕士研究生党支部成立“携手夕阳”热心服务中心，利用支部成员的专业特长为我校离退休职工提供志愿服务，使支部成员在热心服务的过程中增强党性认识。

加强基层组织建设，提升研究生党支部的凝聚力和战斗力。在全校研究生党支部范围内组织发起了支部自查整改活动，通过自查整改，支部工作的制度化和规范化水平显著提高。在理论学习方面，组织研究生党员深入学习贯彻党的十七届五中全会和全国“两会”精神，加强党的理论学习和形势政策教育。例如，化学学院着眼迎庆建党90周年，要求研究生党员学习一份重要文件、阅读一部红色经典书籍，将理论学习内化为自觉行动。由周恩来政府管理学院承办的“国策论坛”系列活动邀请知名学者分析国际国内形势，解读“两会”精神及“十二五”规划。在专业学习方面，大力倡导优良学风，加强学术道德建设，鼓励研究生党员响应“坚持学术诚信，学好科学知识，服务党和人民”的号召，坚决抵制不良学术风气，全面提升综合素质，在刻苦学习和科研中创先争优。

启动党建创新活动立项工作，培育研究生党支部精品示范活动。近期，在党委研工部的直接指导下，将启动研究生党建创新活动立项，鼓励并支持研究生党支部开展形式活泼、内容丰富的支部活动，营造迎庆中国共产党成立90周年的浓厚氛围。研究生党支部可自愿申报立项活动，经学院审核推荐、研工部审批等程序确定立项活动。立项活动将成为研究生党支部精品示范活动的培育对象，在活动组织、经费方面得到支持，并在活动开展过程中受到监督和指导，确保活动达到预期效果。

做好评优奖优工作，营造创先争优的良好氛围。为深入挖掘并大力宣传研究生党员和党组织的先进典型事迹，发挥先进典型的引领和示范作用，党委研工部正着手组织开展全校研究生先进党支部和“党员青年先锋”评比活动。针对研究生党支部，评选产生红旗党支部和先进党支部；针对研究生党员，评选产生“学术科研先锋”、“社会公益先锋”、“实践应用先锋”、“创新创业先锋”、“自强自立先锋”和“敬业模范先锋”等。为调动全体研究生党支部和研究生党员参与的积极性，评比活动设置网络投票、公开展示等环节，并将召开表彰和风采展示大会。

当前和今后一个时期，党委研工部将认真总结前一阶段活动的开展情况，把创先争优与研究生日常学习生活紧密结合，与研究生校园文化建设紧密结合，以丰富多彩的形式进一步高质量地推进研究生层面创先争优活动。

(参见《南开大学创先争优活动简报》第38期)</body></doc>