<?xml version='1.0' encoding='utf-8'?>
<doc><id>10290</id><url>http://news.nankai.edu.cn/nkyw/system/2011/03/26/000037879.shtml</url><title>南开大学滨海学院新增4个专业-滨海学院,专业-南开要闻</title><datetime>2011-03-26 00:00:00</datetime><body>南开新闻网讯(通讯员 王 玮)日前，教育部下发通知，公布了2010年度高等学校专业设置备案或审批结果。南开大学滨海学院申请的4个新增专业获得批准，分别是金融学系的金融工程专业，专业代码：020109W，学位授予门类：经济学；法政学系的应用心理学专业，专业代码：071502，学位授予门类：理学；电子科学系的通信工程专业，专业代码：080604，学位授予门类：工学；计算机科学系的数字媒体技术专业，专业代码：080628S，学位授予门类：工学。

根据教育部通知精神，此次公布的新设置专业，可从2011年开始招生。</body></doc>