<?xml version='1.0' encoding='utf-8'?>
<doc><id>10292</id><url>http://news.nankai.edu.cn/nkyw/system/2011/03/26/000037863.shtml</url><title>韩国岭南大学副校长一行访问南开-韩国,岭南大学,副校长,访问-南开要闻</title><datetime>2011-03-26 00:00:00</datetime><body>南开新闻网讯(通讯员 李 华)3月24日，韩国岭南大学副校长崔外出教授一行访问南开大学。副校长佟家栋在专家楼会见了客人一行。商学院、国际学术交流处相关负责人陪同会见。

佟家栋对崔外出一行的来访表示热烈欢迎。他向客人介绍了南开大学的历史和发展现状，重点介绍了南开大学经济、历史、化学、数学等学科发展、科研及人才方面的情况。佟家栋还表示，南开大学十分重视与岭南大学已有的合作，希望今后两校能一如既往地开展交流，拓宽合作领域。

崔外出表示，南开大学是有着悠久历史的中国知名高校，双方有着巨大合作空间。岭南大学非常愿意与南开大学在教育、科研各个层面以及其它新的领域加强合作。

访问期间，崔外出还将为南开师生举行题为“关于朴正熙总统主管举行的韩国新农村运动”的讲座。

岭南大学校自从1994年以来被韩国政府多年来连续认定为4所重点资助的综合性大学之一，是大邱庆北地区唯一的高科新技术主管大学，具有产业、学术、研究、管理一体化的协力体制，是大邱庆北地区唯一选定为“情报通信特性化事业”单位，是领先带动地域社会发展和国家发展的著名大学，也是大邱庆北地域唯一的BK21(21世纪智慧韩国计划)主管大学，连续两年评定为最优秀事业单位。</body></doc>