<?xml version='1.0' encoding='utf-8'?>
<doc><id>10298</id><url>http://news.nankai.edu.cn/nkyw/system/2011/03/25/000037839.shtml</url><title>【党代会动态】报告起草调研首场座谈会举行-第八次党代会,报告,起草,调研,座谈会-南开要闻</title><datetime>2011-03-25 00:00:00</datetime><body>(记者 张 丽 摄影报道)为起草好第八次党代会报告，学校日前启动调研工作。3月24日，首场调研座谈会在办公楼举行。校党委副书记刘景泉主持会议。

座谈会上，大家围绕今后5-10年南开大学的发展目标、思路和特色定位，在学科建设、高水平人才队伍建设、学生培养、科研创新、国际交流等方面的改革措施等问题，展开了广泛的交流与研讨，并对党代会报告起草工作提出意见和建议。

法学院党委书记夏静波、商学院党委书记赵秀清、旅游与服务学院院长白长虹认为，南开要建设成为世界一流的大学，就要有一流的学科、一流的人才。应以第八次党代会为契机，明确南开大学的战略目标，深入开展教学改革、管理体制改革，切实提高人才培养质量，促进学校科学发展。

文学院党委书记乔以钢、历史学院党委书记门莲凤、周恩来政府管理学院党委书记孙跃、日本研究院院长李卓围，绕学科和人才队伍建设方面的问题与改革方向发表了意见。她们认为，在学科建设方面要有忧患意识，通过加强人才队伍建设提升学科建设水平；既要引进人才，更要注重培养和擅于使用人才；应进一步加强对青年教师、青年干部的培养，鼓励他们进修、充电，同时培养他们的荣誉感和归属感。

哲学院院长王新生、外国语学院党委书记张亚辉、经济学院院长马君潞就学生培养等问题建言。他们认为，高校人才培养，质量是关键。要通过建设一批优秀课程等途径切实提高教学质量。同时，也应注重培养学生的综合素质，探索学生分类培养机制。

马克思主义教育学院党委书记平章起、汉语言文化学院院长王立新特别谈到了国际化战略。他们表示，应在总结已实施的国际化战略的工作经验基础上，强化与国外一流大学学科的合作。同时应与国际接轨，探索国际教育产业化模式。

刘景泉在主持会议时指出，目前党代会报告起草工作正在紧张有序进行，为充分发扬民主，集中全校师生员工的智慧，学校党委以调研座谈会等形式广泛听取师生代表的建议。感谢大家积极建言献策，我们将认真梳理同志们的意见和建议，使报告起草过程成为明确任务、凝聚共识、增进团结、振奋精神的过程，成为促进教学科研、管理服务等各项改革和事业发展的过程。</body></doc>