<?xml version='1.0' encoding='utf-8'?>
<doc><id>10295</id><url>http://news.nankai.edu.cn/nkyw/system/2011/03/25/000037844.shtml</url><title>星野昭吉受聘南开大学客座教授-星野昭吉,客座教授,周恩来政府管理学院-南开要闻</title><datetime>2011-03-25 00:00:00</datetime><body>(记者 平 扬 摄影 陈晨)3月24日，国际知名的国际政治和国际关系学者星野昭吉受聘南开大学客座教授，在范孙楼举行的仪式上，校党委常委、教务长朱光磊向他致送聘书。

朱光磊对星野昭吉表示热烈祝贺，他说，星野先生长期以来致力于国际关系研究，学识渊博，多年来，他曾多次来到南开为学子授课，广受欢迎，今天他成为南开教师中的一员，今后也必将为提升相关学科研究水平、促进我校与日本合作交流作出更多贡献。星野昭吉对受聘南开教授表示荣幸，他希望今后能为促进中日文化交流尽自己的一份努力。

南开大学全球问题研究所所长、周恩来政府管理学院教授吴志成宣读了星野昭吉的简历。周恩来政府管理学院教授韩召颖主持仪式。

星野昭吉是日本独协大学法学部教授，博士生导师，日本国际政治学会常务理事。1942年出生于日本东京，1964年东京大学教养学部国际关系专业博士毕业。主要著作有《国际政治――冲突与和平根源》、《世界政治的原理与动力》、《世界政治的变迁与权力》、《国际关系的理论与现实》、《全球化时代的世界政治――世界政治的行为主体与结构》等。

致聘仪式后，星野昭吉为同学们带来题为“东亚区域与中日美三边关系”的演讲。</body></doc>