<?xml version='1.0' encoding='utf-8'?>
<doc><id>10293</id><url>http://news.nankai.edu.cn/nkyw/system/2011/03/26/000037860.shtml</url><title>南开大学文科院长、负责人会议召开-文科-南开要闻</title><datetime>2011-03-26 00:00:00</datetime><body>南开新闻网讯(记者 平扬 摄影 任永华)3月25日，学校文科院长、负责人会议在办公楼召开。常务副校长陈洪出席会议并讲话。社科处、“211”“985”工程办公室、各相关学院负责人参加会议。 陈洪要求，各学院应及时梳理、总结重要课题的教学科研进展情况，明确近期及中长期开展学术研究的思路和计划，加强对中青年教师的鼓励与支持，找准开展工作着眼点，在具有创新性、涉及学科交叉、彰显南开特色、为社会经济发展做出重要贡献的研究领域，多下功夫，多出成果。 据悉，学校将于近日设立文科学术成果陈列室，各项筹备工作正在有序进行。</body></doc>