<?xml version='1.0' encoding='utf-8'?>
<doc><id>10291</id><url>http://news.nankai.edu.cn/nkyw/system/2011/03/26/000037876.shtml</url><title>南开大学纪念建党90周年主题教育活动启动-建党-南开要闻</title><datetime>2011-03-26 00:00:00</datetime><body>(记者 陈鑫 摄影 任永华)根据校党委要求，南开大学学生工作部组织了“学党史、铭党恩、强党性、跟党走”纪念建党90周年主题教育系列活动。3月25日，活动启动仪式在大学生活动中心举行。作为活动的重要内容之一，由经济学院承办的党史名家论坛随即开幕。论坛第一讲邀请到著名中共党史研究专家、中共中央党校教授陈雪薇做主题报告。校党委副书记刘景泉出席活动并致辞。

刘景泉对活动启动暨论坛开幕表示热烈祝贺，对陈雪薇教授的到来表示诚挚欢迎。他指出，今年是中国共产党建党90周年，这是党和国家政治生活中的一件大事，是党和全国人民的盛大节日。在此之际，学习和宣传党史，扎实推进党史教育，从党史中提取精神营养，用党史来培育当代大学生具有十分重要的意义。南开大学始终重视学生思想政治教育和思想道德建设。相信本次活动必将掀起一轮党史学习的新高潮。希望党史教育不断创新方式方法，希望同学们常读党史、认真学好党史，希望各位专家常来南开指导校园文化建设。

陈雪薇为同学们做了题为“中国共产党与中华民族的伟大复兴”的报告。她首先简要介绍了自己的治学道路和亲身经历，提出只有通过坚持学习并结合自身阅历不断思考，才能深化对党史和党的理论的认识。

陈雪薇深入分析了近代以来中国面临着两项历史性任务：民族独立、人民解放和国家繁荣富强、人民的富裕幸福。她指出农民起义和资产阶级民主革命都没能完成这两项历史任务，而中国共产党以此为己任，并做了三件大事：一是领导中国人民推翻帝国主义、封建主义、官僚资本主义，完成新民主主义革命，建立中华人民共和国；二是领导中国人民完成对农业、手工业、资本主义工商业的社会主义改造，建立社会主义制度；三是领导中国人民开辟了中国特色社会主义道路。她通过对相关史实的讲解，生动简明地为同学们概括了中国共产党90年的历史。

陈雪薇说：“周恩来总理曾将我们党的历史形象地总结为‘多灾多难，千锤百炼’。江泽民同志在总结我们党的历史时曾指出，在中国，从来没有任何一个政治组织像我们党这样集中了那么多先进分子，组织得那么严密和广泛，为中华民族作出了那么多牺牲，同人民保持着密切的联系，在前进中善于总结经验、郑重对待自己的失误，以形成并坚持正确的理论和路线。我们只有认真学习党史，才能领会这些句话的深刻内涵。”

陈雪薇强调，今后很长一段时期，中国共产党要重点着力于发展生产力和解决民生问题，实现公平和正义，使社会主义制度更加完善、成熟。在座的同学是今后建设的生力军，希望同学们为中华民族的伟大复兴而努力奋斗！

许多对党史感兴趣的同学，看到活动预告后自发来到现场。会场内座无虚席，同学们聚精会神地聆听陈雪薇的精彩讲述。报告结束后，部分同学就关心的问题与陈雪薇展开交流。

陈雪薇，女，广东中山人。1935年出生于广州，1959年毕业于华南师范大学历史系。历任华南师范大学历史系教师、政治历史系副主任，中共中央党校党史教研室、党史教研部教授、博士生导师。享受国务院政府特殊津贴。曾为中共中央政治局集体学习讲解“中国社会主义道路探索的历史考察”。</body></doc>