<?xml version='1.0' encoding='utf-8'?>
<doc><id>10296</id><url>http://news.nankai.edu.cn/nkyw/system/2011/03/25/000037843.shtml</url><title>南开大学健坤发展基金捐赠仪式举行-健坤发展基金,捐赠仪式-南开要闻</title><datetime>2011-03-25 00:00:00</datetime><body>(记者 陈 晨 摄影报道)3月24日，南开大学健坤发展基金捐赠仪式在省身楼举行。南开大学党委书记薛进文、北京健坤投资集团有限公司董事长赵伟国代表双方签署关于设立“南开大学健坤发展基金”的协议。仪式由南开大学常务副校长陈洪主持。仪式开始前，校党委书记薛进文、校长龚克分别会见了赵伟国一行。

学校办公室、校发展委员会、紫光集团有关负责同志和南开大学的师生代表出席仪式。

根据协议，北京健坤投资集团有限公司自2011年起，每年向南开大学资助100万元人民币，设立“南开大学健坤发展基金”。连续资助5年，即2011年至2015年，合计资助500万元人民币。该项基金主要用于支持南开大学开展教育教学改革、科技创新等。

薛进文代表学校对北京健坤投资集团有限公司表示感谢，并向公司颁发捐赠证书和纪念牌。他说：“南开大学的发展离不开包括赵伟国先生在内的众多友人的帮助。赵伟国先生是龚克校长的高足,作为一个企业家能够为清华大学、南开大学、天津大学等多所学府慷慨解囊使我们看到了一个学生对老师的感恩之情,这是值得我们敬佩的。我们不仅看重这份捐赠，更看重赵伟国先生对南开大学的这份情谊。通过这次捐赠使我们了解到北京健坤集团有限公司是一家有社会责任感、有文化底蕴的企业。”他表示，我们会用好、管理好这笔基金，使南开大学能为社会培养优秀的人才，创造更多的科研成果，发挥更大的作用。

赵伟国说：“南开大学是一所历史悠久、声誉卓著的高等学府，为社会培养出众多优秀的人才。作为一个企业家不仅要经营好自己的企业，还要在力所能及的情况下承担更多的社会责任。”他勉励南开学生奋发图强，通过自己的努力成就一番事业，为母校贡献一份力量，使南开的未来更加美好。

北京健坤投资集团有限公司前身是北京健坤投资管理有限公司，创立于2005年，是一家综合性投资集团，涉及的领域包括高科技、能源、环境科技、互联网、地产等等，现已拥有十余家下属企业，是一家管理着50亿资产，但又低调、进取的投资集团。城市清洁能源是健坤国际投资集团的一个重要投资领域，集团致力于打造一条完整的城市清洁能源产业链，涵盖从氢能、城市生物质废物利用到管道天然气。</body></doc>