<?xml version='1.0' encoding='utf-8'?>
<doc><id>10308</id><url>http://news.nankai.edu.cn/nkyw/system/2011/03/23/000037782.shtml</url><title>南开大学召开2011年学生工作部署会-学生工作,部署会-南开要闻</title><datetime>2011-03-23 00:00:00</datetime><body>(记者 平 扬 摄影 陈 晨)3月22日，2011年学生工作部署会召开。校党委副书记刘景泉出席会议并讲话。党委学生工作部、党委研究生工作部、校团委，及各学院学生工作负责人参加会议。

刘景泉听取了各部门关于2011年本科生、研究生教育管理工作的思路和计划，他指出，要牢固树立育人为本、德育为先的教育理念，认清新形势下面临的新任务，进一步加强对学生的形势政策教育、安全稳定教育和心理健康教育；要有效引导学生关注学校发展，积极了解新校区建设、学校党代会召开等各项重要工作，做有心的南开人；要加强辅导员队伍的自身建设，加强理论学习，并形成良好的学习氛围和长效机制。

与会同志就“贯彻落实教思政[2010]11号文件，培养高素质拔尖创新人才”、“坚持党建带团建，发挥共青团组织育人职能”、“充分利用纪念建党90周年重要契机，推进大学生主题教育”等主题，开展热烈讨论。

2011年，南开大学学生工作将紧密围绕推动学校事业科学发展的主题和全面落实教育规划纲要的主线，全面推进“创先争优”活动和纪念建党90周年主题教育活动，全力维护学生的思想稳定与校园的和谐稳定，进一步提升学生思想政治教育质量，努力促进学生的全面发展。</body></doc>