<?xml version='1.0' encoding='utf-8'?>
<doc><id>10301</id><url>http://news.nankai.edu.cn/nkyw/system/2011/03/25/000037836.shtml</url><title>南开大学承办子牙循环经济高层论坛-环境科学与工程学院,子牙,循环经济,高层论坛-南开要闻</title><datetime>2011-03-25 00:00:00</datetime><body>(记者 张轶帆 摄影 任永华)为加快中国再生资源产业技术创新战略联盟科技成果在天津子牙循环经济产业区的孵化和推广，进一步推动产学研合作，提升产业区发展内涵，3月24日，在中国再生资源产业技术创新战略联盟第一届三次理事会暨子牙循环经济高层论坛上，位于天津市静海县的子牙循环经济产业区被授予“中国再生资源产业技术创新战略联盟科技创新产业化基地”称号。

本论坛由中国再生资源产业技术创新战略联盟主办，天津子牙循环经济产业区、南开大学、天津理工大学共同承办，旨在推动我国再生资源行业“十二五”科技创新，加快联盟科技成果在子牙园区的孵化与推广，加强子牙园区在我国再生资源行业的宣传与推介。来自天津市政府、南开大学、清华大学、中国工程院等部门、高校和科研院所的专家学者及行业内的多家龙头企业代表出席会议，共同研讨再生资源产业技术创新议题。

“2011年是‘十二五’开局之年，国家将给予科技创新和再生资源产业更大支持，在当前发展循环经济、低碳经济、绿色经济的过程中，资源的综合与可再生利用始终是其中最重要的组成部分，联盟将重点推广成员企业在这一方面的优秀成果，并加强与区域的对接，在更多方面争取国家有关部门的支持，促进再生资源行业健康发展。”中国再生资源产业技术创新战略联盟秘书长王吉位表示。

天津市纪委副书记、静海县委书记孙文魁指出，天津子牙循环经济产业区是中日循环型城市合作项目，是目前中国北方最大的再生资源专业化园区，致力于发展废旧电子信息产品、报废汽车、橡塑加工、新能源和节能环保产业及废弃机电产品精深加工与再制造五大产业，致力打造循环经济发展的“子牙模式”。

南开大学副校长许京军在讲话中说，南开大学始终重视推动再生资源综合利用科技成果的研发和转化，学校“985工程”循环经济哲学社会科学创新基地已于2009年在子牙循环经济产业区成立“南开大学中国再生资源研究中心”，并先后承担了多项研究项目，希望在发展相关学科、培养高水平人才的同时，也为国家相关产业的发展贡献高校的力量。

论坛上，中国再生资源产业技术创新战略联盟理事、南开大学环境科学与工程学院教授朱坦主持了废旧有色金属、废旧机电产品再制造、废旧电子电器、废旧高分子材料等领域“十二五”产业技术创新路线图解读会及“废旧高分子材料”小组讨论会；中国再生资源产业技术创新战略联盟专家委员会委员、南开大学化学学院教授刘双喜作了题为“废轮胎热解产物的高质化研究”的报告。

据悉，本次论坛为期一天，与会代表结合废旧有色金属、废旧机电产品再制造、废旧电子电器、废旧高分子材料等领域内容展开讨论，进一步研究如何构建各领域产业技术创新链，洽谈“十二五”期间科技攻关项目的合作等。

中国再生资源产业技术创新战略联盟于2009年10月27日正式成立，目前已有再生资源行业30家龙头企事业单位加入联盟，南开大学为联盟理事单位，朱坦教授为联盟理事。该联盟的成立标志着我国再生资源科技和产业发展迈入一个新的阶段，通过对优势企业、大学、科研院所的有效组合，打造拥有自主知识产权、知名品牌和具有较强国际竞争力的、能够引领再生资源产业技术创新的平台，支撑国家核心竞争力。</body></doc>