<?xml version='1.0' encoding='utf-8'?>
<doc><id>10307</id><url>http://news.nankai.edu.cn/nkyw/system/2011/03/23/000037785.shtml</url><title>北大、南开、复旦三校举办日本研究博士论坛-论坛-南开要闻</title><datetime>2011-03-23 00:00:00</datetime><body>南开新闻网讯(记者 陈晨)近日，北京大学、南开大学、复旦大学的多名博士生云集天津，以“国际关系视野中日本的历史、现状与未来”为主题的第五届北大、南开、复旦三校博士生日本研究论坛正式开幕。来自三学府的博士生们在新闻学、社会学、经济学、政治学、管理学、法学、历史学等七个学科领域内，就当前日本研究中的重点、热点问题，进行了深入、广泛、自由的学术交流。

“三校博士生日本研究论坛”是南开大学日本研究院研究生教育创新工程的一项重要举措，由三校轮流主办。此次学术会议正值日本发生了重大地震灾害之际，许多与会博士生都为此专门修改了已提交的论文，在报告后的自由讨论中也激发出不少新观点、新办法。凸显出三校社会科学研究一直坚持的，理论联系实际，为现实问题服务的务实学风。

南开大学日本研究院博士生张博认为，日本的此次地震灾害客观上为中国经济进出口两方面都提供了商机。一方面在光伏产业、高端装备和电子产业等领域，震灾为我国提供了进口替代的机会。另一方面，继之而来的核事故也方便了我国农产品进一步打开日本市场。尤其是后者，日本东北地区所产的大米占日本总产量的35%，并且也是水产养殖、畜牧产业集聚的地区，可以预见我国肉类、水产品的出口可能会有一定幅度的增加。

北京大学经济学院博士生张越昕认为在日本震灾后我国应该着力推动出口信用保险的发展，以便在今后遇到类似灾害时，使我国外贸企业减少损失、降低出口风险。北京大学政府管理学院博士生蒋敏娟在报告中认为，我国作为一个自然灾害频发的国家，政府应该借鉴日本在这次抗震救灾中的成败得失，加强大灾应急下政府各部门的协调机制。

该论坛自2007年创办以来，已成为对日本研究方向博士生有凝聚力、对决策层有影响力、对新闻媒体有吸引力的品牌活动。本届论坛征集论文数量多、涉及的领域广、完成的质量高，在学术研讨和博士生教学两方面都产生了良好效果。</body></doc>