<?xml version='1.0' encoding='utf-8'?>
<doc><id>10306</id><url>http://news.nankai.edu.cn/nkyw/system/2011/03/23/000037793.shtml</url><title>校领导到信息技术科学学院调研--南开要闻</title><datetime>2011-03-23 00:00:00</datetime><body>(记者 张轶帆 摄影 任永华)3月22日，南开大学校长龚克、校党委副书记杨庆山、副校长许京军来到信息技术科学学院调研，学校办公室、研究生院、“211”“985”工程办公室、人事处、教务处、科技处等部门有关负责同志陪同调研。

信息技术科学学院党政领导班子、学科带头人、教师代表围绕学科建设、教学体制、学生培养、重点实验室与基地建设、师资队伍建设、与国内外同类学科的对比等方面，介绍了学院的发展历程及现存的制约学科进步的问题，并结合各自在教学、科研、管理一线岗位工作的切身感受，就信息学科在全国高校所处的地位、特色和发展瓶颈等积极发表意见、提出建议。

龚克认真听取大家的发言，不时记录、询问有关情况，并同大家一起讨论，座谈会气氛十分热烈。

龚克强调，今年是“十二五”的开局之年，学院应利用近年来国家教育大环境不断改善、天津快速发展和学校新校区建设的有利时机，认清形势，找准定位，充分学习和吸收国内外高校相关学科的先进经验；作为人数较多的大学院，在教学中要注重激发学生学习、科研的主动性和积极性，让学生肯学、爱学；要以优势学科带动其他学科，把教师队伍建设、学科建设、科研基地建设结合在一起，优化资源配置，为把我校建设成为国际知名高水平大学贡献力量。

座谈会后，龚克一行还考察了实验室等学院教学、办公场所。</body></doc>