<?xml version='1.0' encoding='utf-8'?>
<doc><id>10302</id><url>http://news.nankai.edu.cn/nkyw/system/2011/03/24/000037811.shtml</url><title>校领导到生命科学学院调研--南开要闻</title><datetime>2011-03-24 00:00:00</datetime><body>(通讯员 王兰)3月23日，南开大学校长龚克来到生命科学学院调研，学校办公室、研究生院、“211”“985”工程办公室、人事处、教务处、科技处等部门有关负责同志陪同调研。

生命科学学院党政领导班子、学科带头人、教师代表围绕师资队伍建设、学科建设、教学科研、学生培养、重点实验室建设、学术交流、平台建设等方面，介绍了学院的发展状况及现存的制约学院发展的问题。与会老师还结合各自在教学、科研、管理一线岗位工作的切身感受，就各自相关领域的现状、特色和发展中遇到的问题等积极发表意见、提出建议。

龚克认真听取大家的发言，不时记录、询问有关情况，并同大家一起讨论，座谈会气氛十分热烈。

最后，龚克强调学院要继续就如何保持和强化现在良好的发展势头下功夫，处理好“事”和“功”的关系，善于抓住具有前瞻性的问题，并找到好的方法推动学院各项事业又好又快发展；要牢记教学改革是根本，并力争将好的教学经验推广开来；要注重学科的交叉研究，促进学科繁荣发展；要狠抓学风和学术规范建设，培养踏实、严谨的人才。</body></doc>