<?xml version='1.0' encoding='utf-8'?>
<doc><id>10304</id><url>http://news.nankai.edu.cn/nkyw/system/2011/03/24/000037805.shtml</url><title>南开大学新增13个博硕学位授权一级学科-学位,授权,一级学科-南开要闻</title><datetime>2011-03-24 00:00:00</datetime><body>南开新闻网讯(记者 张 剑)记者从南开大学获悉，在日前国务院学位委员会下达的博士和硕士学位授权一级学科名单中，南开大学新增7个博士学位和6个硕士学位授权一级学科。至此，南开大学博士学位授权一级学科增至24个，硕士学位授权一级学科增至12个。

此次南开大学新增的博士学位授权一级学科分别为法学、外国语言文学、材料科学与工程、控制科学与工程、计算机科学与技术、临床医学和公共管理，新增的硕士学位授权一级学科分别为民族学、艺术学、材料科学与工程、基础医学、口腔医学和药学。

据了解，此次学位授权审核是2008年国务院学位委员会第二十五次会议审议通过《博士、硕士学位授权点审核办法改革方案》后进行的第一次学位授权点审核工作。较以往学位授权审核工作不同的是，政府主管部门仅审核一级学科的学位授予权，学位授予单位可在一级学科授权下自主设置二级学科，这将进一步扩大学位授予单位的办学自主权。</body></doc>