<?xml version='1.0' encoding='utf-8'?>
<doc><id>10303</id><url>http://news.nankai.edu.cn/nkyw/system/2011/03/24/000037810.shtml</url><title>叶嘉莹先生演讲中国旧诗之美感特质与吟诵传统--南开要闻</title><datetime>2011-03-24 00:00:00</datetime><body>(学生记者 白静 摄影 任永华)3月22日晚，南开大学综合实验楼报告厅内座无虚席。加拿大皇家学会院士、南开大学中华古典文化研究所所长、著名学者叶嘉莹先生在这里为师生演讲中国旧诗之美感特质与吟诵传统。国家汉办2011志愿者培训营全体学员、南开师生及慕名前来听讲的校外人士参加了此次讲座。

南开大学常务副校长、文学院院长陈洪教授主持讲座。他指出，叶嘉莹教授为古诗研究、教学作出了突出的贡献。叶嘉莹先生谦虚地说：“我只是一个古典诗词的爱好者，我的幸运就在于我出生在一个传统的中国家庭，祖父和父亲对诗词很是钟爱，这种坏境培养了我对古诗词的爱好。”

演讲中，叶嘉莹先生介绍了古诗吟诵的魅力。她说：“吟诵是只有中国人才有的，美国日本也存在朗诵，但由于语言文字的差别，其远不能达到中国独体单音节的美。”她还引用挚虞的《文章流别论》中的有关论述，又以“数”字为例，依据其音的变化，讲述词性及其意义发生的变化。

叶嘉莹先生说，中国的诗歌的特点就是言志为主，古书云“诗言志，歌咏言”“诗者，志之所之也，在心为志，发言为声。”她现场吟诵了杜甫《绝句》(迟日江山丽)等多篇古诗文，展示了古诗吟诵的魅力，并鼓励师生们对古诗文进行传统形式的吟诵。

此外，叶嘉莹先生还简要介绍了诗经六义“风、雅、颂、赋、比、兴”的创作传统。最后，以程滨老师模仿文怀沙先生的《诗经•王风•黍离》吟诵结束了整场讲座。</body></doc>