<?xml version='1.0' encoding='utf-8'?>
<doc><id>10305</id><url>http://news.nankai.edu.cn/nkyw/system/2011/03/24/000037801.shtml</url><title>校领导到文学院调研--南开要闻</title><datetime>2011-03-24 00:00:00</datetime><body>(记者 张轶帆 摄影 任永华)3月23日，南开大学校长龚克，常务副校长陈洪到文学院调研，学校办公室、研究生院、研工部、“211”“985”工程办公室、人事处、教务处、社科处等部门有关负责人陪同调研。文学院党政领导班子、学科带头人、教师代表参加调研座谈会。

回顾历史，总结成绩，畅谈问题，提出建议……文学院负责人、学科带头人联系学院与学科实际畅所欲言，坦陈己见。龚克认真倾听，不时插话参与讨论，同大家交换看法，现场气氛十分融洽。

在认真听取大家的发言后，龚克在总结讲话中对文学院中文、传播、艺术等学科所取得的成绩给予了充分肯定。他指出，在当前的社会转型期，文学院应主动适应社会发展，在教授知识的同时也在培养学生的综合素质上下功夫，发挥学科特色，为“德、智、体、美”四育并举做出贡献。

龚克强调，希望文学院全体教职工立足现有资源条件，开动脑筋，克服困难，千方百计破解问题，制订严格的学术规范，求精求强，突出特色，寻找引进文科优秀人才的有效途径，提升南开文科在中国教育界的地位和影响；探索与高科技手段相结合的跨学科研究方法，在新媒体课题上有所建树，争取推出一批具有前瞻性、创新性、有影响力的学术成果，在同领域内起到引领和示范作用。

座谈会前，龚克一行还考察了文学院的图书资料中心、文学实验教学中心、中华古典文化研究所等教学、办公场所，并观看了文学院制作的介绍学院发展概况的短片。</body></doc>