<?xml version='1.0' encoding='utf-8'?>
<doc><id>10312</id><url>http://news.nankai.edu.cn/nkyw/system/2011/03/21/000037728.shtml</url><title>南开大学商学院党委获天津市高校党建工作示范单位荣誉称号--南开要闻</title><datetime>2011-03-21 00:00:00</datetime><body>南开新闻网讯(记者 张丽)日前，市委组织部、市委教育工委下发《关于表彰第一批天津市高校党建工作示范单位和先进单位的决定》，南开大学商学院党委获天津市高校党建工作示范单位荣誉称号。

为鼓励先进，充分发挥先进典型的引领示范作用，进一步激发高校各级党组织的生机与活力，市委组织部、市委教育工委决定，授予10个高校基层党组织天津市高校党建工作示范单位荣誉称号，授予8个高校基层党组织天津市高校党建工作先进单位荣誉称号。

此次表彰的高校党建工作示范单位和先进单位，是全市高校各级党组织的优秀代表，他们在推进科教兴市、人才强市战略和办好人民满意大学中，充分发挥了党组织的政治核心作用、战斗堡垒作用和共产党员的先锋模范作用，为推进和谐校园建设作出了突出贡献。

市委组织部、市委教育工委要求，全市高校各级党组织要向受到表彰的高校党建工作示范单位和先进单位学习，受到表彰的高校党建工作示范单位和先进单位要珍惜荣誉，戒骄戒躁，再接再厉，不断取得更大的成绩。全市高校各级党组织要紧密结合本校实际，认真学习贯彻党的十七届五中全会和市委九届八次、九次全会精神，认真学习贯彻全国和全市教育工作会议精神，落实好全市“十二五”规划和教育改革发展规划纲要的各项工作部署，实现“十二五”开局高起步。要按照全国高校党建工作会议要求，严格执行普通高等学校基层组织工作条例，扎实推进创先争优活动，不断健全党组织的组织领导体系，完善基层党建工作的运行机制，丰富党员发挥作用的平台载体，为推进天津高等教育事业内涵发展特色发展跨越发展提供坚强的组织保证和强大动力。

近年来，在学校党委的正确领导下，商学院党委坚持“围绕中心抓党建、抓好党建促发展”的总体要求，以务实创新的精神，切实加强和改进学院党的建设，以党的先进性建设促推学院科学发展。加强思想政治建设，提升领导班子的办学治院能力，学院党政班子成员政治上坚定、业务上优秀、作风上过硬、广大师生认可；创新基层党组织设置形式和活动方式，强化基层组织作用，以“创最佳党日活动”为载体，引领广大师生党员成为学院发展的先锋；贯彻民主集中制，以制度建设带动学院管理水平上台阶，保障学院持续协调发展；将党建工作与提升教学科研水平、加强师德学风建设和服务社会相结合，在学科建设、科学研究和人才培养等方面创造了突出的业绩；深入开展党群共建，努力营造“严谨、创新、团队、责任”的学院文化，为师生员工办实事、创实惠。师生员工对学习生活环境和事业发展前景普遍满意，党群干群关系融洽，党组织的向心力和领导班子的威信进一步增强，学院各项事业和谐发展。学院党委被评为“南开大学先进党组织”，学院被授予天津市“十五”立功先进集体称号，学院工会也荣获天津市“模范职工小家”称号。</body></doc>