<?xml version='1.0' encoding='utf-8'?>
<doc><id>10314</id><url>http://news.nankai.edu.cn/nkyw/system/2011/03/21/000037707.shtml</url><title>南开大学新增特色专业 培养“未来”人才-特色专业,教务处-南开要闻</title><datetime>2011-03-21 00:00:00</datetime><body>南开新闻网讯(记者 平 扬)为助力与未来环境和人类生活相关的一些重要战略性新兴产业，我校“微电子学”和“资源循环科学与工程”两专业，名列教育部日前公布的“第七批高等学校特色专业建设点名单”。至此，南开大学已收获18个专业成为特色专业建设点。

建设高等学校特色专业是优化专业结构，提高人才培养质量，办出专业特色的重要措施。项目承担学校和项目负责人的任务是，按照两部有关加强“质量工程”本科特色专业建设的要求，紧密结合国家、地方经济社会发展需要，改革人才培养方案、强化实践教学、优化课程体系、加强教师队伍和教材建设，切实为同类型高校相关专业和本校的专业建设与改革起到示范带动作用。

本次特色专业建设点评审是针对与未来环境和人类生活相关的一些重要战略性新兴产业，旨在加大战略性新兴产业人才培养力度，支持和鼓励有条件的高等学校从本科教育入手，加速教学内容、课程体系、教学方法和管理体制与运行机制的改革和创新，积极培养战略性新兴产业相关专业的人才，满足国家战略性新兴产业发展对高素质人才的迫切需求。此次全国高校共有78个专业点，每个建设点将获得20万元的项目资助经费。

以集成电路设计、制造与应用为代表的“微电子学”是现代发展最迅速的高科技应用性学科之一，该专业主要是培养掌握集成电路、微电子系统的设计、制造工艺和设计软件系统，能在微电子及相关领域从事科研、教学、工程技术及技术管理等工作的高级专门人才。

“资源循环科学与工程”为新兴交叉学科专业，主要教授学生循环经济与产业生态学，能源与低碳技术，资源-能源管理，环境经济等相关知识，涉及环境科学、经济、管理等诸多学科，培养学生的研究、管理和技术应用能力。</body></doc>