<?xml version='1.0' encoding='utf-8'?>
<doc><id>10319</id><url>http://news.nankai.edu.cn/nkyw/system/2011/03/20/000037690.shtml</url><title>南开大学自主选拔录取复试举行-自主-南开要闻</title><datetime>2011-03-20 00:00:00</datetime><body>南开新闻网讯(记者 张丽)3月19日，由南开大学、北京大学等13所高校共同举办的2011年综合性大学自主选拔录取联合考试复试于上午8时开考，300余名考生齐聚南开大学，与专家考官面对面。

考官、考生“混搭” 确保公正公平

记者在南开大学自主选拔录取复试现场看到，在每个考场中设有3名考官。考生被分成5人一组，每组进入一个考场，回答考官的问题，面试时间为20―30分钟。

南开大学学生工作部副部长、招生办公室主任赵桂敏介绍，为了确保考试的公正公平，无论是考官，还是考生，都是随机安排的。考官由来自学校不同学院的教授担任，考试当天早上才被告知在哪个考场。考生的面试顺序则是由抽签决定。

“考生要面对哪些考官，考官要面试哪些考生，在面试前一刻才能最终确定，从而最大限度地杜绝作弊行为。”赵桂敏说。

专业、考题“混搭” 考查综合素质

今年，南开大学自主选拔录取复试打破了以往文、理科考生分别面试的形式，首次进行“混搭”面试。不仅考生文理不分家，每个考场的考官也是文理专业搭配。

“‘诗仙’、‘诗圣’各是谁的别称”、“谈谈对‘光’的认识”、“东方的‘天人合一’思想与西方的人与自然对立的思想，你更支持哪一种”。像这样的文、理、哲三类问题，经常同时出现在一场考试中。

此外，诸如日本大地震、天安门广场竖立孔子像等时事热点问题，也成为考题类型之一。更有“高考制度的优缺点是什么”、“你如何看待自主招生考试”等教育领域的问题要求考生作答。

来自福建的考生小肖表示，考题类型十分多样，是对自己综合素质的一种考查。

赵桂敏说：“南开大学自主选拔录取复试考题涉及的内容广泛，但绝不追求考题的偏、难、怪。让每一位考生在作答时展现出自己平时的知识积累和综合素质，才是考查的重点。”

除了考题外，复试的形式也令考生耳目一新。“我们一组5个人同时面对考官的问题，谁先想出答案就可以先说，对我们的反应能力也提出了要求。”来自石家庄的考生小郝在走出考场后说。让她印象深刻的还有一件事，“当考官让我们谈谈自己最喜欢的一本书时，我们组的一位考生说是《货币战争》，紧接着考官又从这本书说开问了一个经济方面的问题，而这个问题不止面向那位考生，也面向我们每一个人。这种形式更像是一种交流讨论。”

考场内外尽显规范化、人性化

为了保证考试规范有序地进行，南开大学不仅安排了考生引导员，负责组织考生有序出入考场，而且在每个考场还安排了面试秘书，负责控制面试时间等工作。记者看到，考场秩序井然。

每年，不管是高考，还是自主选拔录取考试，考场外都会站满焦急等待的考生家长。因此，南开大学特别为考生家长开辟了一间休息室，使家长能够更加安心舒适地等待孩子。

此次联考共有13所综合性高校加盟，分别为北京大学(含医学部)、北京航空航天大学、北京师范大学、南开大学、复旦大学、厦门大学、山东大学、武汉大学、华中科技大学、中山大学、四川大学、兰州大学、香港大学(以国家院校代码为序)。联考考生将在各省、市、自治区考点就近参加考试，免于旅途奔波。各高校将视各自标准依照报考学生成绩进行甄选，考生根据报考学校要求自行选择考试科目。

据悉，全国有4500余人参加2011年南开大学自主选拔录取考试，400余人获得复试资格。除100余名成绩特别优秀的考生免复试直接获得南开大学自主选拔录取资格外，300余名考生参加了此次复试。

南开大学将根据考生综合成绩(文化课考试*80%+面试成绩*20%)分省排名，分省确定人选，经学校确认的自主选拔录取人选将由学生所在中学张榜公布，省级招生办公室在本省相关媒体公示，南开大学也将通过本科生招生信息网公示，并报送教育部相关网站公示。</body></doc>