<?xml version='1.0' encoding='utf-8'?>
<doc><id>10311</id><url>http://news.nankai.edu.cn/nkyw/system/2011/03/22/000037740.shtml</url><title>南开文化周末2011年上半年精彩延续-文化-南开要闻</title><datetime>2011-03-22 00:00:00</datetime><body>南开新闻网讯(记者 高杨 学生记者 葛婧瑜 摄影 高杨)“太精彩了！他们不论从演奏技法还是音乐感觉，都是名副其实的大师水准”，演出结束后很多师生久久不愿离去，有的索要签名合影，有的和工作人员热情交谈。这就是学校党委宣传部主办的品牌文化栏目“南开文化周末”本学期为广大师生奉献的首场演出――“南开周末乐坛‘丹麦西兰岛弦乐四重奏音乐会’”。

3月18日晚，300名南开师生沉浸在音乐的海洋，四位丹麦哥本哈根爱乐乐团的演奏家用悠扬的铺开了“南开周末乐坛”的新春乐章，这也是他们2011年中国巡演的首场。

第一小提琴手安妮•索•伊万以一句中文的“大家好”拉开了演出的序幕，在简要的介绍后，演奏家们先后献上了莫扎特的《D小调弦乐四重奏》和莫里斯•拉威尔的《F大调弦乐四重奏》。小提琴的轻快高亢，中提琴的圆润饱满和大提琴的低沉悠长在演奏家的节奏中交织变幻，更是通过重奏展现了提琴家族美丽纯粹的整体音色。演出在德沃夏克的《F大调弦乐四重奏》中进入尾声。热情奔放的曲调，开朗不失细腻，令观众如痴如醉。

演出结束后，西兰岛弦乐四重奏在全场的掌声和欢呼声中向观众致谢，随后又返场演奏了中国民乐《兰花花》。熟悉的曲调通过西洋乐器演奏出来，民族与世界的融合带给观众别样的感受，将全场再次推向高潮。

一直以来“南开周末乐坛”、“南开周末影坛”、“南开周末文苑(电子杂志)”组成的南开园内的品牌文化栏目“南开文化周末”，不断丰富着全校师生的周末文化生活。本学期，为进一步推动校园文化建设，丰富繁荣师生校园文化生活，党委宣传部协调有关部门一道，充分利用“南开文化周末”这一校园文化品牌，倡导南开师生在周末“读一篇好文章、看一部好电影、欣赏一场高水平音乐会”，精心打造属于南开人自己的文化周末。

2011年上半年，为隆重纪念中国共产党成立90周年，“南开周末乐坛”将为广大师生奉献包括“‘两万里风鹏正举九十载星耀中华’红色话剧公演”以及“纪念建党90周年红歌会”等文艺演出，充分运用各种文艺形式，歌颂中国共产党由小到大，由弱变强，领导中国人民冲破重重难关，夺取了革命和建设一个又一个胜利的宏伟诗篇。

“南开周末影坛”也将于2011年4月开始推出“纪念中国共产党成立90周年影片特献季”。展映包括《建党伟业》、《建国大业》、《开天辟地》、《八月一日》等经典主题影片，使全校师生进一步了解中国共产党在旧中国危难之际和新中国建设时期起到的艰苦奋斗。

“南开周末文苑”也将推出主题系列电子杂志，热情赞颂中国共产党不断地从胜利走向胜利的伟大历史。

经过多年的默默耕耘，高品质文化生活正在悄然走近更多南开师生，为更多人所接受和认可。据介绍，今后学校将一如既往地为广大师生服务、以丰富南开人的周末文化生活为己任，同广大师生共同为打造品质文化周末、品位文化生活而不懈努力。

为使广大师生更便捷的了解“南开文化周末”相关信息，主办方在南开新闻网、南开觉悟网和南开大学“我爱南开bbs―南开之声版面”设置专栏，刊登演出预告以及精彩图片、视频等。</body></doc>