<?xml version='1.0' encoding='utf-8'?>
<doc><id>10317</id><url>http://news.nankai.edu.cn/nkyw/system/2011/03/20/000037693.shtml</url><title>南开建立学生课外理论学习“朋辈辅导员”制度-理论-南开要闻</title><datetime>2011-03-20 00:00:00</datetime><body>南开新闻网讯(通讯员 赵甘)3月20日，南开大学团委在学生活动中心举行致聘仪式，来自马克思主义教育学院和周恩来政府管理学院的5位博士研究生受聘成为学生课外理论学习的首批朋辈辅导员。校团委书记张宁宁出席仪式并为5名博士颁发聘书。《红旗谱》青年读书会代表、各理论社团学生代表、各理论学习小组代表参加致聘仪式。

张宁宁在讲话中说，朋辈辅导员制度既能充分发挥博士研究生在专业研究上的优势，又能利用博士研究生与本科生、硕士研究生之间年龄差距较小、沟通相对容易的特点，能够有力地促进我校学生课外理论学习的发展与进步。希望各位朋辈辅导员尽心尽力、尽职尽责，为学生理论社团和理论学习小组的发展与进步贡献自己的力量。

朋辈辅导员代表、周恩来政府管理学院2010级博士研究生张翔在发言中表示，能够被聘任为学生课外理论学习的朋辈辅导员，既是一种莫大的荣幸，也是一份厚实的责任。与学生理论社团和理论学习小组的沟通交流，既能帮助开拓相关博士论文的研究视野，又能积极参与我校学生课外理论学习的建设工作。今后将努力做好相关指导工作，为我校学生课外理论学习事业添砖加瓦。

学生理论社团代表、周恩来政府管理学院2009级本科生仲丹丹表示，博士研究生的专业知识能够帮助课外理论学习者进一步加强理论底蕴的培养，同时博士师兄们的时间相对专业教师和辅导员来讲较为充裕，可以经常性地同他们座谈交流，真正达到“朋辈”指导的效果。

2002年以来，特别是在第六届高校学生课外理论学习社团研讨会以来，在学校党委的正确领导下，学校团委在巩固夯实学生课外理论学习四项制度(理论学习专题立项制度、理论活动专项经费制度、理论学习百人中心组制度和学生课外理论学习专业导师制度)的基础之上，探索建立了学生课外理论学习朋辈辅导员制度。该项制度的核心是“1055”计划，即每年聘请至少10位博士研究生为朋辈辅导员，并为我校学生理论社团、理论学习小组举行至少5场讲座、指导至少5篇理论学习专题论文。

据悉，聘请成为学生课外理论学习朋辈辅导员的博士研究生经自愿报名与组织推荐相结合的方式产生，其研究方向应与我校学生课外理论学习的专题紧密结合。每位博士研究生的聘期原则上为一年，在聘期末将综合学生评价结果和个人意愿决定是否续聘。</body></doc>