<?xml version='1.0' encoding='utf-8'?>
<doc><id>10313</id><url>http://news.nankai.edu.cn/nkyw/system/2011/03/21/000037708.shtml</url><title>“创业教育教学基本要求”专家论证会举行-创业教育-南开要闻</title><datetime>2011-03-21 00:00:00</datetime><body>南开新闻网讯(通讯员 陈立新)3月17日，为进一步落实“教育部关于大力推进高等学校创新创业教育和大学生自主创业工作的意见”等文件精神，更好地推动高校创业教育工作的开展，由教育部高教司主办，南开大学创业管理中心、南开大学MBA中心承办的“高等学校创业教育教学基本要求”专家论证会在南开大学举办。教育部高教司财经政法处处长吴燕、专家组成员、系统开展创业教育的国内高校创业学院院长、实践界专家近30人参加了论证会。

会议期间，校党委常委、教务长朱光磊会见了与会代表，教务处处长沈亚平、创业教育指导委员会委员张玉利陪同会见。

本次会议紧紧围绕规划中国普通“高校创业教育教学的基本要求”这一根本任务，在精心调研、广泛听取意见的基础上，以头脑风暴的形式，对当前中国社会对高校开展创业教育的迫切需求、时代意义，以及创业教学的基本原则和目标、教学主体和客体、教学内容、教学方法和形式，以及教学效果评估等重要问题，进行了充分科学的论证，并取得了广泛共识。

3月18日上午，张玉利主持了高校创业教育经验交流会，来自温州大学、中央财经大学、黑龙江大学的代表系统介绍了开展创业教育的实践、经验、取得的效果和面临的问题，受到与会专家和学者的热烈欢迎。南开大学教育部重大攻关课题“大学生就业创业教育研究”课题组将对国内系统开展创业教育的高校开展深入的案例挖掘。

据悉，“高校创业教育教学的基本要求”专家论证会下一次会议将于4月初在黑龙江大学举行。</body></doc>