<?xml version='1.0' encoding='utf-8'?>
<doc><id>10310</id><url>http://news.nankai.edu.cn/nkyw/system/2011/03/22/000037766.shtml</url><title>新校区总体规划与建筑设计方案汇报会举行-新校区,总体规划与建筑设计,方案,汇报会-南开要闻</title><datetime>2011-03-22 00:00:00</datetime><body>(记者 陈 鑫 摄影 任永华)3月21日，南开大学举行新校区总体规划与建筑设计方案汇报会。新校区规划建设领导小组组长、党委书记薛进文，新校区规划建设领导小组组长、校长龚克出席会议并讲话。新校区规划建设领导小组副组长、副校长佟家栋主持会议。新校区规划建设领导小组成员：常务副校长陈洪，党委副书记杨庆山、刘景泉，纪委书记张式琪，副校长许京军、关乃佳，党委常委、教务长朱光磊，党委常委、校长助理、总会计师孙广平，校长助理冼国明出席会议。

天津市城市规划设计研究院副院长黄晶涛，南开大学艺术设计系教授薛义、李军作为咨询专家出席会议。

新校区规划建设领导小组、工作小组成员与学校相关职能部门负责人听取了设计单位对总体规划第七版修改方案及图书馆、体育馆和各组团建筑设计方案的汇报。

薛进文向参与设计的同济大学设计院、清华大学设计院、天津市规划院的相关建筑设计师表示感谢。他指出，新的设计方案比以往有了进一步的改进。在此基础上，希望设计单位在整体布局方面充分考虑北方地区的气候特点，在建筑设计方面优先考虑实用性同时注意美观，在道路与公共设施方面要便于师生的使用。

龚克希望与会各部门、专家从不同角度充分发表意见，促进设计方案进一步完善。在综合了现场提出的意见后，他指出，新校区设计建设要继承南开重视实用的传统。他从新校区整体风格、道路建设、建筑形态、采光等方面提出建议。他表示，新校区要建设成为亲和、开放的校园。

会上，新校区规划建设领导小组、工作小组成员与学校相关职能部门负责人及咨询专家各抒己见，就设计方案提出意见和建议。

其后，新校区规划建设领导小组会议和设计院与职能部门讨论会议分别进行。</body></doc>