<?xml version='1.0' encoding='utf-8'?>
<doc><id>10318</id><url>http://news.nankai.edu.cn/nkyw/system/2011/03/19/000037684.shtml</url><title>国家教育行政学院第一期吉林大学处级干部高级研修班来南开调研-吉林大学-南开要闻</title><datetime>2011-03-19 00:00:00</datetime><body>南开新闻网讯(记者 张轶帆 摄影报道)3月19日，由吉林大学校长助理、农学部部长韩文瑜带队的国家教育行政学院第一期吉林大学处级干部高级研修班考察团一行24人来南开大学调研。常务副校长陈洪出席在办公楼举行的调研座谈会，学校办公室、组织部、宣传部、人事处、教务处、“211”“985”工程办公室、文学院、物理学院、马克思主义教育学院有关负责人参加座谈。

陈洪代表学校向考察团一行表示热烈欢迎，并简要介绍了南开的历史沿革、学科特色和未来的发展计划等。他说，今年是“十二五”的开局之年，“十二五”规划纲要已经发布，两校都面临着新的发展机遇与挑战，如何在新的形势下为国家培养出更多更好的优秀人才，探索各具特色的发展之路，需要兄弟高校间共同沟通与探讨。南开大学与吉林大学多年来联系紧密，希望今后加强互访，共谋发展。

韩文瑜代表考察团对南开大学的热情接待表示感谢。他表示，南开大学是一所文化底蕴深厚、学科门类齐全的著名高等学府，不仅教学科研在国内处于领先水平，管理工作也十分优秀。此次调研希望能够学习南开校院两级管理工作中鲜活的经验、规范的制度和创新的方法，推动吉林大学相关工作迈上新的台阶。

会上，双方对口单位就管理体制改革、绩效考核和激励机制、专业与学科建设、师资队伍建设等问题进行了深入交流。

座谈会前，考察团一行还参观了南开大学校园，对南开优美的校园环境和深厚的历史积淀给予了高度评价。

吉林大学坐落于吉林省省会长春市，是教育部直属的一所全国重点综合性大学，1995年首批通过国家教委“211工程”审批，2001年被列入“985工程”国家重点建设的大学之一，2000年6月12日由原吉林大学、吉林工业大学、白求恩医科大学、长春科技大学、长春邮电学院合并组建而成。</body></doc>