<?xml version='1.0' encoding='utf-8'?>
<doc><id>10315</id><url>http://news.nankai.edu.cn/nkyw/system/2011/03/21/000037704.shtml</url><title>南开大学新学期党课开班-党课-南开要闻</title><datetime>2011-03-21 00:00:00</datetime><body>南开新闻网讯(记者 刘慕鑫 学生记者 张润哲 刘南飞 摄影 任永华)3月20日，南开大学新学期党课开班典礼在迎水道校区礼堂举行，来自各学院的近1200名学生参加了典礼。校党委副书记刘景泉教授出席，并为同学们做了《中国改革开放三十年》的专题讲座。

刘景泉结合当下热点事件和话题，介绍了中国改革开放的背景以及30年来在社会发展、经济建设等方面取得的成就。他说，改革开放30多年来的实践证明，正是在中国特色社会主义伟大旗帜的指引下，中国共产党带领全党和全国人民坚持走中国特色社会主义道路，坚持中国特色社会主义理论体系，在新中国成立后取得成就的基础上，推动党和国家各项事业取得了举世瞩目的新的伟大成就，生动展现了中国特色社会主义的伟大力量，使社会主义中国巍然屹立在世界东方。

刘景泉强调，大学生的思想政治素质，直接关系到党和国家的前途命运。希望同学们多读书、读好书，提高自己的综合素质，树立崇高的理想与信念，珍惜年华，刻苦学习，为实现理想而奋斗。

组织部部长张景荫做动员报告，他要求学员必须端正入党动机，在思想上确立入党为公、勇于奉献的观念，在行动上自觉按照党员的标准严格要求自己，在各方面成为群众的表率。

据悉，本学期党课共九讲，授课内容既有党的性质、宗旨等基础理论知识，也有当前国内外形势等热点问题和大学生自身发展问题。此外，通过讨论、实践和观影等多种学习形式，旨在更好地开展党课教育，使学生取得更大的收获。</body></doc>