<?xml version='1.0' encoding='utf-8'?>
<doc><id>10327</id><url>http://news.nankai.edu.cn/nkyw/system/2011/03/17/000037631.shtml</url><title>【创先争优】机关党委扎实推进创先争优活动公开承诺--南开要闻</title><datetime>2011-03-17 00:00:00</datetime><body>南开新闻网讯(通讯员 苏明辉)公开承诺是创先争优活动的一个重要环节，是调动基层党组织和党员履职尽责创先进、立足岗位争优秀的积极性，拓宽党内监督和群众监督渠道，强化党员党性意识、责任意识和服务意识的有效载体。机关党委十分重视做好这项基础性工作。早在2010年秋季学期初的工作布置会上，机关党委就提早动手，要求各党支部在学习实践科学发展观活动分析检查的基础上，着手酝酿公开承诺事项。2010年11月初，机关党委召开创先争优活动推动会，对各支部完成《公开承诺书》的情况进行了小结。学校党委批转校创先争优活动领导小组《关于做好创先争优活动公开承诺的通知》后，机关党委根据文件精神，印发补充通知，进一步明确了党支部和党员公开承诺的基本原则、总体要求和具体安排，要求党支部补充、修订已经形成的公开承诺，党员按照有关要求完成个人公开承诺。此后，党支部和党员又根据机关党委全会和支部党员大会的讨论意见，对支部公开承诺和党员公开承诺进行了再次修改和完善。

由于动手早、酝酿充分、经过几轮讨论和修改，机关党委各党支部的公开承诺普遍质量较高，主要体现出以下三个特点：

一是突出特色工作。各支部在完成规定动作的基础上，结合本支部、本部门的工作实际，认真完成好自选动作，充分体现了业务特色。如人事处党支部承诺加大对青年教师的引进与培养力度，规范人才引进程序，扩大引进人才的学科范围，选派更多优秀教师到国外一流大学或一流专业进行培训或交流。财务处党支部针对近来经常出现的报账排长队的状况，承诺推出“投递式报账”方式，缩短等候时间，提高工作效率。教务处党支部承诺制定“本科教学质量年实施计划”，并继续推进以“学生全面参与学校教学管理工作”为主要特色的支部共建活动。研究生院党支部承诺推进研究生全英语教学课程建设，做好校学位评定委员会学位审核电子化工作等。

二是注重建章立制。各支部以公开承诺为契机，完善各项规章制度，探索新的工作机制，使承诺的过程真正成为建立健全长效机制的过程。如离退休处在职党支部承诺建立支部联络员制度，由每位工作人员负责联络一到两个离退休支部，便于及时联系、沟通、协调和服务。纪委、机关党委党支部承诺推进招投标管理体制改革，起草《南开大学招标采购监督暂行办法》，进一步规范招标采购工作。组织部承诺对学校现行组织干部工作文件进行梳理，编辑《南开大学组织干部工作文件汇编》。宣传部党支部承诺完善“青年沙龙”活动制度，定期开展读书心得交流和工作务虚研讨等。

三是强调具体可行。各支部的承诺事项既体现了先进性要求，又具有针对性，做到内容具体、措施可行、指标量化、便于监督。如保卫处党支部承诺校内政审只要符合规定、手续完备、材料齐全，将在一个工作日内办结。办公室党支部承诺主动到部门和基层院系走访调研20次以上，深入了解情况、沟通信息、听取意见和建议。校工会党支部承诺适当增加强制性、诱导性、监督性的体育锻炼，提高青年教工身体素质。交流处党支部承诺每年组织1-2次留学生“了解中国，体验天津”的参观活动，增进他们对天津的了解，激发他们的爱校情怀等。

此外，机关全体党员也结合个人思想实际、工作岗位和发展目标，对照优秀共产党员“五带头”标准，查找自身差距和不足，就具体改进计划做出了承诺。

目前，机关党委及下属各支部的《公开承诺书》已在机关党委网站上集中公布，党员的《公开承诺书》也由各党支部以适当方式进行了公布。下一步，机关党委将根据学校党委统一部署，重点做好“践行承诺”阶段的有关工作，采取多种有效措施，加强对承诺践行情况的指导、督促和检查，确保承诺事项保质、保量、按期兑现。

(参见《南开大学创先争优活动简报》第37期)</body></doc>