<?xml version='1.0' encoding='utf-8'?>
<doc><id>10320</id><url>http://news.nankai.edu.cn/nkyw/system/2011/03/19/000037688.shtml</url><title>南开大学2011年博士生入学考试举行-博士生-南开要闻</title><datetime>2011-03-19 00:00:00</datetime><body>南开新闻网讯(记者 张丽 摄影 任永华)3月19日至20日，南开大学2011年博士生入学考试举行。校长龚克，副校长、研究生院院长佟家栋与研究生院相关负责同志巡视了考场。

龚克一行认真检查了各考场的考试试卷、学生答题情况和考场秩序，并对工作在考试管理第一线的监考教师表示亲切问候。

据介绍，今年共有2665名考生报考南开大学博士研究生，其中理工类有687人，文科类有1112人，经管类有866人。

本次考试共设62个考场。记者在现场看到，各位考生认真答题，考场秩序井然。</body></doc>