<?xml version='1.0' encoding='utf-8'?>
<doc><id>10326</id><url>http://news.nankai.edu.cn/nkyw/system/2011/03/17/000037637.shtml</url><title>校领导到环境科学与工程学院调研--南开要闻</title><datetime>2011-03-17 00:00:00</datetime><body>(记者 张轶帆 摄影报道)3月16日，南开大学校长龚克，校党委常委、教务长朱光磊到环境科学与工程学院调研，学校办公室、学工部、研工部、“211”“985”工程办公室、人事处、教务处、科技处等部门有关负责同志陪同调研。

龚克指出，环境科学与工程学科应紧跟时代发展，抓住当前生态文明建设这个重要机遇，顺应可持续发展潮流，充分挖掘、整合现有资源，进一步提升质量与内涵，建设国际知名的高水平师资队伍，在学科发展上走出一条独具特色的新路。

龚克强调，高校以育人为本，要将学生成长作为一切工作的出发点和落脚点，培养出全面发展的高素质人才；根据学科特点，环科学院师生有大量课程需在实验室中完成，要特别注意实验室管理和安全教育；希望在全球后工业化转型的过程中，南开的环境学科能够走在全国前列，成为国际一流的人才培养基地和科学研究基地。

环境科学与工程学院党政领导班子、学科带头人、教师代表参加了调研活动，学院负责人从学科建设、教学体制、学生培养、重点实验室与基地建设、师资队伍建设、与国内外同类学科的对比等方面介绍了环境学科的发展历程及现存的制约学科进步的问题。学科带头人和教师代表结合各自在教学、科研一线工作的切身感受，交流了环境学科在全国高校所处的地位、特色和发展瓶颈问题，并就如何进一步提升教学科研水平、提升学科的地位等建言献策。</body></doc>