<?xml version='1.0' encoding='utf-8'?>
<doc><id>10328</id><url>http://news.nankai.edu.cn/nkyw/system/2011/03/16/000037617.shtml</url><title>马蔚华：我的第一志愿是南开-马蔚华,招商银行-南开要闻</title><datetime>2011-03-16 00:00:00</datetime><body>南开新闻网 学生记者 聂际慈 摄影 任永华

古语云“穷则思变”，今朝亦然。变革即是转型。中国银行家里提到转型最频繁的，大概就是马蔚华。3月15日，招商银行行长、南开大学MBA兼职导师马蔚华走进南开，在商学院一楼报告厅作了题为“中国银行业转型――背景、动因与策略”的主题演讲。

“我的第一志愿是南开”

讲座伊始，马蔚华便与听众分享了自己的“南开缘”。“南开对我一直是一个崇敬的心结”。马蔚华表示：他高考的第一志愿即是南开大学，后因为种种原因未能成行。当2005年从校长手中接过MBA兼职导师聘书以后，他便深深地为能在这所成立于1929年的商学院任职感到自豪。

马蔚华认为自己“南开缘”的另一方面在于对南开文化的认同。南开的“公能”校训与招商银行“一路创新”的宗旨异曲同工，都在于以创新推动前进，以前进促进创新。

“没有中国参加的国际会议是美中不足的”

马蔚华指出，21世纪已过去的头10年，是激荡的10年，以中国为代表的“金砖四国”占据后发优势，银行业实现跨越式发展：10年间银行业国民生产总值由15万亿元增长到94万亿元，年涨幅近20%；银行业利润由180亿元上升至八千亿元，年涨幅达到40%。英国《银行家》杂志2010年度全球千家大银行排名，中国有80余家入选，而2002年度只有15家。中国银行业已经成为国际金融业举足轻重的力量。在大的国际金融会议上，要专门为中国银行界配中文同声传译。“没有中国参加的国际会议是美中不足的。”马蔚华说。

“传统发展模式难以为继”

在看到10年间中国银行业取得跨越式发展的同时，马蔚华指出不能盲目乐观。他说，当前中国银行界仍存在发展模式传统，成本消耗大，对中小企业重视不足等问题。这成为了中国银行界进一步发展的限制性因素，而传统发展模式面对国内外金融新秩序已难以为继。

马蔚华认为，银行发展的决定性因素在于需求、环境与约束。2010年G20汉城峰会得出关于《新资本协议》的国际共识后，中国银监会也表示将进行更审慎的监管。这表明一个通过经济快速增长来促进银行业快速发展的时代已一去不复返。今后“利率市场化”是大势所趋但难以预测，所以发展更看银行实力。

“惟有葵花向人心”

提及招商银行从一开始名不见经传到今日全国第六大银行的成功运作，马蔚华表示这与招行的“转型”文化息息相关。“惟有葵花向人心”。马蔚华将银行比作葵花，时刻朝向客户，并选择合适合作伙伴。21世纪初，马蔚华谢绝了美国花旗银行的合作请求，选择了中国台湾地区银行合作。

“招商银行的文化即是转型的文化”，在同业者偏好于大客户批发业务时，他即将眼光投向中小企业零售业务并着手。从同质发展向差异性发展，并积极开拓年青人市场。

马蔚华内涵丰富的讲座引起了在场听众的思考，并在演讲结束后与马蔚华积极问答互动。

马蔚华为招商银行股份有限公司执行董事、行长兼首席执行官，经济学博士，兼任招商信诺人寿保险有限公司董事长、招商基金管理有限公司董事长、香港永隆银行有限公司董事长及招商局集团公司董事，2005年受聘为南开大学MBA兼职导师。</body></doc>