<?xml version='1.0' encoding='utf-8'?>
<doc><id>10324</id><url>http://news.nankai.edu.cn/nkyw/system/2011/03/18/000037660.shtml</url><title>美前国防部长科恩：美国接受中国崛起现实-美,前国防部长,科恩-南开要闻</title><datetime>2011-03-18 00:00:00</datetime><body>南开新闻网记者 张 剑 摄影 任永华

“上大学的时候，我最热爱的运动是篮球，当时我的梦想是成为篮球明星”。3月17日上午，美国前国防部长、南开大学客座教授威廉・科恩来到南开大学演讲“中美关系”。他围绕自己经历展开的讲座，一下子拉近了与青年学子之间的距离。

“在我的成长过程中，对我影响最大的书是托夫勒的《未来的冲击》(Future Shock)，其中讲到在社会的剧变下，新兴事物不断撞击人类的认知能力，多样化的选择不断搅乱人类的判断能力。这些变动刺激导致了新的疾病――未来的冲击。”威廉・科恩说。

“我们如何应对‘未来的冲击’？答案在你们的手中，”威廉・科恩充满深意地说，“中美关系、经济全球化……这些问题的答案统统都在你们手中。因为你们，就是世界的明天。”

美国需接受中国崛起现实

1978年，刚刚当上美国参议员的科恩成为中美正式建交后第一批访华人员。科恩说，他从下榻的北京饭店走到天安门广场途中，给他留下最深印象的是中国人对他穿的皮鞋很好奇：“他们紧紧地盯着我的鞋看，很感兴趣。”

在30多年前的中国，一双皮鞋已经算是奢侈品。30多年后，中国的鞋业产量稳居世界第一，各种鞋类产品占全球总产量的三分之二。

“我记得当时北京的大街上没有什么汽车，人们不是骑自行车就是步行，多数人穿着素色的中山装，”科恩回忆说，“而今天早晨，我乘坐了京津高速铁路，只看了几页报纸就到达了目的地，那种风驰电掣的感觉就好象中国这几十年的发展速度。”

科恩说：“事实上，没有任何一个国家在更短的时间内成就过中国所完成的如此大的改变。接受中国崛起，逐渐习惯与中国和平共处，是美国需要面对的新现实。”

各国需共同面对全球化问题

在这个美国前参议员、前国防部长看来，美国该如何与蒸蒸日上的中国相处？科恩指出，在中国不断壮大的同时，其他国家将变得更加害怕，大家都对中国在做什么而感兴趣。

在他看来，中美关系的停滞不前主要是因为缺乏信任。“比如在1997年，我曾提议在五角大楼和中国国防部之间建立我们所说的‘热线’。但这个过程用了10年，当然，这也是进步。”

“我曾在《华尔街日报》上撰文列出了影响世界一系列问题的清单。除非中国参与，否则这些问题无法解决。”科恩说。

“日本正在发生的地震，引发了核污染等一系列全球问题，这更加表明，无论是气候变化、国际恐怖主义，还是经济危机，中国的参与对于解决这些问题都是不可或缺的。没有任何一个国家能够主宰这些问题，大家都是相互关联的，需要多边方式来解决。

美国需要更好地了解中国

“我认为更多美国议员需要去中国，更多中国的代表也需要到美国和其他国家。”科恩指出，中美之间需要更加深入的了解和沟通。

“我们需要更好地了解中国的情况。事实上，中国是一个有很多人口的大国，有丰富的历史和知识资源。所以美国必须明白，你们将是一个重要的国家。我们明白并接受这一点。现在的问题是：我们能否以一种各自认可的方式，在维护自身利益的情况下和平相处？”

科恩认为，各国的领导人应该看到世界舞台上的每一个角色，能够理解一个国家采取的行动，能够做到既对本国人民有益又不负面地影响到他国。

“我想，过去‘零和游戏’的时代已经一去不返了。美国在很长时间里从中获益，但现在世界已经变了，有其他的国家也将登上国际竞技场。我们需要适应这一现实，在推行我们的政策时考虑到其他国家的共同利益，以便我们都能和平共处，也让世界经济繁荣发展。”科恩指出。</body></doc>