<?xml version='1.0' encoding='utf-8'?>
<doc><id>10322</id><url>http://news.nankai.edu.cn/nkyw/system/2011/03/18/000037679.shtml</url><title>学校召开领导班子民主生活会-领导班子,民主生活会-南开要闻</title><datetime>2011-03-18 00:00:00</datetime><body>南开新闻网讯(通讯员 邢志杰)3月17日下午，学校在办公楼召开领导班子民主生活会。中组部、教育部有关领导应邀出席会议。民主生活会由校党委书记薛进文主持。

会上，薛进文首先汇报了本次民主生活会的前期准备情况。他指出，本次会议党委周密准备，召开了不同层面的座谈会，广泛听取意见和建议，并把意见反馈给班子成员。班子成员高度重视，认真准备，并对照有关意见查找问题。他强调，在过去的一年里，在全校师生员工的支持和努力下，班子成员精诚团结、勇挑重担，本着对南开负责的态度，兢兢业业，以解放思想、创新改革为动力，以提高质量、特色发展为重点，努力提升学校的综合实力和核心竞争力，推动各项改革和事业发展取得了明显成效，得到了师生的认可。

校长龚克提出，建设好学校领导班子要处理好几个关系，班子建设要重点抓好思想建设。2011年对南开是一个重要的历史机遇期，发展的关键在改革，领导班子必须齐心协力、同心同德、迎难而上，调动全校师生员工的积极性，共创南开的美好未来。

校领导成员分别结合自身工作，重点就存在的问题和不足开展了批评与自我批评，对影响和制约学校发展的问题进行了分析，表示要牢牢抓住“十二五”开局之年的大好机遇，抓住建设创新国家的机遇，抓住天津市和教育部共同建设南开大学新校区的历史机遇，带领全校师生解放思想，创新工作，加快学校建设国际知名高水平大学的步伐。

中组部、教育部领导对民主生活会给予高度评价，认为民主生活会准备充分，气氛好、质量高，达到了预期效果。班子成员之间能够充分开展交心、谈心活动，互相帮助，互相支持，以对学校、对教职工、对学生的高度责任感认真剖析个人和学校发展中存在的问题，认识深刻。衷心希望南开大学领导班子在今后的工作中，坚持民主集中制和党委领导下的校长负责制，继续一心一意谋发展，抓住机遇，解放思想，真抓实干，早日把南开大学建设成为国际知名高水平大学。</body></doc>