<?xml version='1.0' encoding='utf-8'?>
<doc><id>10323</id><url>http://news.nankai.edu.cn/nkyw/system/2011/03/18/000037677.shtml</url><title>学校发出通知开展第八次党代会报告起草调研工作-第八次党代会,调研-南开要闻</title><datetime>2011-03-18 00:00:00</datetime><body>南开新闻网讯(记者 张 丽)日前，南开大学发出通知，开展学校第八次党代会报告起草调研工作。

通知中说，根据学校工作安排，经报上级有关部门批准，学校拟于今年9月下旬召开第八次党代会。目前，党代会筹备工作正在紧张有序进行。为认真做好党代会报告起草工作，使报告起草过程成为明确任务、凝聚共识、增进团结、振奋精神的过程，成为促进教学科研、管理服务等各项改革和事业发展的过程，经学校党委同意，拟于3月21日起，开展党代会报告起草调研工作。调研内容主要包括“如何正确认识当前及未来5-10年南开大学发展面临的形势与任务”、“未来5-10年南开大学应如何明确发展思路和特色定位”、“在学科建设、高水平人才队伍建设、学生培养、科研创新、国际交流、服务社会、后勤保障和新校区规划建设等方面，南开大学应实施哪些重大改革措施或战略举措”等方面。

通知中说，为充分发扬民主，集中全校师生员工的智慧，学校将邀请学院代表，机关、直属单位和后勤部门代表，教代会工会代表，学生党员代表，离退休老同志代表等通过召开座谈会的方式进行集中调研。师生员工亦可通过信件、电子邮箱、电话等方式将意见建议反馈至党代会宣传工作组。</body></doc>