<?xml version='1.0' encoding='utf-8'?>
<doc><id>10325</id><url>http://news.nankai.edu.cn/nkyw/system/2011/03/18/000037659.shtml</url><title>美国前国防部长科恩重返南开演讲中美关系-美国,科恩,演讲,中美关系-南开要闻</title><datetime>2011-03-18 00:00:00</datetime><body>南开新闻网讯(记者 张 剑 摄影 任永华)3月17日，南开大学客座教授、美国前国防部长威廉・科恩，在时隔两年之后重返南开演讲，为青年学子解析“中美关系”这一时政热点。这位享誉全球的政治家和社会活动家相信，世界的明天掌握在年轻人的手中。

走进南开大学与青年学子交流，已经成了身为科恩集团董事长兼首席执行官的威廉・科恩，每年到中国洽谈业务时必不可少的重要行程。上午不到9点，南开大学省身楼二楼报告厅内已挤满了等待聆听讲座的南开学生，连走廊都站满了听众。

南开大学校长龚克在讲座之前会见了威廉・科恩一行，对他的到来表示热烈欢迎。龚克表示，科恩教授曾在美国从政三十多年，在外交和国际事务领域有着丰富的经验和独到的见解，希望科恩教授常来南开讲学，继续关注和支持南开大学的发展与国际化进程，将双方友好关系提升到一个新水平。

威廉・科恩表示，南开大学是世界知名的高等学府，身为这所学校的教授，自己十分愿意与青年学子探讨社会热点、分享人生经历，为全球培养精英人才。同时也希望进一步加强双方的交流合作，共同为学校的发展作出贡献。

威廉・科恩的演讲主题是“中美关系”。他对讲台下的青年学生说：“看到你们，就像看到了世界的明天。中美关系、经济全球化……这些问题的答案统统都在你们手中。”

他送给学子们3个关键词：塑造(shape)、应对(respond)和准备(prepare)。“未来的世界由你们来塑造，与此同时，你们也需要积极地应对自然灾害等突发性问题的出现。当然，更重要的是，要为明天的一切做好准备。”威廉・科恩说。

在与学生交流时，威廉・科恩说，天津具有良好的经济、社会环境和雄厚的教育、科研实力，是自己投资与合作的最佳选择之一。尽管行程安排十分紧张，他仍然坚持要安排到南开大学与青年学者和大学生进行交流，因为“中国经济崛起的势头不可逆转，我希望与这些将掌握中国经济未来的青年人分享自己的信息和观点。”

威廉・科恩是享誉美国乃至世界的政治家和社会活动家，在美国政府从政30多年，在外交和国际事务领域的表现尤为引人注目。他还长期从事领导学研究，著有四十余部领导学和市场营销著作，被誉为“比任何人都懂得造就伟大领导者秘密”的人。退出政坛后，威廉・科恩开始涉足商界，于2001年成立了科恩集团，致力于中美两国经贸关系的发展和文化交流。他曾多次到南开大学访问、讲学，为南开的建设和发展提出宝贵建议和意见。2009年3月受聘南开大学客座教授。</body></doc>