<?xml version='1.0' encoding='utf-8'?>
<doc><id>10334</id><url>http://news.nankai.edu.cn/nkyw/system/2011/03/16/000037599.shtml</url><title>2011年劳模、五一劳动奖章评选活动展开--南开要闻</title><datetime>2011-03-16 00:00:00</datetime><body>(记者 张轶帆 摄影报道)3月15日，学校在工会会议室召开新学期教代会、工会工作会议，进行天津市劳动模范、五一劳动奖章(奖状)首轮评选推荐工作。校党委副书记、教代会工会主席刘景泉主持会议，学校两委委员参加会议。

会上，“大学文科数学”课程组、生物实验教学示范中心、经济学院国际经济与贸易系负责人作为先进集体代表分别进行了事迹介绍，与会人员认真阅读了先进个人推荐人选材料。之后，两委委员对先进集体及先进个人进行了投票推荐选举。

据了解，今年全校共有市级劳模名额5个，集体名额1个。经各学院、各单位按照程序进行民主推荐，全校共有16个单位申报参评，其中13名个人，3个集体。首轮评选推荐结果将于主席办公会议后上报学校评模领导小组，经校党委批准并公示，上报市教育工会。

教代会、工会有关负责人还就南开大学教代会工会2011年工作要点和本学期工作安排作出说明。

按照上级工会和学校党委精神，2011年南开大学教代会、工会工作的总体要求是：深入学习贯彻党的十七大和十七届三中、四中、五中全会和中国工会十五大精神，以邓小平理论和“三个代表”重要思想为指导，全面贯彻落实科学发展观，坚持校党委和上级工会的领导，坚持依靠广大教职工，坚持围绕学校的根本任务和中心工作，充分发挥两会优势，全面履行各项职责，激发广大教职工创造活力，主动依法科学维护教职工合法权益，着力推进学校民主政治建设、师德建设和二级教代会、基层工会建设，努力维护教职工队伍和校园和谐，努力开创南开各项改革和事业发展的新局面，为实现“十二五”规划建功立业，以优异成绩迎接建党90周年。</body></doc>