<?xml version='1.0' encoding='utf-8'?>
<doc><id>10336</id><url>http://news.nankai.edu.cn/nkyw/system/2011/03/14/000037536.shtml</url><title>我校全国政协委员完成大会任务返津--南开要闻</title><datetime>2011-03-14 00:00:00</datetime><body>南开新闻网讯(通讯员 周萍萍 摄影 陈晨)出席全国政协十一届四次会议的天津委员圆满完成大会的各项任务，昨天下午返回天津。市领导在市政协俱乐部迎接了各位委员。

我校全国政协委员陈永川、高玉葆、乐国安和侯欣一随团返津。学校组织部部长张景荫专程前往迎接了委员，对委员们在大会期间建言履职、参政议政表示衷心的感谢。委员们表示回到学校一定深入贯彻落实全国“两会”精神，为推动学校建设发展作出新的更大贡献。

据悉，2011年全国“两会”期间，我校代表委员认真履行职责，在会议期间提交了多项有影响的提案建议，收到多方媒体的广泛关注。</body></doc>