<?xml version='1.0' encoding='utf-8'?>
<doc><id>10331</id><url>http://news.nankai.edu.cn/nkyw/system/2011/03/16/000037610.shtml</url><title>南开大学蝉联“全国高校百佳网站”称号-网站,南开新闻网,百佳-南开要闻</title><datetime>2011-03-16 00:00:00</datetime><body>(记者 平 扬)日前，教育部思政司揭晓了第四届“全国高校百佳网站”评选结果。南开新闻网( http://news.nankai.edu.cn/ )荣膺“全国高校百佳网站”，这是我校第三次蝉联该项荣誉。南开大学主页、觉悟网及“我爱南开”BBS也曾多次获得“全国高校百佳网站”荣誉称号。此外，南开新闻网编辑韩诚当选“优秀网络编辑”。

第四届“全国高校百佳网站”评选活动自2010年5月启动，旨在进一步繁荣校园网络文化，构建积极健康的校园网络环境，推动新时期网络思想政治教育深入开展。此次评选经过网络投票、专家评审和公示，共评出100个“全国高校百佳网站”奖、“最佳思政创新”等12个单项最佳奖、5个“学习实践科学发展观活动优秀专题网站特别奖”、100个“优秀网络编辑”奖，“全国高校最佳网站”奖空缺。此外，天津市教卫工委、教委等10个省级教育主管部门获得组织奖，87名学生获得优秀学生评委奖。

根据教育部要求，各获奖网站将进一步加强建设和管理，完善子网站和优势栏目，坚持校园网正确舆论导向，丰富内容，创新形式，提升网站整体水平，不断增强网站吸引力和影响力。</body></doc>