<?xml version='1.0' encoding='utf-8'?>
<doc><id>10335</id><url>http://news.nankai.edu.cn/nkyw/system/2011/03/16/000037594.shtml</url><title>关于我校专业技术职务评聘工作的几个问题--南开要闻</title><datetime>2011-03-16 00:00:00</datetime><body>南开新闻网讯(记者 南新)2010年度全校专业技术职务评聘工作已于近日启动。针对本次评聘工作中的新政策和教职员工提出的问题，学校新闻中心记者采访了人事处相关负责人。

记者：请问晋升中的“三次申报机会”具体指什么？

答：“三次申报机会”是指各系列专业技术人员(教师系列、其他专业技术系列和教育管理研究系列)晋升高一级职务的申报次数规定。根据相关文件精神，专业技术人员凡申报晋升高一级职务，任现职以来至多有3次申报晋升同一级职务的机会，3次申报未成功者将不得再次提出晋升申请。申报次数自2010年度全校专业技术职务评聘工作起计算。

记者：晋升评审中的“代表作”制度有什么具体要求？

答：“代表作”制度是我校专业技术评审质量和水平得到不断提升的重要制度保证之一，每位申请人须提出代表自己学术水平的成果(3篇论文或2篇论文1部著作)，并结合其学术成果的系统性、学术水平和创新点等方面，作为“教授会议”和同行专家评审的主要内容接受审议。

记者：晋升评审中同行专家评审的环节有什么新变化？

答：根据我校《关于〈南开大学专业技术职务评聘工作暂行办法〉中相关问题的补充规定》(南发字〔2010〕37号)文件的相关规定，本年度的专业技术职务评审中，经学科教师职务评审分委员会和各其他系列专业技术职务评审分委员会评审推荐的教师系列和其他专业技术系列晋升高级职务候选人，其代表作由人事处统一组织同行专家匿名评审，申请者本人不得参与送审工作，且送审过程必须对申请人严格保密。

教师系列申请晋升正高级职务必须由5名校外同行专家进行评审，申请晋升副高级职务必须由3名校外同行专家进行评审。若申请人代表作经同行专家评审后有2名及2名以上专家持否定意见，其晋升申请即被取消。

记者：学校相关文件中规定，要求教师系列的晋升候选人须在本学科顶尖学术刊物上发表高水平文章，“顶尖学术刊物”如何界定？

答：为不断提升学术质量，培育学术精品，扩大学术影响，从而进一步提升我校教师队伍的整体质量和水平，我校的专业技术职务评聘工作中，在不断强化“代表作”制度和同行专家评审制度的基础上，特别强调对候选人学术成果“质量”的考察和要求，要求候选人必须在本学科的顶尖学术刊物上以通讯作者或第一作者发表高水平研究学术论文。

“顶尖学术刊物”的范围应由本学科学术委员会本着坚持学术质量和水平的从严原则进行界定和把握，同时学校组织同行专家评审时，要求同一学科内的校外同行专家对候选人学术成果的质量及其所发表刊物是否属于“顶尖学术刊物”做出明确的评价和判断。</body></doc>