<?xml version='1.0' encoding='utf-8'?>
<doc><id>10337</id><url>http://news.nankai.edu.cn/nkyw/system/2011/03/14/000037534.shtml</url><title>南开教授获2010年度“中国化学会青年化学奖”-化学奖-南开要闻</title><datetime>2011-03-14 00:00:00</datetime><body>南开新闻网讯(记者 陈鑫)日前，经中国化学会青年化学奖评审委员会审议、遴选，南开大学化学学院教授孔德明等十位青年学者获得了2010年度“中国化学会青年化学奖”。 据悉，今年获奖学者分别来自南开大学、北京大学、清华大学、复旦大学、中国科学院等高校及研究机构。近十年来，南开大学有6位青年教师获得这一奖项。 中国化学会青年化学奖设立于1983年。目的是培养化学科技人才，鼓励我国广大青年投身于我国的化学科学事业，促进我国的化学事业高水平的发展。该奖项表彰在基础化学、应用化学和化学教育领域做出突出贡献的35周岁以下的青年化学工作者。在以往的获奖者中，很多优秀人才已成为学科带头人并在本岗位和专业中取得优异成绩。</body></doc>