<?xml version='1.0' encoding='utf-8'?>
<doc><id>10330</id><url>http://news.nankai.edu.cn/nkyw/system/2011/03/16/000037609.shtml</url><title>招商银行行长马蔚华一行访问南开大学--南开要闻</title><datetime>2011-03-16 00:00:00</datetime><body>(记者 陈鑫 摄影 任永华)3月15日，招商银行行长、我校MBA兼职导师马蔚华博士，招商银行总行零售业务总监刘建军，天津分行行长宋刚等招商银行高层管理人员访问南开大学。校长龚克、常务副校长陈洪会见，学校办公室、研究生院、商学院负责人参加会见。

龚克对马蔚华一行来访表示欢迎。他在了解了国内外银行业的最新发展情况后表示，学校相关专业应根据行业现状与发展趋势，相应改进教学，办具有前瞻性、拥有特色的学科。同时希望南开大学与招商银行能够加强校企合作，相互促进，共同发展。

马蔚华说：“自受聘为南开大学MBA兼职导师，我多次到南开与学生交流，同学们思想活跃，并提出了许多有见地的建议。银行业新的发展需要相关学科以及人才方面的支持。欢迎南开师生到深圳做客。”

随后，马蔚华一行来到商学院与师生见面。马蔚华作了题为“中国银行业转型：背景、动因与策略”的学术演讲，并回答了学生们提出的问题。

招商银行成立于1987年4月8日，是中国第一家完全由企业法人持股的股份制商业银行，总行设在深圳。马蔚华1949年6月出生于辽宁锦州，1982年吉林大学经济系本科毕业，1986年获吉林大学经济学硕士学位，1999年获西南财经大学经济学博士学位，美国南加州大学荣誉博士，高级经济师，现任招商银行董事、行长，中国金融学会常务理事，中国企业家协会副会长等。2005年受聘为南开大学MBA兼职导师。</body></doc>