<?xml version='1.0' encoding='utf-8'?>
<doc><id>10339</id><url>http://news.nankai.edu.cn/nkyw/system/2011/03/13/000037511.shtml</url><title>【关注】45位访日南开师生目前基本安全-师生校友-南开要闻</title><datetime>2011-03-13 00:00:00</datetime><body>(记者 丁峰)日本大地震灾情发生后，牵动着南开全体师生的心。记者了解到，从11日下午国际学术交流处已经开始给在日学习交流的师生以电子邮件等方式一一发信确认安全。

据国际学术交流处派出科介绍，目前我校有3位教师在日本东京长期进修，其中1位已经回国。正在东京大学短期访问的2位教师也向学校报平安。赴日留学生有14名，分布在东京、京都、札幌和金泽4个城市，均不在受灾地区，目前所有学生均回复安全。

另据人事处和相关部门介绍，我校还有24名由国家留学基金委派赴日本攻读学位的学生和3位由其他途径赴日访问的学者，有关方面也正在积极联系。3位老师确认安全，24位学生所在城市均不在灾区。目前，大部分同学已经回信确认安全。</body></doc>