<?xml version='1.0' encoding='utf-8'?>
<doc><id>10338</id><url>http://news.nankai.edu.cn/nkyw/system/2011/03/13/000037515.shtml</url><title>【两会南开之声】侯欣一：科学合理的法律制度有利于提升公民道德-两会,南开,侯欣一,法制建设,公民道德-南开要闻</title><datetime>2011-03-13 00:00:00</datetime><body>思想保证、精神动力、智力支持――

代表委员纵论精神文明建设

传统美德要从娃娃抓起

【政府工作报告摘要】

加强公民道德建设,在全社会树立中国特色社会主义的共同理想和信念,加快构建传承中华传统美德、符合社会主义精神文明要求、适应社会主义市场经济的道德和行为规范。

中国社科院研究员何星亮委员:

崇尚道德的社会才和谐。加强道德建设,第一要借鉴中国传统中以人为中心的治国理念。第二要继承和弘扬中华民族传统美德。第三要加强中小学传统道德和价值教育。第四，文艺作品应该贯穿中华文明的优秀道德、价值和理念。第五要加强制度建设,形成“制度化自律”，这是提高中国人文明素质的重要一环。

南开大学法学院副院长侯欣一委员:

法律制度对提升公民道德特别有效,因为它是通过权利义务的设定来确保社会公德的有效运转。同时由于法律制度的相对稳定性,又使得人们在社会生活中把遵守社会公德作为一种秩序。法制建设中,一方面要促进科学、合理的制度形成；另一方面也要防止不科学不合理的制度成为公德建设的障碍。

民革江西省主委陈清华委员:

学生诵读经典作品,能从中积累和培养民族精神、伦理道德和审美情趣。我建议国家将国学教育纳入中小学教育中长期规划,在全国实行国学教育。全国各中小学校因地制宜,全面开设国学课程。发挥学校教育的主渠道作用,各中小学校建立和完善学校德育网络。

中国社科院图书馆副馆长张树华委员:

当前中小学生的思想道德教育过于干瘪枯燥。我们应该改变“灌输式”的教导,学会“讲故事”,用鲜活的事例引导孩子,教会孩子正确思考,树立积极的人生观和价值观。此外,公民的思想道德教育也应有层次性和针对性,尊重差异、因势利导,提高道德建设的有效性。

安徽大学副校长吴春梅委员:

自古以来,传统美德始终是中华民族赖以生存和发展的道德根基和精神支柱。对于传统道德,我们要吸取其精华、批判其糟粕,在市场经济条件下赋予其新的时代精神。

青岛市政协主席孙德汉委员:

加强公民道德建设,要注重强化国家意识。一要加强理论研究,二要从根子上培养教育，三要强化宪法的意识。应把国家意识教育作为一项重要国策提出来,作为国民教育内容的重要组成部分,进课本、进课堂,从娃娃抓起。

(本报记者肖国忠、柳霞、曲一琳、户华为、赵达采访整理)</body></doc>