<?xml version='1.0' encoding='utf-8'?>
<doc><id>10333</id><url>http://news.nankai.edu.cn/nkyw/system/2011/03/16/000037602.shtml</url><title>滨海新区科委主任来南开洽谈合作--南开要闻</title><datetime>2011-03-16 00:00:00</datetime><body>(通讯员 张玮光 吴伟华)3月14日下午，南开大学副校长许京军热情接待了应邀来访的天津滨海新区科委主任黄亚楼一行。我校科技处、现代应用技术研究院组织理工科各院主管科研负责人及专家教授40余人与来访客人进行了交流，研讨主题为服务滨海新区、推进南开大学与滨海新区进一步的科技合作。

许京军指出，南开大学将紧紧依托研究型大学的创新优势和雄厚的科研实力，积极发展面向滨海新区支柱产业的现代技术学科，发挥科技创新的引擎效应，更好地为滨海新区开发开放提供技术支撑，同时努力扩大科技合作的范围与深度，加快科研成果转化。

会上，黄亚楼介绍了滨海新区整体经济、产业状况，强调了科技对滨海新区经济建设和社会发展的重要性，他的介绍引起与会者的兴趣和共鸣。

会后，黄亚楼一行参观了我校高效储能教育部工程研究中心和薄膜光电子技术教育部工程研究中心。</body></doc>