<?xml version='1.0' encoding='utf-8'?>
<doc><id>10349</id><url>http://news.nankai.edu.cn/zhxw/system/2011/03/11/000037461.shtml</url><title>【两会南开之声】侯欣一建议官民恳谈成制度-两会,侯欣一,南开之声-综合新闻</title><datetime>2011-03-11 00:00:00</datetime><body>“与其暗中重视、表面回避，不如公开正视”

中国青年报・中青在线讯(记者 张 国)全国政协委员、南开大学法学院副院长侯欣一建议，建立各级政府与民众恳谈会制度。他说，这将有助于政府体察民情、科学决策、疏导民怨。他说：“事实上我国每年所发生的不少群体性事件是各级政府重视不够、遮掩的结果。”

在提案中，侯欣一说，目前我国正处于社会转型的关键时期，各种社会问题和利益冲突层出不穷，公民参与政治的热情也日益高涨，沟通和利益表达极为迫切和必要。但由于种种原因，目前还有相当一部分公民、特别是弱势群体的利益表达渠道不尽畅通，有序参与政治的诉求还没法充分满足。目前社会各阶层之间的隔阂较深，利益日益多元，矛盾也不可避免。

侯欣一认为，尽管一些地方实行的“领导接待日”和“市长热线”等有助于官民沟通，但这些方式还都存在一些问题，如渠道不畅通、沟通不够、走过场、不透明等。

他建议，各级政府每半年与民众恳谈一次，而且时间上要有明确规定，原则上不要轻易变动。恳谈的议题要事先公开。参加恳谈的领导应是本地区政府最高领导，民众则通过自愿报名、按照报名先后顺序依次确定，但要求参加者必须对恳谈的问题事先有所准备，而且要照顾社会各界。恳谈的过程要透明，只要不涉及保密问题均应公开。

侯欣一说，尽管党和政府做了大量工作，毕竟还有许多事关民众生活的问题一时无法解决，通过恳谈会让政府与民众直接对话、沟通、解释，明了各自的利益诉求，以便取得谅解，化解对立，避免矛盾激化。“对于客观存在的问题，我们与其暗中重视、表面回避，不如公开正视，以一种开放的心态，负责任的精神与民众一起讨论。”</body></doc>