<?xml version='1.0' encoding='utf-8'?>
<doc><id>10343</id><url>http://news.nankai.edu.cn/mtnk/system/2011/03/12/000037499.shtml</url><title>京华时报：龚克代表：“学生治校”应写入高教法--媒体南开</title><datetime>2011-03-12 00:00:00</datetime><body>昨天，全国人大代表、南开大学校长龚克在天津代表团开放日活动上表示，今后将在南开大学全面推广学生参与治校机制，同时他建议学生参与治理学校应写入《高等教育法》。

龚克说，目前“纲要”里面提到了学生代表大会的存在，但是教育法在这方面是空白，没有写过任何关于学校应听取学生意见之类的字样。他说，推进学生参与学校改革治理学校，对学校和学生成长都非常有益。

有记者提出，一旦实施让学生参与治校，是否会担心有捣乱的情况发生。龚克说：“我不认为会发生学生捣乱的情况，也可能有的学生会根据自己的情况提出要求，但是我们都会考虑，多数人的利益我们就先办理。”

针对参与治校的范围是否需要界定，他说：“我想不出来哪些方面不能让学生参与，我认为学生对学校所有的工作都可以参与。”

龚克建议，应把学生治校写入教育法，他说，虽然大学章程可以自行先写入，但是必须先有《高等教育法》明确这个条款。“因为小学的孩子还不成熟，所以我建议首先《高等教育法》写入这个条款。”他说，必须要让大学生体会到这个民主。(记者文静)</body></doc>