<?xml version='1.0' encoding='utf-8'?>
<doc><id>10341</id><url>http://news.nankai.edu.cn/nkyw/system/2011/03/13/000037506.shtml</url><title>法国前总理洛朗・法比尤斯访问南开--南开要闻</title><datetime>2011-03-13 00:00:00</datetime><body>南开新闻网讯（摄影 陈 晨 记 者 平 扬）3月12日，南开大学名誉教授、法国前总理洛朗・法比尤斯再度访问南开，党委书记薛进文在省身楼会见了客人。中欧论坛创办人、南开大学客座教授高大伟陪同来访。

“您上次来南开是2009年4月，时隔两年再次回到母校，我们向您致以最热烈的欢迎。”薛进文还代表在北京参加第十一届全国人大四次会议的校长龚克，向客人致以诚挚问候。

薛进文向客人介绍了近年来南开取得的发展和成绩。他在谈到南开大学津南新校区规划建设进程时指出，经过90多年的发展，办学空间的局促已经成为制约学校进一步发展的重要问题，新校区的建设将成为南开历史上重大发展机遇。

听闻南开面向海内外征集校友对新校区规划建设的建议，洛朗・法比尤斯表现出极大兴趣，他说，这项工程必将取得圆满成功，南开的发展前景必将更加辉煌。

双方还就进一步推进南开大学与法国各地区高校之间建立紧密合作的话题，深入交换了意见。

会见后，洛朗・法比尤斯为广大学子带来精彩演讲，并与学子亲切交流。</body></doc>