<?xml version='1.0' encoding='utf-8'?>
<doc><id>10346</id><url>http://news.nankai.edu.cn/nkyw/system/2011/03/12/000037495.shtml</url><title>南开大学召开会议部署保密工作--南开要闻</title><datetime>2011-03-12 00:00:00</datetime><body>南开新闻网讯(记者 张丽 摄影 陈晨)3月11日，学校在办公楼召开会议，部署近期保密工作。校党委副书记刘景泉主持会议并讲话。校保密委员会委员，各学院、各单位、机关各部门保密工作负责人参加会议。

刘景泉在讲话中指出，保密工作任务十分重要。全校各学院、各单位要高度重视，牢固树立保密意识，切实负起政治责任；要认真学习保密知识，掌握保密技能，健全保密制度；认真开展检查，严格堵塞漏洞。保密工作无小事，全校各级党委要高度重视，按照保密法和有关规章制度严肃认真地做好保密工作。

会上传达了中央、天津市有关文件精神，播放了《南开大学宣传贯彻新修订保密法》和《天津市宣传贯彻新修订保密法》视频，并就近期学校保密工作进行了部署。</body></doc>