<?xml version='1.0' encoding='utf-8'?>
<doc><id>10345</id><url>http://news.nankai.edu.cn/nkyw/system/2011/03/12/000037496.shtml</url><title>新校区建设工作小组第一次会议召开--南开要闻</title><datetime>2011-03-12 00:00:00</datetime><body>南开新闻网讯(记者 丁峰 摄影 陈晨)近日，南开大学津南新校区规划建设工作小组召开第一次会议。新校区建设领导小组组长、党委书记薛进文出席会议并讲话。新校区规划建设工作小组组长、副校长佟家栋主持会议。新校区规划建设小组副组长：纪委书记张式琪，党委常委、总会计师孙广平，经济与社会发展研究院院长刘秉镰出席会议。新校区规划建设小组各部门主要成员参加会议。

薛进文代表两位新校区建设领导小组组长在讲话中指出，新校区建设是南开大学发展里程上重大的历史机遇。他说，经过90多年的发展，八里台校区办学空间已经处于超饱和状态，办学空间的局促已经成为制约南开进一步发展的重要问题。除了1923年南开大学从天津城南搬迁至现址八里台，获得了400亩地的较大办学空间以外，这次天津市向南开提供津南3750亩的建设用地，可能是南开校史上再次拥有新的较大发展空间的唯一机遇。同时，随着未来天津市行政中心和文化中心的南移，南开大学新校区所在的海河高教园区将成为天津新的行政文化中心重要的功能区，成为天津高等教育服务天津和滨海新区发展的桥头堡。因此，新校区的建设不仅将为南开未来发展提供充分的办学空间，而且将提供一个广阔的服务国家和地方经济社会发展的新平台。南开的发展战略、学科方向、院系布局、人才培养模式等战略举措、制度设计都将因此进行新的调整和改进，这将成为南开历史上重大发展机遇，也是对这一代南开建设者们的重大挑战。

他强调，新校区建设工作要依靠党和国家、教育部和天津市委市政府和社会各界的大力帮助和支持，要依靠全体师生员工的智慧和努力才能完成。新校区的成功建设必将会为南开校史增添新的辉煌。因此新校区的全体建设者要心怀历史、站在全局，用高度的使命感和责任感做好这件泽披后世的大事，书写好这页必将载入史册的篇章。

佟家栋在会上说，为更好地开展新校区规划、建设工作，学校召开党委常委扩大会议，决定成立南开大学新校区建设领导小组，以党委书记和校长为组长，全体党委常委、副校长、校长助理为成员；组建和充实了新校区建设工作小组，小组成员均是从各相关部门抽调的骨干。他介绍了新校区建设工作小组工作职责，人员分工和任务进度，以及工作小组下设的4个工作部的职责和人员构成，对每个成员的工作职责进行分工布置，对工作小组的工作制度、工作规范提出了要求，并布置了工作组近期要完成的工作任务。

张式琪表示要加强成本控制和管理，加强招投标、审计等制度建设，建立廉政监督体系，保证新校区建设健康稳定的开展。孙广平表示要积极学习兄弟院校代建工程的相关经验，保证新校区工程的质量和进度。刘秉镰表示要做好协调工作，调动一切积极力量，保证工程和小组工作顺利进行。

据悉，新校区规划建设工程小组设成本控制、规划工程、综合协调、资金筹措等4部，分别负责招投标管理、预决算审核、合同审查、经济谈判、跟踪审计、廉政监督等；科研编制、立项、投资计划、基建统计报表、总体规划、专项规划、单体设计管理、合同管理、基建资金管理、工程监督等；综合协调，日常行政、会务管理、法律事务、人事劳资、信息设备、宣传档案、文稿接待、安全保卫、后勤保障、劳保福利等；资金筹措、土地置换、银行贷款、捐款等。

目前，在新校区建设领导小组的领导下，工作小组的工作已全面展开。</body></doc>