<?xml version='1.0' encoding='utf-8'?>
<doc><id>10348</id><url>http://news.nankai.edu.cn/nkyw/system/2011/03/12/000037467.shtml</url><title>【组图】南开大学举行今年首场校园招聘会--南开要闻</title><datetime>2011-03-12 00:00:00</datetime><body>南开新闻网讯(摄影 陈晨 记者 平扬)3月11日，在学生就业指导中心的精心组织下，今年首场校园招聘会举行，来自全国各地的77家用人单位齐聚南开招聘人才，岗位几乎覆盖我校所有专业。求职者自信而来，招聘方满意而归，当天的热闹场面成为春日校园一道风景。</body></doc>