<?xml version='1.0' encoding='utf-8'?>
<doc><id>10351</id><url>http://news.nankai.edu.cn/nkyw/system/2011/03/11/000037441.shtml</url><title>南开大学召开招标采购监督工作会议--南开要闻</title><datetime>2011-03-11 00:00:00</datetime><body>南开新闻网讯(通讯员 夏春田)3月9日下午，南开大学招标采购监督工作小组会议在办公楼会议室召开。校纪委书记张式琪主持会议并讲话。招投标工作监督小组成员单位监察室、审计处、财务处、教代会的主要负责人和相关工作人员，招投标管理办公室主要负责人参加会议。 张式琪在讲话中指出，招投标管理办公室开展招标采购工作试运行以来，工作开展比较顺利，取得了较好的效果。希望与会同志对照《南开大学招标采购监督暂行办法》，结合实际工作，如何进一步明确职责，分析研究招标采购工作需要完善和改进的环节献计献策。 会议围绕监督小组如何发挥作用，监督工作具体运作程序、方式，以及评标专家库建设等问题进行了深入讨论和研究。</body></doc>