<?xml version='1.0' encoding='utf-8'?>
<doc><id>10356</id><url>http://news.nankai.edu.cn/nkyw/system/2011/03/07/000037333.shtml</url><title>教育部与天津市签署协议共建南开大学--南开要闻</title><datetime>2011-03-07 00:00:00</datetime><body>本报北京3月6日讯(记者 张晨)教育部与天津市今天在京签署两项协议，继续重点共建南开大学、天津大学，积极推进高校科技成果转化，服务滨海新区开发开放。

中共中央政治局委员、天津市委书记张高丽出席签字仪式。教育部党组书记、部长袁贵仁，天津市领导签署协议。天津市人大常委会主任肖怀远、市人大常委会副主任李泉山、副市长张俊芳，教育部副部长杜玉波、副部长杜占元、部长助理林蕙青，南开大学党委书记薛进文、校长龚克，天津大学党委书记刘建平、校长李家俊出席仪式。天津市委常委、市委教育工委书记苟利军主持签字仪式。

张高丽代表市委、市政府对教育部给予天津发展的支持表示感谢。他说，我们始终把教育事业摆在优先发展的战略位置，与教育部开展了一系列合作，取得了重要成果，推动教育改革和发展迈出了新步伐。希望在已有的基础上，不断深化部市全方位合作，加快南开大学、天津大学世界一流水平的建设，积极推进高校科技成果转化，进一步提高天津教育和科技发展水平，为天津经济社会又好又快发展提供人才和科技支撑。

袁贵仁对天津市委、市政府对教育工作的高度重视和大力支持表示感谢。他希望南开大学和天津大学抓住机遇，继续加快创建世界一流大学的步伐。教育部将积极组织、动员全国高校，通过共建产学研合作基地、搭建创新平台、联合开展技术攻关和人才培养，为天津经济社会发展和滨海新区开发开放作出更大贡献。

根据协议，天津市和教育部分别将南开大学、天津大学的改革发展纳入“十二五”规划和“985”工程；给予相应政策和多方面支持；支持鼓励两校推进体制机制建设，扩大深层次社会合作，构建稳固的产学研合作联盟。

根据协议，教育部将支持天津建设汇聚国内高校科技创新成果的转化中心、为天津优势支柱产业提供技术支持、开展校企联合搭建科技创新研发平台等。

《中国教育报》2011年3月7日第1版</body></doc>