<?xml version='1.0' encoding='utf-8'?>
<doc><id>10350</id><url>http://news.nankai.edu.cn/nkyw/system/2011/03/11/000037442.shtml</url><title>学校召开西南村综合治理意见征求会议--南开要闻</title><datetime>2011-03-11 00:00:00</datetime><body>(通讯员 李炳通 摄影 吕军)为从根本上解决西南村地区长期存在的难题，改善西南村及周边环境，日前，学校在保卫处召开座谈会，征求离退休教工对我校西南村及周边地区进行综合治理及下一步规划建设的意见。校党委副书记杨庆山，校党委常委、校长助理、总会计师孙广平出席会议，离退休教工代表、学校办公室、动力中心、房产处以及保卫处等部门负责同志参加了座谈。

会议由杨庆山主持，他欢迎并希望广大教工提出宝贵建议。会上，离退休教工代表踊跃发言，纷纷献计献策，普遍表达了对西南村及周边地区综合治理的赞同和支持。并就如何进行综合治理展开讨论。据了解，学校将针对西南村菜市场改建事宜进一步广泛征求教工的意见和建议。</body></doc>