<?xml version='1.0' encoding='utf-8'?>
<doc><id>10353</id><url>http://news.nankai.edu.cn/nkyw/system/2011/03/08/000037371.shtml</url><title>机关党委召开党委会研究和部署2011年工作--南开要闻</title><datetime>2011-03-08 00:00:00</datetime><body>南开新闻网讯(通讯员 苏明辉)3月7日下午，机关党委召开党委会研究和部署2011年工作，机关党委全体委员出席会议，校纪委书记兼机关党委书记张式琪主持会议并讲话。

张式琪在讲话中，要求机关党委全年工作要抓好三件事：一是扎实做好本职工作，以优质的工作业绩和良好的精神状态，配合学校筹备和组织好学校第八次党代会；二是继续推进创先争优活动的开展，要真正把创先争优活动当成机关党建工作的主线，并从机关工作实际出发，以创先争优活动推动机关建设；三是筹备和组织好第八届全国高校机关党建工作研讨会，除做好各项会务准备工作外，更要练好内功，向兄弟高校充分展示我校机关党建工作的成效。最后，张式琪要求机关各支部在今年时间紧、任务重的情况下，要牢牢抓住我校新校区建设和学校党代会召开的有利契机，积极开展创先争优活动，努力改进机关工作作风和不断提高机关的服务质量，使机关党建工作和机关各项工作都走在学校的前列，为学校的稳定和谐，为学校第八次党代会的胜利召开做出机关人应有的贡献。

委员们对机关2011年工作要点进行了认真的讨论，提出了很好的建议。会上，还研究确定了以机关党委名义推荐的学校中层后备干部名单，通过了预备党员转正等事宜。</body></doc>