<?xml version='1.0' encoding='utf-8'?>
<doc><id>10352</id><url>http://news.nankai.edu.cn/nkyw/system/2011/03/09/000037378.shtml</url><title>南开大学举行系列活动庆祝“三八”妇女节-三八-南开要闻</title><datetime>2011-03-09 00:00:00</datetime><body>(记者 张轶帆 摄影 任永华)昨天是第101个“三八”国际劳动妇女节，南开大学女教职员工纷纷走出教室、办公室，参与到广播操、柔力球、跳绳、踢毽等活动中，庆祝自己的节日，尽情感受运动的快乐，展示知识女性的风采。校党委副书记、教代会工会主席刘景泉出席庆祝活动。

校工会有关负责人告诉记者，女教工在学校的教学科研中发挥着举足轻重的作用，是名副其实的“半边天”，希望通过以上活动，在全校掀起重在参与、持之以恒的健身热潮，充分展现人民教师的精神风貌，使大家以健康的体魄、饱满的热情、乐观的心态和进取的精神，做人民满意的教育工作者，为办人民满意的教育做出贡献。

经过激烈角逐，机关一队、图书馆一队、医学院一队获集体跳绳比赛一等奖，图书馆四队、药学院二队、医学院二队、图书馆三队、马列学院一队、迎水道校区队、机关一队、物理学院一队、后勤二队、外国语学院一队获集体踢毽比赛一等奖。

据悉，南开大学还将于近期举行主题为“塑造新时期学习型、创业型知识女性”的女教师、干部培训活动。

1909年3月8日，美国芝加哥1500余名女工举行了盛大的游行示威活动，以争取政治、经济上的平等权利。第二年，在丹麦首都哥本哈根召开的第二届国际社会主义妇女代表大会上，克拉拉•蔡特金提议将3月8日定为国际妇女的节日，“三八”国际妇女节由此诞生。</body></doc>