<?xml version='1.0' encoding='utf-8'?>
<doc><id>10359</id><url>http://news.nankai.edu.cn/nkyw/system/2011/03/05/000037316.shtml</url><title>南开教授范曾获英国格拉斯哥大学名誉博士学位-格拉斯哥,国富论,范曾-南开要闻</title><datetime>2011-03-05 00:00:00</datetime><body>南开新闻网讯(记者张剑 摄影任永华)头戴博士帽、身着紫色镶边的英式学位服， 3月5日，著名书画家、南开大学范曾教授从英国格拉斯哥大学校长安顿•马斯凯特里的手中接过该校“名誉博士”学位证书，成为格拉斯哥大学授予这一荣誉的首位中国艺术家。

范曾是中国著名书画家、诗人，现为南开大学终身教授，中国艺术研究院研究员，曾被联合国教科文组织授予“多元文化特别顾问”称号。2010年9月，法国总统萨科齐向范曾先生授予“荣誉军团骑士勋章”。

5日上午，“范曾先生格拉斯哥大学名誉博士授予仪式”在南开大学省身楼举行。南开大学党委书记薛进文，常务副校长陈洪，副校长佟家栋、关乃佳，中国工程院院士李正名，中国科学院院士葛墨林等出席了学位授予仪式。

名誉博士授予仪式完全采用英国大学的模式。伴随着格拉斯哥大学校歌《所以，让我们尽情欢乐》的悠扬歌声，由两校教授组成的学术游行队伍鱼贯进入会场，代表着学位授予仪式正式开始。

薛进文在致辞中向范曾教授获得这一殊荣表示热烈祝贺，对格拉斯哥大学表示衷心感谢。他说，范曾教授是南开大学最优秀的校友之一，早年求学于历史系，现为南开大学终身教授，作为中国书画界的重要代表人物，其书画作品为国内外有识之士所见赏。而今，他被授予格拉斯哥大学名誉博士学位，这既是范曾先生的荣誉，亦是南开大学的光荣。相信此举必将成为两校密切交往历史上浓重的一笔，也必将为中英文化交流产生积极影响。

安顿•马斯凯特里表示，授予范曾先生名誉博士学位是格拉斯哥的荣幸。他说，格拉斯哥大学名誉博士的授予至今已有近600年的历史，一般在每年6月与校庆日同时举行。名誉博士是赋予那些在科学、商界、艺术、慈善、教育等事业作出重大贡献的杰出人士。近年来，英国王子查尔斯陛下、诺贝尔经济学奖得主加纳、经济学家斯蒂格利茨教授等先后获得这项荣誉。他们是格拉斯哥大学的宝贵财富，也是学校牵手世界的助推器。

格拉斯哥大学教授尼尔皮尔斯代表学校参议院做了官方致辞，正式向格拉斯哥大学校长引见范曾先生，并请他授予范曾荣誉文学博士学位。他说，绘画于中国有悠久卓著之史，并同书法被尊艺术最高形式。作为当代国画大师，范曾的作品融汇山水、花鸟与人物，并及诗文与书法，其人物尤以风格简单，笔触有力而闻名。在此格拉斯哥与南开大学正式联盟之际，授誉范先生名誉博士学位意义尤为深远。中国艺术史是格拉斯哥大学的特色学科之一，范曾先生的加盟必将为该学科的建设和发展作出重要的贡献。

安顿•马斯凯特里亲自为范曾先生佩戴了学位服绶带和学位帽，并向他致送了名誉博士学位证书。范曾先生在格拉斯哥大学名誉博士的官方纪念册上签名留念。

范曾在致答谢词中表示，格拉斯哥大学向以崇高性的学术尊严和普世性的创造魅力名彪于世界，能够成为该校的名誉博士，自己深感荣幸。他引用达尔文在接受柏林科学院通讯院士时的讲话表达自己的感谢之情：“与其说是给予我的荣誉，还不如说是在授予这种荣誉时有霍兹、维尔和、波林斯赫姆和伊瓦尔德这样一些受人尊敬的学者，在通知书上签了名。”

格拉斯哥大学创立于公元1451年，是英国最古老的四所大学之一，同时该校也是全球最古老的十所大学之一。毕业于该校的杰出校友有著名的经济学之父、《国富论》的作者亚当•斯密，著名物理学家、热力学温标概念首先提出者开尔文，经典电动力学的创始人、统计物理学的奠基人之一麦克斯韦，以及世界著名工程学家、蒸汽机的改良者詹姆斯•瓦特等。</body></doc>