<?xml version='1.0' encoding='utf-8'?>
<doc><id>10355</id><url>http://news.nankai.edu.cn/nkyw/system/2011/03/08/000037360.shtml</url><title>南开大学2011年硕士研究生考试成绩发布-硕士,研究生,考试成绩,发布-南开要闻</title><datetime>2011-03-08 00:00:00</datetime><body>南开新闻网讯(记者 张 剑)记者今晨在南开大学研究生院网站上看到，该校2011年硕士研究生入学考试的初试成绩及排名已经发布，考生可免费登录该网页(http://graduate.nankai.edu.cn/admissions/master/ssfsquery.asp)查询成绩。

记者看到，在该网页上，考生通过报名号、证件号码或考生编号均可查询成绩，同时还可查询到该成绩在报考院系中的排名情况。

根据以往研究生招生进程，南开大学研究生复试分数线预计于3月下旬公布，南开大学一般不接收外校调剂考生。待国家分数线公布后，第一志愿报考南开大学并申请向其他院校调剂的工作才将开始。请考生耐心等待并随时留意南开大学研究生院网页信息。</body></doc>