<?xml version='1.0' encoding='utf-8'?>
<doc><id>10358</id><url>http://news.nankai.edu.cn/nkyw/system/2011/03/05/000037317.shtml</url><title>南开师生缅怀周恩来总理-缅怀,周恩来,诞辰-南开要闻</title><datetime>2011-03-05 00:00:00</datetime><body>南开新闻网讯(学生记者 聂际慈 摄影 王俊峰)今年3月5日，是杰出校友周恩来诞辰113周年纪念日，南开大学师生以各种方式缅怀伟人。

清早，来自经济学院经鹰团校的同学便来到周总理塑像前，清扫总理像，并为总理“洁衣”。

“今年我十八岁，我立志为中华之崛起而读书”。周恩来政府管理学院恩来团校于总理像前举办新生校友成人礼，在总理面前庄严宣誓。恩来团校负责人表示，作为唯一以周总理姓名命名的学院与团校，其一直将秉承总理“爱南开”精神与南开“公能”校训，与周总理面对面是每名学员的必修课。旨在忆峥嵘岁月，悼总理英灵，扬南开品格，壮中华青年。

周恩来池田大作间的友谊是中外友好交流的楷模，同日，周恩来池田大作研究会的成员与日本留学生共同研讨了“周恩来与新青年精神”。

3月5日亦是中国志愿者日，南开大学青年志愿服务与社会实践中心发出倡议，寻找身边的“雷锋”。是对总理“利人”品格的继承，也是对志愿服务精神的发扬。</body></doc>