<?xml version='1.0' encoding='utf-8'?>
<doc><id>10361</id><url>http://news.nankai.edu.cn/nkyw/system/2011/03/05/000037313.shtml</url><title>南开牵手格拉斯哥大学跨世纪分享《国富论》-格拉斯哥,国富论,龚克-南开要闻</title><datetime>2011-03-05 00:00:00</datetime><body>(记者张 剑 摄影任永华)时隔两个多世纪，一部举世闻名的《国富论》让中英两所名校携手相牵。3月4日，《国富论》原著和译著的诞生地――英国格拉斯哥大学和南开大学在津签署全方位合作协议，分享《国富论》研究心得，开展全方位交流合作。

当日上午，“南开―格拉斯哥大学日”活动在省身楼隆重开幕，主题为“分享《国富论》”。该书的作者是格拉斯哥大学杰出校友亚当•斯密，而南开大学知名教授、中国发展经济学的扛鼎之人杨敬年教授在他90岁高龄时完成了《国富论》的翻译，被誉为教育史上的奇迹。两百多年后的今天，这部著作成了南开与格拉斯哥大学的共同财富，也成了两所学校最好的连接纽带。

格拉斯哥大学创立于1451年，是全世界最古老的十所大学之一。她是全英最大的研究基地，曾培养出多名诺贝尔奖得主。经济学之父、《国富论》作者亚当•斯密，著名物理学家、热力学温标概念提出者开尔文，蒸汽机改良者詹姆斯•瓦特等均为格拉斯哥大学的杰出校友。

南开大学创建于1919年，由近代著名爱国教育家张伯苓创办，目前已成为国内学科门类最齐全的综合性研究型大学之一。南开大学始终坚持国际化办学，至今已与39个国家和地区的275所高校和科研机构建立了合作关系。

开幕式前，南开大学校长龚克，副校长关乃佳，教务长朱光磊等会见了格拉斯哥大学校长安顿•马斯凯特里一行，对其表示热烈欢迎。双方共同签署了《校级框架性协议》与《学生交换协议》。开幕式由关乃佳主持。

龚克在致辞中说，南开大学与格拉斯哥大学的合作始于2008年，当时签订了联合培养博士项目的谅解备忘录，自此两校逐步开展了更多更深层次的交流活动。此次以“分享《国富论》”为主题的大学日活动，必将增进了解，加深友谊，让两校的友好关系更上一层楼。同时希望以此为平台，让南开的青年才俊和格拉斯哥大学的文化教育精英直接对话，碰撞出智慧的火花。

安顿•马斯凯特里表示，与南开大学等名校开展全面合作是格拉斯哥大学推行全球化战略的重要举措之一。“我们非常高兴地得知，南开大学与我们有着共同的国际化办学理念，这让合作变得简单易行”，他说，“大学是产生新思想的最好地方。格拉斯哥大学诞生的一个伟人亚当斯密，充分说明了这一点。他高尚的道德情操和著名的国家理论，在全世界产生了极高的知名度和影响力，这是真正的全球化。”

格拉斯哥大学教授克里斯•贝瑞向南开师生简要介绍了该校杰出校友亚当•斯密的生平事迹，以及在格拉斯哥学习、工作和开展学术研究的美好岁月。南开大学朱光磊教授与格拉斯哥大学杜珍教授分别介绍了两校合作交流的历史，并互相分享了教学、科研、人才培养、国际化办学等方面的经验。</body></doc>