<?xml version='1.0' encoding='utf-8'?>
<doc><id>10368</id><url>http://news.nankai.edu.cn/nkyw/system/2011/03/03/000037289.shtml</url><title>南开11位教授在“两会”上参政议政--南开要闻</title><datetime>2011-03-03 00:00:00</datetime><body>南开新闻网讯(记者 张轶帆)第十一届全国人大四次会议和全国政协第十一届四次会议分别于3月5日和3月3日在人民大会堂开幕。南开大学今年有3位全国人大代表和8位全国政协委员在全国两会上参政议政。

3位全国人大代表是：南开大学校长龚克，天津市政协副主席、中国科学院院士、南开大学生命科学学院教授饶子和，南开大学医学院教授朱天慧。8位全国政协委员是：天津市政协副主席、副校长陈永川，副校长许京军，天津师范大学校长、南开大学生命科学学院教授高玉葆，中国科学院院士、南开大学陈省身数学研究所教授张伟平，天津商业大学副校长、南开大学经济学院副院长邱立成，文学院教授杜滋龄，法学院副院长侯欣一，周恩来政府管理学院教授乐国安。其中，许京军委员是全国政协十一届四次会议常委。

从南开走出的代表、委员们怀着强烈的责任感和使命感，为一年一度的“两会”准备了多份议案或提案。记者了解到，代表、委员们的提案内容多样，包括提高高校青年学者待遇、促进教育公平、减轻小学生课业负担、改革司法考试制度、加强中小学心理健康教育、医疗卫生体制改革等，这些提案、议案从各自不同的角度出发，关注社会热点，情系国计民生。

大家表示，成为两会代表、委员，不仅是一种荣誉，更是一份沉甸甸的责任，自己将把南开大学广大教职员工的声音带到“两会”上去，为南开大学和国家建设发展作出贡献。</body></doc>