<?xml version='1.0' encoding='utf-8'?>
<doc><id>10367</id><url>http://news.nankai.edu.cn/nkyw/system/2011/03/03/000037290.shtml</url><title>招商银行天津分行行长访问南开大学--南开要闻</title><datetime>2011-03-03 00:00:00</datetime><body>(记者 张轶帆 摄影 任永华)3月3日，招商银行天津分行行长宋刚一行访问南开大学，校长龚克在办公楼会见了来访客人。研究生院、发展办有关负责人陪同会见。

龚克向宋刚一行表示欢迎。他说，自成立以来，招商银行不断创新产品和服务，形成了自己的特色和优势，希望招行天津分行能够为南开的发展提供帮助与支持，通过进一步具体务实的交流，实现校企双方的共赢。

宋刚感谢南开大学为招商银行输送的大量优秀人才。他表示，招行天津分行成立近11年来，已有80余位南开校友加盟，希望与南开这样的一流学府开展更加广泛的合作，建立长期的伙伴关系。

招商银行成立于1987年4月8日，是中国第一家完全由企业法人持股的股份制商业银行，总行设在深圳，是国内第一家采用国际会计标准的上市公司。招商银行天津分行成立于2000年6月。</body></doc>