<?xml version='1.0' encoding='utf-8'?>
<doc><id>10360</id><url>http://news.nankai.edu.cn/nkyw/system/2011/03/05/000037315.shtml</url><title>南开大学志愿者开展活动纪念学雷锋日-学雷锋日,周总理诞辰-南开要闻</title><datetime>2011-03-05 00:00:00</datetime><body>南开新闻网讯(学生记者 武东翔)3月5日，是“学雷锋日“，也是第十二个中国青年志愿者服务日。南开大学以“继承总理伟志积淀雷锋品质传扬志愿精神”为主题开展系列活动。

在主题活动中，南开大学青年志愿服务与社会实践中心向全校师生发出倡议，学习雷锋精神，继承总理服务人民的伟志，为志愿者事业贡献自己的力量；同时将3月定为学雷锋月，开展为期一个月的“寻找身边的活雷锋”活动，讲述身边的活雷锋故事。各学院派出青年志愿者代表重温志愿者誓词，就当代大学生如何深入学习雷锋精神展开热烈讨论。活动后，志愿者倡议并组织全校师生将闲置的衣物捐献出来，以雷锋为楷模，奉献爱心，为西部带去关爱。

今天还是敬爱的周总理诞辰113周年的纪念日。青年志愿者代表李铮以“伟大领袖周总理一生为人民服务”为主题，回忆了总理生前事迹，总理“鞠躬尽瘁死而后己”的服务奉献精神引起了大家的共鸣。同学们还分享了陈永刚式的身边活雷锋的先进事迹，表示要在学校学雷锋月的精神指引下，一点一滴做好志愿服务，提倡和弘扬新时期大学生乐于奉献的高贵品质。

据悉，近期南开大学各学院青年志愿者还将响应天津市团市委、市青年志愿者协会发出的关于集中开展共青团关爱农民子女志愿服务行动的号召，围绕“关注服务农民工子女”进行一系列形式多样、内容丰富的志愿服务活动。南开大学信息技术科学学院志愿者负责人刘成成介绍说，他们将与南市街庆有西里社区合作开展相关活动，关注社区农民工子女生活学习情况，让志愿者和他们结成“一帮一”对子。

青年志愿服务一直是社会的热门话题，正值“两会”召开之际，如何让志愿服务充实到那些最需要的地方，让志愿者的爱心飞得更高，也成为了一些代表委员热议的话题。一些代表提出，希望社会各界的志愿者能跟这些农民工的子弟“结对子”，为农民工子女带去温暖和帮助。

南开大学团委书记张宁宁表示，学校青年志愿者长期关注农民工子女的教育、生活状况，从去年3月开始，志愿者参加了为期一年的联合国“外出务工人员子女培训志愿服务试点专题项目”，志愿者们每周用自己的课余时间分别在天津市区的慧翔职专和滨海新区的工农村中学进行辅导，对农民工子女的学习、就业以及做人方面都产生了潜移默化的良性影响。

此外，南开大学还有一些民间学生团体一直在默默地奉献。由南开大学不同年级和专业学生组成的舜尧支教团，抱着“影响一个孩子，改变一个家庭”的初衷，在赵沽里小学、徐庄小学、大毕庄小学和卧龙里小学这4所外来务工人员子弟学校长期开展志愿服务活动。

“我觉得在这些孩子身上找到了自己的影子，也找到了自己的方向。我看到受助学生们拥有了积极乐观的生活态度和回报社会的感恩之心，觉得我们的服务很有意义。”参加了去年暑假农民工子女教育和发展状况市区调研的南开大学志愿者王竞感触很深。

青年志愿者们纷纷表示，传承雷锋精神不仅仅体现在学雷锋日这一天，更应该体现在今后每一天的学习、生活中。青年志愿者应处处以周总理和雷锋为榜样，严格要求自己，努力学习、扎实工作，发扬“奉献、友爱、互助、进步”的志愿服务精神，为建设和谐社会作出积极贡献。

自1963年3月5日毛泽东等老一辈党和国家领导人号召“向雷锋同志学习”以来，3月5日成为社会各界特别是广大青年传统的学雷锋活动日。共青团中央确定从2000年开始，把每年3月5日作为“中国青年志愿者服务日”，组织青年集中开展内容丰富、形式多样的志愿服务活动。</body></doc>