<?xml version='1.0' encoding='utf-8'?>
<doc><id>10364</id><url>http://news.nankai.edu.cn/nkyw/system/2011/03/04/000037302.shtml</url><title>南开大学被评为“全国企事业知识产权试点单位”-科技处,知识产权,试点单位-南开要闻</title><datetime>2011-03-04 00:00:00</datetime><body>南开新闻网讯(通讯员 郎宇鹏)近日，天津市召开2011年知识产权工作会议暨市知识产权战略领导小组第一次全体会议，会议总结了2010年全市知识产权工作，并对知识产权工作先进单位和个人进行了表彰。南开大学被授予“全国企事业知识产权试点单位”和“天津市首批专利示范单位”称号，南开大学一项专利获2010年天津市专利优秀奖。

全国企事业知识产权试点单位是由国家知识产权局设立的，主要针对专利申请和授权量居行业前列，知识产权工作基础较好的企事业单位，旨在进一步提高这些单位创造、运用、保护和管理知识产权的能力，不断增强核心竞争力，并从中总结典型经验，形成具有宏观指导意义的政策，进而促进我国经济发展和国际地位提升。

天津市专利示范单位是市知识产权局从全市知识产权工作突出的企事业单位中评选出，为贯彻落实国家和天津市知识产权战略纲要，发挥知识产权在转变发展方式、调整产业结构中的引领支撑作用，从而提升全市企事业单位知识产权工作水平，发挥知识产权先进单位的示范引领作用。

南开大学知识产权工作在校领导和各有关部门努力下近年来取得了长足进步，2003年专利和知识产权管理办公室成立以来，学校专利申请量持续增长，近三年已达到每年200项以上；学校各类无形资产得到了有效保护，中英文校名、校徽、校训等均已被工商总局核准为注册商标，“南开大学”更是成为天津市首个教育类著名商标；国际专利申请量大幅提升，2009年我校两项国际专利获国家首批专项资助；并相继被认定为天津市首批知识产权试点单位、全国第四批企事业知识产权试点单位和天津市首批专利示范单位。</body></doc>