<?xml version='1.0' encoding='utf-8'?>
<doc><id>1036</id><url>http://news.nankai.edu.cn/nkyw/system/2018/03/05/000370394.shtml</url><title>南开大学师生关注2018年全国“两会”--南开要闻</title><datetime>2018-03-05 00:00:00</datetime><body>南开新闻网讯(记者 马超 郝静秋 聂际慈 吴军辉 乔仁铭)第十三届全国人民代表大会第一次会议和政协第十三届全国委员会第一次会议，分别于2018年3月5日和3月3日在北京召开。

今年南开大学共有1位全国人大代表、7位全国政协委员参加“两会”，为国家发展大计建言献策。他们分别是全国人大代表席真，全国政协委员陈永川、许京军、袁直、曹雪涛、范小云、钟茂初、卜显和。从南开走出的代表、委员们怀着强烈的责任感和使命感，为一年一度的“两会”准备了多份议案或提案，从各自不同的角度出发，关注社会热点，情系国计民生。

南开师生纷纷通过网络、电视、报纸、广播等媒体及时学习“两会”最新精神，并通过主题班会、小组讨论等形式热议“两会”热点问题。

中国科学院院士、化学学院院长陈军表示，政府工作报告求真务实、站位高远、鼓舞人心、催人奋进，特别是关于教育优先、科技创新的论述。我们要紧紧围绕“双一流”的目标建设化学学科，落实立德树人根本任务，提升教育质量，为每一位化学人才最优化发展、施展才华、实现人生价值提供更广阔的舞台；要聚焦国家重大需求、瞄准学术前沿，开展“顶天立地”的科学研究与技术开发，为中国“制造”转变为中国“智造”以至中国“创造”培养更多优秀的创新团队，提高创新能力，体现责任担当。南开化学人要在新时代发出新动能、实现新作为。

长江学者特聘教授、马克思主义学院院长王新生认为，教育是每年“两会”关注的热点话题，如何办好人民满意教育，落实“立德树人”根本任务是高校义不容辞的责任。南开大学马克思主义学院作为首批全国重点马院，要进一步聚焦主业核心，积极探索思政课教学改革，着力提高思政课教学效果。特别是围绕加快推动习近平新时代中国特色社会主义思想进教材、进课堂、进头脑，努力建设具有南开特色的精品课程，提升思政课教学的感染力、亲和力和实效性，为提升人才培养质量、造就新时代中国特色社会主义事业建设者和接班人贡献力量。

长江学者特聘教授、经济学院教授李坤望谈道，2018年可以说是“新时代”的改革大年，全面加大改革开放力度成为今年“两会”的主旋律。政府工作报告贯彻了以问题为导向，坚持质量第一、效益优先的质量发展观，突出了“活力+动力”的改革基调。报告还提出了推动全面形成开放新格局的工作思路和部署，包括对内进一步拓展开放范围和层次，提升开放水平，推动经济高质量发展；对外坚持合作共赢，通过“一带一路”等打造“利益共同体”；在全球治理方面，坚决反对贸易保护主义，积极推进贸易、投资自由化及便利化。

生命科学学院院长孔德领表示，政府工作报告中关于加快建设创新型国家的部分，提到要强化基础研究和应用基础研究，启动一批科技创新重大项目，高标准建设国家实验室；支持科研院所、高校与企业融通创新，加快创新成果转化应用；国家科技投入向民生领域倾斜，加强雾霾治理、癌症等重大疾病防治攻关，使科技更好造福人民。作为一名从事生命科学研究的科研人员，将继续带领团队聚焦国家和社会重大战略需求，开展创新研究，将实验室的研究成果更好更快地转化为提高人民生活质量和治疗疾病的创新产品，作出新时代南开人的应有贡献。

周恩来政府管理学院教授郭道久说，政府工作报告中将“提高政府效能”与依法行政、加强党风廉政建设一起作为政府工作的核心内容，结合《中共中央关于深化党和国家机构改革的决定》的相关内容，可以看到，2018年政府机构改革和政府职能转变的重点是合理设置和配置各层级机构及其职能，这体现了国家推进政府机构改革，切实促进治理体系现代化的决心。

周恩来政府管理学院教授吴帆说，政府工作报告在社会保障和改善民生水平方面的各项措施，继续秉承着以人民为中心的发展思想，充分反映出决胜全面建成小康社会的坚定决心，紧紧围绕新的时代下的社会主要矛盾，着力解决发展的不平衡不充分问题。总体上，今年政府工作报告中多项社会保障措施在原有基础上进一步扩大了保障范围，提升了保障水平。在执行方面，更加重视对社会保障工作的监管力度，提倡用互联网等新的方式来提升监管效能。在落实方面，不少举措都通过量化的指标明确了工作目标，确保了相关措施的落实。今年政府工作报告社会保障增加的内容充分体现了与时俱进、更加贴近老百姓需求的特点。

医学院教授杨爽认为，政府工作报告瞄准现在医疗服务的薄弱环节，特别是群众呼声较高的基本医保和大病保险保障等问题，采取具有很强的针对性措施，体现出“真、准、新”的特点，并对下一步工作提出了具体的努力方向和目标。报告还提出坚持中西医并重，传承发展中医药事业。为此必须准确把握中医药发展的新时代特征，走出中医药协同发展的新路子，并以服务“一带一路”建设为导向，使得“走出去”的步伐更加稳健，奋力开创新时代中医药振兴发展的新局面，打造健康中国。

旅游与服务学院教授、中国旅游智库秘书长石培华说，政府工作报告中多处提到旅游发展，有三点特别值得关注：一是提出乡村要推进“厕所革命”，将旅游系统发起的厕所革命推向乡村推向全域，二是创建全域旅游示范区，三是大力推进乡村振兴和脱贫攻坚，旅游业可以发挥生力军和主渠道的重要作用。此外，旅游业还可在构建现代经济体系、促进区域协调发展、促进生态文明和美丽中国建设、推进“一带一路”战略、构建人类命运共同体、传播社会主义核心价值观、建设发展红色旅游等方面大有作为。

校团委书记李康说，全国人大会议事关人民生活福祉，事关国家治理体系和治理能力现代化。第十三届全国人民代表大会第一次会议聚焦国家机构改革、教育体制改革等热点话题，回应青年关切，是当代中国政治生活中的大事，更是当代中国青年的大事。当代中国青年是实现中华民族伟大复兴的新兴力量，青年人只有深入社会才能实现人生价值，社会进步只有号召青春力量才能前途无限。广大青年要坚定中国特色社会主义道路自信、理论自信、制度自信、文化自信，提高参与社会主义民主政治建设的自觉性和积极性，在时代命题与青年担当的交汇中实现人生价值。

法学院2016级博士研究生李飞表示，政府工作报告中说，过去的几年里我国的法治建设取得巨大进步，有力保护了公民权利，保障了国家的长治久安。我们期盼“两会”能够进一步落实依法治国的方针政策，尤其是在反腐败和简政放权方面，通过法律制度建设和完善，建立起长效机制。一方面，通过法律制度的约束，进一步打击腐败，提高政府公信力，保护人民利益；另一方面，通过完善的法律制度，将行政权力关到笼子里，让政府依法行政，简政放权。

电子信息与光学工程学院2016级硕士研究生李亚东说，政府工作报告围绕发展壮大新动能提出了一系列的政策方案。这既是发展智能产业、拓展智能生活必不可少的环节，也是全面深化改革的具体表现。改革开放40年，风雨兼程。作为一名工学研究生，我热爱自己的事业，希望在自己的岗位上为智能产业的发展贡献力量，努力投身于建设美丽中国的实践，为实现中华民族伟大复兴的中国梦助威喝彩。

环境科学与工程学院2014级本科生林昕昀说，政府工作报告中关于治理生态环境的部分，如优化能源结构、推进重大生态保护和修复工程等令人振奋。过去五年我国生态环境状况已逐步好转，建立了生态绩效考评制度，“土十条”“气十条”等取得了成效。政府对环境保护的决心和态度，给了我们信心，作为环境科学领域的学生，我们也应该更加坚定科研报国的决心，为解决环境问题寻求更好的方法，为建设美丽中国贡献力量。</body></doc>