<?xml version='1.0' encoding='utf-8'?>
<doc><id>10369</id><url>http://news.nankai.edu.cn/nkyw/system/2011/03/03/000037288.shtml</url><title>南开大学第八次党代会将于今年9月召开--南开要闻</title><datetime>2011-03-03 00:00:00</datetime><body>南开新闻网讯(记者 张丽)经上级组织批准，南开大学第八次党员代表大会将于今年9月召开。党代会的筹备工作在学校党委常委会的领导下进行，根据工作需要，日前成立了组织工作组和宣传工作组，相关筹备工作全面展开。

南开大学第八次党代会筹备工作的主要任务是：以马克思主义、毛泽东思想、邓小平理论和“三个代表”重要思想为指导，深入贯彻落实科学发展观，贯彻《中国共产党普通高等学校基层组织工作条例》，总结第七次党代会以来学校党委的工作，研究学校面临的新形势，确定新一届党委的主要任务和基本要求，产生学校新一届领导班子。紧密结合学校“十二五”及中长期事业发展规划、“985工程”三期建设、校园建设总体规划、新校区规划建设，进一步明确今后一个时期学校事业发展的目标、任务、思路和举措，统一思想，凝聚人心，振奋精神，调动各个方面的积极性和创造性，动员和组织全校各级党组织、广大共产党员，带领和团结全校师生员工，为建设世界知名高水平大学而努力奋斗。</body></doc>