<?xml version='1.0' encoding='utf-8'?>
<doc><id>10365</id><url>http://news.nankai.edu.cn/nkyw/system/2011/03/04/000037298.shtml</url><title>“两会”之际 南开大学举办“国策论坛”-两会,国策论坛,周恩来政府管理学院-南开要闻</title><datetime>2011-03-04 00:00:00</datetime><body>为学子和“两会”代表委员搭对话平台

南开新闻网记者 平 扬 摄影 任永华

“我最关注中国社会福利的发展取向。我认为政府应直接面向弱势群体，例如农民工群体、低收入老年人、留守儿童等，提供保障机制，满足他们的基本需要，建立适合中国国情的社会福利体系……”讨论会上气氛十分热烈，南开大学周恩来政府管理学院社会保障专业研究生栾卉，畅抒己见。

“两会”召开之际，南开大学开办了“国策论坛”，为学子们学习“两会”精神、参政议政搭建平台。

学子意见送达代表委员

在这里，同学们可以围绕国计民生陈述观点、分享新闻、热议时政、提出设想，并邀请专家点评，最终还会将话题形成书面报告，送到“两会”代表委员手中。

之所以命名为“国策论坛”，活动组织者、周恩来政府管理学院党委副书记兼副院长奚先来告诉记者：“关乎国策、汝辈有责，这就是为了让青年学子感受到自己肩负使命和社会责任，激发他们参政议政的热情，并使大家得以检验课堂所学。”

因此，这样的活动深受同学们欢迎，首场论坛即吸引了社会学、政治学、国际关系等相关学科和专业的师生争相赴会，即兴发言的既有博士生，也有一年级本科新生。

学子关注：社会福利

在诸多热点议题中，最受大家关注的是社会福利。率先发言的小栾谈起感兴趣的话题，滔滔不绝：“社会保障问题是民生问题中的热点之一，是为了维护社会公正，保护弱势群体，分享经济发展成果的重要途径。”

她说：“目前，中国正处于现代性的成长过程中，传统和现代的交错与对立十分激烈，地方与全球化相互交织，而未来的、地方性相关的一点一滴的变化，也难以准确地预测和把握，面对不确定的开放的未来，如何寻求一种较好的走向现代性、规范成长中风险的道路，我希望通过思考给出自己的建议。”

论坛聚焦：政府公信力

针对此次“两会”提案，政治学专业博士生张翔专门研究了如何提高政府提供公共服务的能力。他对记者说：“随着社会经济发展，民众对于公共服务的要求越来越高，但是，现在政府中存在许多的问题，影响着政府为民众提供优质的公共服务。”

论坛上，张翔陈述了自己的观点：“随着社会经济发展，民众对于公共服务的要求越来越高，但是，现在政府中存在许多的问题，影响着政府为民众提供优质的公共服务。中国政府在改革开放至今的30年取得了重大进展，已经逐渐调整为一个以经济建设为主导的政府。但在地方政府中，‘大部门体制’难以深入推进，有些地方部门合了又分，都是权责壁垒的表现。地方政府改革要应勇于打破权责壁垒，构建中国式的协作政府，来为民众提供更为优质的服务，这样才能真正提高政府在民众中的公信力。”

张翔对自己的建议能否被“两会”代表委员采纳，显得信心十足，栾卉觉得参加这类活动的乐趣不仅在于阐述了自己的心得，还在于“触类旁通”地从同学和老师口中了解了更多时政观点。

引导学子实现参政愿望

受邀为学生点评的专家、南开大学周恩来政府管理学院政治学系副教授张志红在接受采访时表示，许多大学生通过网络等新媒体及时了解时政热点，但往往缺乏有效合理的表达方式。因而，学校和专家对其及时、积极的引导具有重要意义。

张老师说：“学习社会科学的人，如果缺少一颗关注现实的心，学问则会束之高阁。‘两会’召开之际举办这样的活动，利于有效引导大学生表达政治参与愿望，同时，同学们的见解也能够为代表们开阔思路、了解民情提供一定的帮助。”

在南开大学工作多年的周恩来政府管理学院党委书记孙跃介绍，“国策论坛”其实已经有十余年历史，最早一次由政治学和法学专业共同举办。她说：“南开注重引导学子关注国家、服务社会，在长期教育中形成优良传统。随着社会发展，如何让论坛的话题更加贴合国计民生与社会现实，是我们为‘旧瓶’注入的‘活水’。”</body></doc>