<?xml version='1.0' encoding='utf-8'?>
<doc><id>10366</id><url>http://news.nankai.edu.cn/nkyw/system/2011/03/03/000037291.shtml</url><title>南开大学开展安全大检查--南开要闻</title><datetime>2011-03-03 00:00:00</datetime><body>(记者 陈 晨 摄影报道)3月3号上午，校党委副书记杨庆山来到西区公寓、理化楼、主楼、科技楼等校内场所检查安全情况。保卫处、党委学工部、团委、后勤等部门负责人陪同检查。

杨庆山听取了部门负责人对校园安全情况的汇报，随后检查了安全保卫措施、安全管理制度的落实情况。他指出，一定要高度重视校园安全工作，特别是改进薄弱环节，确保各项制度落到实处。他强调，学生公寓、教学楼等高层建筑是工作的重点，关系到广大师生的安全，各部门一定要及时消除安全隐患，保障学校教学科研活动的顺利进行，为广大师生创造平安、和谐的校园环境。</body></doc>