<?xml version='1.0' encoding='utf-8'?>
<doc><id>10363</id><url>http://news.nankai.edu.cn/nkyw/system/2011/03/04/000037306.shtml</url><title>南开大学微博为白血病大学生搭起爱心桥梁-微博,白血病,大学生,爱心桥梁-南开要闻</title><datetime>2011-03-04 00:00:00</datetime><body>(记者 张轶帆)“爱心呼救：南开大学信息学院本科生王一夫同学被确诊得了白血病，请大家伸出援助之手，献一份爱心，帮助我们的同学走出困境。信息学院同学们将于2011年3月7、8、9三日的午餐和晚餐时间在南开大学三食堂、二食堂门前设立捐款箱，请广大师生校友关注。”3月4日，新浪微博上，不断有人在转发这条南开大学的“爱心微博”。

家在四川遂宁的王一夫就读于南开大学信息技术科学学院2008级智能专业，今年寒假初被确诊为白血病，春节期间，正当大部分人合家团聚其乐融融之时，王一夫的父母却带着他辗转于四川天津两地求医。据医生预算，若治疗过程顺利，初步治愈医疗费用就高达70万，如此巨额的治疗费用远远超过了一个普通工薪家庭所能承担的极限。并且，即便短期内能遏制病情，今后病情是否会复发依旧让医生和家人无比担忧。

得知王一夫的病情后，南开大学微博的管理人员立刻在第一时间发布了消息呼吁社会各界救助，短短几小时内，该微博被广泛关注。“顶一下，转一下，到时间去捐款”，“让世界充满爱”，“支持，顶起，一夫加油”，“顶起！献爱心。BLESS”，全国各地博友都为这位正值青春年华的大学生送上祝福，给予支持。

“感谢所有关注王一夫的朋友，多一次转发，多一个人知道，多一份希望，我们也会和他一起努力，战胜病魔！”王一夫的辅导员高珊感动地说。

南开大学文学院传播学系主任刘运峰在接受记者采访时说：“微博是一种新的传播方式与交流手段，它有发送便捷、辐射性强、影响力大的特点，并能在短时间内产生‘乘数效应’，即传播效果能够成几何倍数的增长，因此受到了很多人的喜爱。通过发微博的方式关注患病大学生并为其募捐，是这种新的传播方式和公益爱心事业的有效结合，值得提倡。”

据悉，王一夫所在班级将于3月7、8、9三日的午餐和晚餐时间在南开大学三食堂、二食堂门前设立捐款箱，开展募捐活动，并且每天会通过网络向同学更新公开捐款金额，保证捐款活动的公开透明，活动结束后，捐款金额将全部存入专门设立的爱心账户：622260 1210007891478。</body></doc>