<?xml version='1.0' encoding='utf-8'?>
<doc><id>10371</id><url>http://news.nankai.edu.cn/nkyw/system/2011/03/03/000037282.shtml</url><title>校领导到数学科学学院调研--南开要闻</title><datetime>2011-03-03 00:00:00</datetime><body>(记者 张轶帆 摄影 任永华)3月2日，南开大学校长龚克，副校长陈永川、许京军到数学科学学院调研，副教务长卜文俊，学校办公室、学工部、研究生院、研工部、“211”“985”工程办公室、人事处、教务处、科技处等部门有关负责人陪同调研。

数学科学学院、陈省身数学研究所、组合数学中心党政领导班子、学科带头人、教师代表参加了调研活动。院、所、中心有关负责人分别从组织架构、专业建设、学生培养、师资队伍建设、教学管理等方面介绍了南开大学数学学科的发展历程及现存的制约学科进步的问题，学科带头人和教师代表结合各自在教学、科研一线工作的切身感受，交流了我校数学学科在全国高校所处的地位、特色和发展瓶颈问题，并就如何进一步提升教学科研水平、保持学科的优势地位等建言献策。

“数学是一种非常有用的工具和方法，在学生培养过程中的重要作用不言而喻。”龚克在总结讲话中说。他强调，南开数学学科经过几代教师多年的努力，已经取得了优异的成绩，但要进一步提升与发展，保持巩固自身优势地位，需要时刻保持忧患意识；希望数学学科的相关负责人、学科带头人和全体教师立足现有资源，开动脑筋，解放思想，继续苦练内功，在教学上下功夫，不仅要注重数学知识的教授，更要激发学生的学习兴趣，使怕数学的学生也能爱上数学；学风是学科建设的生命线，要总结优秀的教学经验，千方百计破解问题，求精求强，突出特色，为使我校早日成为国际知名高水平大学贡献力量。

龚克一行还考察了数学科学学院、组合数学中心的教室、教研室、计算机房等教学、办公场所。</body></doc>