<?xml version='1.0' encoding='utf-8'?>
<doc><id>10375</id><url>http://news.nankai.edu.cn/nkyw/system/2011/03/02/000037267.shtml</url><title>学校部署专业技术职务评聘工作--南开要闻</title><datetime>2011-03-02 00:00:00</datetime><body>(记者 陈晨 摄影报道)3月1日，学校在省身楼召开会议，部署专业技术职务评聘工作。校长龚克出席会议并讲话。全校各单位负责人参加会议。

龚克在会上指出，要顺利完成专业技术职务评聘工作，以适应创建世界知名高水平大学的要求。要坚持“科学定岗、注重水平”的原则，不断提高教师及其他专业技术人员队伍的教学科研水平和综合素质，增强学校的综合竞争力。要坚持“公平、公正、公开”的原则，以提升学校的学术层次和核心竞争力为出发点，不断强化“开放、竞争、激励”的选拔机制。

会上，人事处的负责同志就具体工作安排做了补充说明。根据安排，本次专业技术职务评聘工作的报名日期为3月8日-10日。根据《南开大学2010年度专业技术职务评聘工作指导意见》的要求，坚持“人才资源是第一资源”的原则，进一步加强和完善专业技术职务晋升评审和评聘工作。</body></doc>