<?xml version='1.0' encoding='utf-8'?>
<doc><id>10370</id><url>http://news.nankai.edu.cn/nkyw/system/2011/03/03/000037287.shtml</url><title>南开大学召开会议部署党群工作--南开要闻</title><datetime>2011-03-03 00:00:00</datetime><body>(记者 张丽 摄影 陈晨)3月2日，学校在办公楼召开会议部署党群工作。校党委书记薛进文主持会议并讲话，党委副书记杨庆山、刘景泉，纪委书记张式琪出席会议。各分党委书记、党群口负责人参加会议。

薛进文在讲话中指出，南开大学第八次党代会将于今年召开。全校各级党组织要充分发挥政治优势、组织优势，切实做好维护稳定的各项工作，为第八次党代会营造良好氛围。要以建设南开、发展南开、维护南开为共同理想和价值纽带，最大限度团结全体党员干部、师生员工开好第八次党代会，使第八次党代会成为团结和谐、振奋精神的大会。

薛进文强调，要做好第八次党代会的筹备工作。大会报告的起草要坚持集思广益，听取广大干部、师生的意见和建议，凝练多数人的智慧。要继续坚持做好干部人事工作，注重软环境和舆论氛围建设。同时，要加强反腐倡廉工作，努力提高党风廉政建设的科学化水平。

会上，杨庆山对学校第八次党代会筹备工作、处级后备干部调整推荐工作、处级领导干部报告个人有关事项工作、“创最佳党日”活动、“创先争优”活动安排进行了部署。刘景泉对近期维护稳定工作安排进行了部署。张式琪对学校2011年党风廉政建设工作安排进行了部署。</body></doc>