<?xml version='1.0' encoding='utf-8'?>
<doc><id>10379</id><url>http://news.nankai.edu.cn/nkyw/system/2011/03/01/000037248.shtml</url><title>校领导到迎水道校区调研-调研-南开要闻</title><datetime>2011-03-01 00:00:00</datetime><body>南开新闻网讯(记者 张轶帆 摄影 任永华)2月28日，新学期开学伊始，校长龚克到迎水道校区调研。学校办公室、迎水道校区负责人陪同调研。

龚克一行先后查看了教室、食堂、学生宿舍等学生学习和生活场所，并详细了解学生的构成、数量、专业分布、上课、生活等情况。他指出，要全力保证学生的学习、生活需要，不断提高服务和管理水平，为同学们提供一个舒适、安全的学习和生活环境。

在阶梯教室，龚克还来到正在准备上课的同学们中间，向大家致以新学期的亲切问候，在开学第一天就见到了和蔼可亲、平易近人的校长，同学们格外惊喜，教室中顿时响起了持久而热烈的掌声。在学生食堂，龚克与正在就餐的同学亲切交谈，仔细询问他们的学习、生活情况，并叮嘱相关负责人要确保食品安全、卫生及价格的稳定。</body></doc>