<?xml version='1.0' encoding='utf-8'?>
<doc><id>10374</id><url>http://news.nankai.edu.cn/nkyw/system/2011/03/02/000037268.shtml</url><title>南开承办福建龙岩市旅游经济发展研讨班--南开要闻</title><datetime>2011-03-02 00:00:00</datetime><body>南开承办福建龙岩市旅游经济发展研讨班 来源： 南开新闻网 发稿时间： 2011-03-02 15:33 南开新闻网讯(通讯员 韩冬 记者 陈鑫 摄影 任永华)3月1日，由国家旅游局主办，南开大学旅游与服务学院承办的“福建龙岩市旅游经济发展研讨班”在津举办。 (通讯员 韩冬 记者 陈鑫 摄影 任永华)3月1日，由国家旅游局主办，南开大学旅游与服务学院承办的“福建龙岩市旅游经济发展研讨班”在津举办。 南开大学党委副书记、旅游与服务学院党委书记焦玮，福建龙岩市委组织部副部长钟冬桂、龙岩市旅游局局长刘先裘，南开大学旅游与服务学院院长白长虹出席开班式。 龙岩市分管旅游工作的领导，龙岩市直有关单位负责人，市旅游局领导，各县(市、区)分管旅游工作的领导、旅游局领导以及部分重点旅游乡镇、重点旅游企业、行业协会负责人共30人参加研讨。 福建龙岩市是革命老区，古田会议会址所在地，也是侨乡和客家聚居区。本期研讨班根据龙岩地区的实际情况和发展需求，安排了“城市统筹与乡村旅游”、“用理念变革推动旅游产业转型升级”、“旅游市场营销与媒体宣传策划”、“区域合作与红色旅游发展”、“如何做好基层旅游管理工作”等专题讲座，以及“从国内旅游业转型升级趋势，看龙岩旅游发展契机”主题研讨交流。研讨班还将根据教学安排组织对津京地区旅游经济发展进行实地教学考察。 编辑 ： 韦承金 相关新闻：</body></doc>