<?xml version='1.0' encoding='utf-8'?>
<doc><id>10373</id><url>http://news.nankai.edu.cn/nkyw/system/2011/03/02/000037273.shtml</url><title>墨尔本皇家理工大学副校长访问南开-墨尔本,皇家理工大学,副校长,访问-南开要闻</title><datetime>2011-03-02 00:00:00</datetime><body>(记者 张 剑 摄影 任永华)3月1日下午，澳大利亚墨尔本皇家理工大学副校长谭安杰一行访问南开大学。副校长关乃佳在办公楼会见了客人。

在融洽的交谈中，关乃佳与谭安杰分别介绍了南开与墨尔本皇家理工大学的历史与发展近况，共同探讨了国际化办学理念等问题，着重商谈了两校开展合作的具体模式。双方均表示，希望今后加强科研、学术、人才培养等方面的交流合作，一同培养面向新世纪的全球化人才。

墨尔本皇家理工大学是澳大利亚历史最悠久的高等学府之一，因其毕业生就业率位居全澳榜首和课程设计满足了社会各界对各种就业人才的需求而声名远播。今天，墨尔本皇家理工大学已跻身世界著名大学之列。</body></doc>