<?xml version='1.0' encoding='utf-8'?>
<doc><id>10372</id><url>http://news.nankai.edu.cn/nkyw/system/2011/03/03/000037281.shtml</url><title>美国桑佛德大学与南开洽谈合作--南开要闻</title><datetime>2011-03-03 00:00:00</datetime><body>(记者 张剑 摄影 陈晨)3月2日，美国桑佛德大学副校长塔季扬•卡拉曼一行访问南开大学，副校长关乃佳在办公楼会见了客人。

关乃佳对塔季扬•卡拉曼一行的来访表示热烈欢迎，并从历史沿革、人才培养、学科设置、国际交流合作等方面介绍了南开大学的基本情况。塔季扬•卡拉曼对南开大学的热情接待表示感谢，并介绍了该校近年来的发展情况，表示将进一步支持双方的教育合作，推进双方的学术交流。

双方就如何从医学、环境、经济、政治等学科领域入手，在本科生交流、研究生培养、教师交互访和科研合作等方面开展具体合作进行了深入探讨，达成了多项合作意向。

桑佛德大学是建于1841年，位于美国亚拉巴马州赫姆佛德镇，占地180英亩，距伯明翰6英里。现有学生2941名。</body></doc>