<?xml version='1.0' encoding='utf-8'?>
<doc><id>10376</id><url>http://news.nankai.edu.cn/nkyw/system/2011/03/02/000037266.shtml</url><title>校领导到汉语言文化学院调研--南开要闻</title><datetime>2011-03-02 00:00:00</datetime><body>南开新闻网讯(通讯员 韩 苑)2月27日上午，校纪委书记张式琪一行到汉语言文化学院调研。

在调研座谈会上，张式琪认真听取了汉语言文化学院领导班子关于教学科研和交流合作等有关情况的汇报，并就一些细节问题进行了询问和了解。他指出，汉语言文化学院作为全校留学生数量最多的单位，全力维护学院的安全稳定、扩大对外交流、加强孔子学院相关工作等历来是学院工作的重点，希望汉院牢牢把握当前快速发展的机遇，乘势而上，为学校国际化战略做出新的成绩。

会上，张式琪还详细询问了学院学生工作情况，并叮嘱大家务必把学生工作做细、做实，特别要加强对困难学生的关怀与帮助。

随后，张式琪一行来到位于学院二楼的留学生迎新报到现场，慰问了现场工作人员，并与几名外国留学生亲切交谈，预祝他们在南开学业有成、生活愉快。</body></doc>