<?xml version='1.0' encoding='utf-8'?>
<doc><id>10378</id><url>http://news.nankai.edu.cn/nkyw/system/2011/03/01/000037258.shtml</url><title>中澳合作国际酒店管理项目毕业暨开学典礼举行-旅游-南开要闻</title><datetime>2011-03-01 00:00:00</datetime><body>南开新闻网讯(通讯员 韩冬 记者 陈鑫 摄影报道)2月28日，南开大学旅游与服务学院和澳大利亚蓝山酒店管理学院合作举办的国际酒店管理项目第十七届毕业暨第二十一届开学典礼举行。 南开大学党委副书记、旅游与服务学院党委书记焦玮，院长白长虹，副院长刘凯，蓝山酒店管理学院首席执行官盖•本特利，澳大利亚蓝山酒店管理学院中国校区董事加文•弗尔，中国校区校长安娜•奎克等出席典礼。 焦玮、盖•本特利、安娜•奎克、加文•弗尔分别为毕业生颁发中澳两校毕业证书、佩戴毕业绶带，并向他们赠送了毕业纪念品。 典礼还向学生颁发“行业形象奖”、“默默成功奖”、“校园形象奖”、“优秀毕业生奖”。中澳项目第十七届毕业生代表、以及一、二年级学生代表先后在典礼上发言。 中澳项目教务长科林•平托以及来自北京颐和安缦度假村、北京人际万怡酒店等酒店的代表与学生、家长200人参加典礼。</body></doc>