<?xml version='1.0' encoding='utf-8'?>
<doc><id>10388</id><url>http://news.nankai.edu.cn/nkyw/system/2011/02/25/000037210.shtml</url><title>校领导看望湖南校友代表-龚克,湖南,校友-南开要闻</title><datetime>2011-02-25 00:00:00</datetime><body>(通讯员 曾利剑)近日，南开大学校长龚克借在长沙开会之机，看望湖南校友代表，并于当晚与湖南校友代表进行座谈。座谈会由南开湖南校友会会长张国骥主持，20余位湖南校友参加了座谈。

座谈会上，龚克向校友们介绍了南开的发展近况，尤其是津南新校区规划建设进展情况。校友们见到母校的校长感到很亲切。他们得知母校迎来新的发展机遇后，格外振奋，畅所欲言，就弘扬传统、克服浮躁，加强宣传、扩大影响，特别是做好招生宣传、关爱善待学生、强化社会服务、发展金融等社会急需学科、加强内部团结、汇聚优秀人才、加强校友工作、强化“造血”能力、形成“向上之势”等方面发表了意见。

次日，龚克在张国骥的陪同下参观了贾谊和李富春故居。

与湖南校友代表交流过程中，龚克多次对湖南校友会一直来关注和支持母校的发展建设表示感谢，并欢迎在湘校友们经常回母校参观指导。</body></doc>