<?xml version='1.0' encoding='utf-8'?>
<doc><id>10382</id><url>http://news.nankai.edu.cn/nkyw/system/2011/03/01/000037244.shtml</url><title>南开大学与格拉斯哥大学、东京大学全方位合作-格拉斯哥大学,东京大学,全方位,合作,国际学术交流处-南开要闻</title><datetime>2011-03-01 00:00:00</datetime><body>南开新闻网讯(记者 张 剑)在日前举行的市教育国际交流洽谈与合作项目签约仪式上，南开大学成功与英国格拉斯哥大学、日本东京大学签署合作协议，双方将在未来开展全方位合作，实现共赢。

根据协议，南开大学与英国格拉斯哥大学将在师资交流、人才培养、教学科研等领域开展合作，双方将定期派教师、学生进行交流互访，并共同举办国际会议探讨重大学术问题。

格拉斯哥大学校长安顿・马斯凯特里表示，南开与格拉斯哥分别是各自所在国家最好的大学之一，此次来访正是希望能够在生命科学、化学等领域开展更加深入的交流与探讨，相信今后两校的师生之间将拥有更多互访、学习的机会。

南开大学还与东京大学签署了“学术交流协议书”和“学生交流备忘录”。双方均表示，希望今后加强交流，共同开展相关领域的科研项目，为中日教育合作事业作出贡献。双方还就共建实验室等具体问题交换了意见。据悉，南开大学是继北京大学、清华大学等之后，第五所与东京大学签署合作协议的中国高校。

格拉斯哥大学创建于1451年，位于英国苏格兰格拉斯哥，是英国久负盛名的公立大学，其学术活动至今已有长达6个世纪的历史。格拉斯哥大学以其高质量、灵活性和注重每一个人的不同需求而著名。在由苏格兰大学高等教育拨款委员会开展的教学质量评估活动中，格拉斯哥大学被评为英国的13所优秀大学之一，同时也是由英国《泰晤士报》评选的全球前100名最优秀的大学之一。

东京大学是日本9所帝国大学之一。作为日本第一所依照现代学制成立的大学，也是日本的最高学术殿堂，毕业生中包括了不少国家领导级的人物。东京大学是日本及亚洲地区排名最高的学府，也是世界前50大学之一。</body></doc>