<?xml version='1.0' encoding='utf-8'?>
<doc><id>10380</id><url>http://news.nankai.edu.cn/nkyw/system/2011/03/01/000037247.shtml</url><title>南开大学开展食品安全与校园环境卫生检查-环境-南开要闻</title><datetime>2011-03-01 00:00:00</datetime><body>南开新闻网讯(通讯员 李洁梅 摄影 任永华)2月28日，南开大学党委常委、校长助理、总会计师孙广平带领相关部门负责人对学校食品安全与环境卫生开展检查。 孙广平强调，食品安全问题是关系到全校师生身心健康、学校整体安定的头等大事，各部门要提高防范意识，认真落实各项规章制度，严格食品采购、加工流程质量关口，杜绝一切不合格食品进入校园。要建立食品卫生安全的长效工作机制，为南开师生的健康保驾护航。校园环境卫生工作是学校的基础性重要工作之一，良好的校园环境是学校广大师生开展正常教学、生活的基本保证。 此次检查中，重点对各餐饮单位操作间、储藏室的卫生状况，对餐具消毒保洁设施、食品采购渠道、仓储食品卫生状况、管理制度以及餐饮单位卫生许可证、采购索证、从业人员健康证等情况进行了检查。</body></doc>