<?xml version='1.0' encoding='utf-8'?>
<doc><id>10384</id><url>http://news.nankai.edu.cn/nkyw/system/2011/02/28/000037239.shtml</url><title>开学首日校领导走访校园问候师生--南开要闻</title><datetime>2011-02-28 00:00:00</datetime><body>南开新闻网讯(记者 平扬 摄影 任永华)新学期第一天，校领导陈洪、焦玮、杨庆山、张式琪、佟家栋、关乃佳，党委常委、教务长朱光磊，分别走访学校各学院和教学单位，检查开学情况，并向返回工作和学习岗位的全校师生致以问候。

在教务处负责人的陪同下，常务副校长陈洪来到宽敞明亮的第二主教学楼，对课堂教学情况进行巡查，重点对出勤情况、教学秩序和设施等进行检查，对师生们的良好精神风貌予以肯定。在数学学院和外语学院，陈洪向学院相关负责人了解学生返校和教师工作情况，并听取了有关负责人关于学科近况和新学期发展设想的汇报。他希望大家以崭新的精神面貌投入到新学期工作中，为南开发展贡献力量。

尽管初春天气乍暖还寒，师生们对知识的热情未受丝毫影响，出勤情况良好，教学秩序井然。</body></doc>