<?xml version='1.0' encoding='utf-8'?>
<doc><id>10387</id><url>http://news.nankai.edu.cn/nkyw/system/2011/02/25/000037215.shtml</url><title>校领导到经济学院调研-校领导,经济学院,调研-南开要闻</title><datetime>2011-02-25 00:00:00</datetime><body>(记者 张 剑 摄影 任永华)2月24日上午，校长龚克、副校长佟家栋到经济学院调研新学期工作。学校办公室、学工部、研工部、教务处、研究生院、社科处等部门负责人陪同调研。

龚克对南开经济学科的地位和所取得的成绩给予了充分肯定。他指出，经济学科经过几代人的努力，已经取得了优异的成绩，但要在全国范围内保持巩固其优势地位，并进一步提升与发展，需要学院全体教职员工的继续努力。

龚克强调，学院应以新学期为契机，充分挖掘、整合现有资源，继续在教学、科研上下功夫，着力培养出一流人才。在人才队伍建设方面，既要注重人才引进，也要重视现有人才的培养，切实推动经济学科实现新发展。

经济学院党政领导班子、学科带头人等参加了调研活动。学院负责人从学科建设、师资队伍、人才培养等方面简要介绍了经济学院的历史沿革和发展现状。大家纷纷表示，将在今后的工作中进一步拓展学科领域，提升学术水平，为建成国际一流的人才培养基地和科学研究基地而奋斗。</body></doc>