<?xml version='1.0' encoding='utf-8'?>
<doc><id>10385</id><url>http://news.nankai.edu.cn/nkyw/system/2011/02/27/000037221.shtml</url><title>市教育国际交流洽谈与合作项目签约仪式举行-教育,国际交流洽谈与合作-南开要闻</title><datetime>2011-02-27 00:00:00</datetime><body>引进优质教育资源 建设一流水平大学

本报讯(记者 马波 赵晖)天津市教育国际交流洽谈与合作项目签约仪式昨天中午在迎宾馆举行。

市委书记张高丽会见出席仪式的嘉宾。市委常委、市委教育工委书记苟利军，市委常委、市委秘书长段春华，市人大常委会副主任李泉山，副市长张俊芳，南开大学校长龚克，天津大学校长李家俊参加会见或出席仪式。

张高丽代表市委、市政府对本市高校与国外知名院校开展合作表示祝贺。他说，实现经济社会又好又快发展，关键靠人才，基础在教育。我们始终把教育摆在优先发展的战略地位，加快教育事业科学发展，不断扩大高等教育对外开放，全面加强国际交流合作，积极引进优质教育资源，大力提高高等教育质量，努力建设一流水平的大学。

澳大利亚纽卡斯尔大学副校长史蒂芬·尼古拉斯说，我们深切感到，天津对教育事业高度重视，不断加大对教育的投入，支持高校开展多种形式的国际合作，加快提升高等教育国际化水平。我们将相互吸收借鉴办学特色和管理经验，进一步探索合作途径，扩大合作领域，为推动经济发展和社会进步作出贡献。

签约仪式上，南开大学、天津大学、天津师范大学、天津科技大学、天津工业大学、天津理工大学等17所本市高校与美国休斯顿大学、澳大利亚纽卡斯尔大学、日本东京大学及英国、加拿大、德国、比利时、法国、西班牙、爱尔兰、新加坡、韩国、泰国、越南、蒙古等15个国家的31所知名院校签署33项合约，就合作办学、教师培训、学生交流，学分互认、科研合作等多方面开展战略合作。

教育部与本市有关方面负责人参加相关活动。</body></doc>