<?xml version='1.0' encoding='utf-8'?>
<doc><id>10386</id><url>http://news.nankai.edu.cn/nkyw/system/2011/02/26/000037219.shtml</url><title>校领导到历史学院调研--南开要闻</title><datetime>2011-02-26 00:00:00</datetime><body>校领导到历史学院调研 来源： 南开新闻网 发稿时间： 2011-02-26 08:17 南开新闻网讯(记者 陈 鑫 摄影 任永华)2月25日上午，南开大学校长龚克、常务副校长陈洪到历史学院调研。学校办公室、人事处、教务处、研究生院、党委研工部、社科处、国际学术交流处等部门负责人陪同调研。 (记者 陈 鑫 摄影 任永华)2月25日上午，南开大学校长龚克、常务副校长陈洪到历史学院调研。学校办公室、人事处、教务处、研究生院、党委研工部、社科处、国际学术交流处等部门负责人陪同调研。 龚克指出，历史学科在学校建设特色鲜明国际知名的高水平大学、培养学生综合素质中具有重要作用。“十二五”期间，历史学科要巩固自身发展优势，进行整体构思，保持忧患意识，增强机遇意识。 龚克强调，历史学院要坚持以育人为本，为学生服务，通过培养人把教学、科研、社会服务结合起来。要加强师资队伍建设，坚持师德学风建设，发扬南开人务实致用的精神。 座谈中，历史学院党政领导班子、学科带头人简要介绍了南开历史学科的传承、发展、现状以及面临的问题。 龚克一行还考察了历史学院网络中心、博物馆、资料室、中国社会史研究中心等建设情况。 编辑 ： 韦承金 分享南开大学新闻 相关新闻：</body></doc>