<?xml version='1.0' encoding='utf-8'?>
<doc><id>10381</id><url>http://news.nankai.edu.cn/nkyw/system/2011/03/01/000037245.shtml</url><title>南开两教授获国家“十一五”科研突出贡献奖-“十一五”,科研突出贡献奖,刘育,王磊-南开要闻</title><datetime>2011-03-01 00:00:00</datetime><body>南开新闻网讯(记者 平 扬)记者日前通过国家科技部网站获悉，为表彰先进，鼓舞广大科技工作者在“十二五”期间作出更大贡献，科技部日前表彰“十一五”国家科技计划工作先进集体和个人。南开大学化学学院教授刘育、泰达生物技术学院教授王磊榜上有名，双双荣获“‘十一五’国家科技计划执行突出贡献奖”。由南开大学科研人员合作参与的纳米材料和纳米结构的性能与应用基础研究团队获评“‘十一五’国家科技计划执行优秀团队”。

此次全国有461个团队和单位获“‘十一五’国家科技计划执行优秀团队奖”，287人获“‘十一五’国家科技计划执行突出贡献奖”。此外，科技部还评选了“‘十一五’国家科技计划组织管理优秀组织奖”和“‘十一五’国家科技计划组织管理突出贡献奖”。

国家杰出青年基金获得者、教育部“长江学者奖励计划”特聘教授、南开大学教授刘育在超分子化学领域成就显著。“十一五”期间我国首次启动的重大科学研究计划中，刘育成为全国40位首席科学家之一，承担了纳米研究计划项目――“具有重要应用背景的纳米超分子组装体的构筑与功能研究”，目前，该课题已经结题并取得了重要创新成果。不久前，他还因“环糊精的分子识别与组装”项目获得国家自然科学二等奖。

《国家中长期科学和技术发展规划纲要(2006-2020年)》确立了“艾滋病和病毒性肝炎等重大传染病防治”等16个科技重大专项，国家杰出青年基金获得者、教育部“长江学者奖励计划”特聘教授、南开大学教授王磊领衔承担了两个相关项目，一项为呼吸道感染和感染性腹泻病原体诊断和组合检测技术，另一项为传染病病原细菌特异分子标识筛选技术平台和高通量筛查及快速鉴定技术平台，研究均已取得重要成果。</body></doc>