<?xml version='1.0' encoding='utf-8'?>
<doc><id>10393</id><url>http://news.nankai.edu.cn/nkyw/system/2011/02/20/000037192.shtml</url><title>近600考生今赴南开大学迎战自主招生联考-自主招生-南开要闻</title><datetime>2011-02-20 00:00:00</datetime><body>家长在考场外等候

考生认真作答

(记者 张轶帆 摄影报道)2月20日，由南开大学、北京大学等13所高校共同举办的2011年综合性大学自主选拔录取联合考试于上午8：30准时开考，近600名“尖子生”齐聚此次联考的天津地区唯一考点南开大学，为圆“名校梦”较量实力。此次自主招生考试从早上8点30分开始，最后一门的结束时间为晚上8点20分，持续时间约12个小时。因此对广大考生而言，这更是一场包括体力在内的综合实力的大比拼。

此次联考共设语文、数学、外语、历史、政治、物理、化学7科考试，每科成绩满分为100分。语文、数学、英语3科目考试于当天上午一起进行，具体时间为8：30-12:00；下午举行的物理、化学、历史、政治4科目考试时间依次为14：00-15：00、 15：20-16：20 、18：00-19：00 、19：20-20：20。

虽然自主招生联考被一些媒体称为“小高考”，但由于规模相对较小，记者在现场并没有感受到如高考等大型考试那样的紧张气氛。没有道路拥堵，没有人潮汹涌，此次考试进行得有序且从容。

正在考场外等候的家长李女士心态也显得较为平和：“有机会就来争取一下，就当是高考前的演习了。”记者在采访中发现，大多数家长和同学都表示，这类考试难度可能比高考大得多，参加考试就是抱着一种“试试看”的心态，不会给孩子和自己太大压力。

此次联考共有13所综合性高校加盟，分别为北京大学(含医学部)、北京航空航天大学、北京师范大学、南开大学、复旦大学、厦门大学、山东大学、武汉大学、华中科技大学、中山大学、四川大学、兰州大学、香港大学(以国家院校代码为序)。联考考生将在各省、市、自治区考点就近参加此次考试，免于旅途奔波。各高校将视各自标准依照报考学生成绩进行甄选，考生根据报考学校要求自行选择考试科目。

据悉，全国有超过4500名学生报考2011年南开大学自主招生考试，按照教育部录取比例的要求，将有约300名考生经过竞争可获得南开自主招生资格。针对南开大学，参加联考的理科生需要提供语文、数学、外语、物理、化学等5个科目成绩，而文科生则需要提供数学、语文、外语、历史、政治等5个科目成绩。</body></doc>