<?xml version='1.0' encoding='utf-8'?>
<doc><id>10396</id><url>http://news.nankai.edu.cn/nkyw/system/2011/02/18/000037178.shtml</url><title>停电通知--南开要闻</title><datetime>2011-02-18 00:00:00</datetime><body>校内各用电单位、各居民楼： 根据天津市城西供电公司安排，近期将对其所属供电线路进行停电检修。检修时间2011年2月22日早8：30至下午17：00，届时该时间段内全校范围内有两次不定时停电，每次停电不超过一小时。 请校内各重要用电单位自行做好停电期间的工作安排。停电期间，随时有提前送电的可能，请各单位和居民提前做好准备，给您带来的不便，敬请谅解。联系电话： 23508985、23505584、23508015 南开大学动力供应与维修中心 2011年2月15日</body></doc>