<?xml version='1.0' encoding='utf-8'?>
<doc><id>10397</id><url>http://news.nankai.edu.cn/nkyw/system/2011/02/17/000037173.shtml</url><title>香港泰�N集团主席张舜尧来访-张舜尧-南开要闻</title><datetime>2011-02-17 00:00:00</datetime><body>南开新闻网讯(记者 张丽 摄影 任永华)2月17日，香港泰�N集团主席、天津市政协委员张舜尧访问南开大学。校长龚克在办公楼会见了客人。学校办公室、发展办、国际学术交流处、经济学院相关负责人陪同会见。

龚克代表学校对张舜尧的来访表示热烈欢迎，向他长期以来对南开大学的关怀与帮助表示衷心感谢。他说，张舜尧先生在南开设立各种奖助学金，不仅是对学生的资助，更是对学生的品德教育。学校也将创造条件为学生提供更多的勤工助学岗位，引导他们在受助的同时尽所能帮助他人。希望张舜尧先生今后能继续支持南开教育的发展，共同为社会培养德才兼备的学子。

张舜尧表示，在与南开大学的交往中，自己已对南开产生了深厚的感情，希望通过在南开设立奖助学金等形式为南开的学生培养尽一分力。他说，每年来南开参加奖助学金颁奖典礼时，最高兴的就是与学生交流的时刻，希望每一位受助学子都能以感恩之心回报社会。

会见中，双方还就南开师生赴香港交流等问题进行了探讨。

2004年，张舜尧发起并组织其好友向南开大学捐资设立了张舜尧奖学金、梁黄顾建筑师(香港)事务所奖学金、冯潮泽奖学金和香港尖沙咀扶轮社助学金，用以奖励和资助品学兼优的家庭经济困难学生。7年来，张舜尧及其香港友人向南开大学捐助的奖、助学金共计378.2万元，奖励和资助了1413名南开学子，其中490名获奖学金，923名获助学金。2010年，张舜尧及其香港友人共捐资85.6万元，奖励和资助了360名南开学子。</body></doc>