<?xml version='1.0' encoding='utf-8'?>
<doc><id>10394</id><url>http://news.nankai.edu.cn/mtnk/system/2011/02/20/000037184.shtml</url><title>天津网:海河教育园区二期规划出“草图”-海河教育园-媒体南开</title><datetime>2011-02-20 00:00:00</datetime><body>天津网讯 城市快报记者 刘晓艳 即时播报 在海河教育园区首批入住学校正忙着搬家之际，海河教育园二期建设规划也在紧锣密鼓地进行。在日前召开的市政府第66次常务会议上，南开大学、天津大学新校区总体规划方案获得审议通过。这样，包括南开大学和天津大学在内的海河教育园二期工程建设按照规划，将保持“一廊两翼”的布局特点，西翼拟安排天津大学和铁道职业技术学院、商务职业学院、青年职业学院、公安警官职业学院4所高职；东翼拟安排南开大学和市委党校、欧洲中学、科技之家、广播电视大学4个单位。

据悉，4所入园高职学院共有80个专业，涉及170个职业岗位群，多为本市经济社会发展急需的专业。其中，铁道职业技术学院以服务国家轨道交通产业发展为主，以铁道运输、铁道工程等轨道交通类专业为特色；商务职业学院以服务外向型经济发展为主，以国际贸易实务、商务经济与代理等商务经济贸易类专业为特色；青年职业学院以三产类的社会服务业为主，以社区管理与服务、民政工作等社会服务类专业为特色；警官职业学院以社会管理创新、社会管理服务为主，以治安管理、安全保卫等专业为特色。4所学校的学科专业与一起入园学校形成优势互补，可实现错位发展。

二期建设6月底前完成征地拆迁，同期南开大学、天津大学开工建设。10月前各职业院校开工。2012年底，学校建设任务基本完成，2013年秋季正式投入使用。</body></doc>