<?xml version='1.0' encoding='utf-8'?>
<doc><id>10391</id><url>http://news.nankai.edu.cn/nkyw/system/2011/02/22/000037201.shtml</url><title>校领导出席“清华大学百年校庆座谈会”-校庆-南开要闻</title><datetime>2011-02-22 00:00:00</datetime><body>南开新闻网讯(记者 边文)2月21日，由教育部组织召开的“清华大学百年校庆座谈会”在清华科技园科技大厦举行。南开大学校长龚克出席会议并发言，就清华百年校庆筹划工作提出了各自的意见和建议，并就中国高校在中国高等教育中的责任与使命、继续深化教育体制改革、建设高等教育强国、科技与教育的有机结合、教育创新和创新人才培养等话题和与会代表深入交换了意见。 会议由教育部党组副书记、副部长杜玉波主持。教育部原副部长、中国高等教育学会会长周远清，清华大学、北京大学、中国人民大学、北京师范大学、北京航空航天大学、中国农业大学、复旦大学、西安交通大学、南京大学、哈尔滨工业大学等高校负责人出席会议。</body></doc>