<?xml version='1.0' encoding='utf-8'?>
<doc><id>10395</id><url>http://news.nankai.edu.cn/nkyw/system/2011/02/19/000037182.shtml</url><title>南开大学新校区规划方案通过 2013年投入使用-新校区-南开要闻</title><datetime>2011-02-19 00:00:00</datetime><body>南开新闻网讯(记者 刘慕鑫)2月18日，天津市政府第66次常务会议审议通过了南开大学、天津大学新校区总体规划方案。今年6月底前，位于海河教育园区的南开大学、天津大学新校区将开工建设，2013年投入使用。

南开大学津南新校区位于天津市中心城区和滨海新区黄金走廊的中心位置――海河中游南岸的海河教育园区内。东临津南新城，南邻津港高速，西北侧为园区中央生态绿廊和天南镇(与天津大学共享区)。总用地面积约250公顷，打造以师生为本的生态化、园林化、特色化、人文化的一流大学校园。建筑风格也已达成初步意向，以红砖和浅色石材为主要建筑材料的简欧式风格，在传承南开历史欧式老建筑风格的同时，注重体现可持续发展的要求，积极采用节能环保技术、材料及工艺。形成以图书馆为中心的南北向公共服务建筑“实轴”和东西向自然与人文交融的景观“虚轴”。

新校区突出园林式、书院式等特点，各学院组团与中轴距离基本均衡，服务半径均等，实现了公共资源的均衡性。南北轴线上布置行政楼、教学楼、实验楼、图书馆、体育馆等公共资源；在东西轴线上布置博物馆、南开讲堂、张伯苓纪念园、马蹄湖等历史文化建筑及自然景观，在部分区域恢复重建思源堂、秀山堂、芝琴楼等老南开代表性建筑。

在建设进度方面，南开大学新校区规划建筑面积120万平方米，一期项目主要位于校际联络线以西，从2011年6月至2013年9月，完成建设项目65万平方米。一期建设完成后，公共教学区与各学院组团、对外办学区域已经初具规模。二期建设期从2013年至2015年，完成建设项目26万平方米。可持续发展建设期从2016年至2050年，继续完善使用需求和各种配套项目。</body></doc>