<?xml version='1.0' encoding='utf-8'?>
<doc><id>10390</id><url>http://news.nankai.edu.cn/nkyw/system/2011/02/22/000037202.shtml</url><title>肖怀远受聘为南开大学兼职教授-兼职教授-南开要闻</title><datetime>2011-02-22 00:00:00</datetime><body>(记者 丁峰 摄影 陈晨)2月21日，肖怀远南开大学兼职教授致聘仪式在明珠园举行。天津市委宣传部副部长李毅、南开大学党委书记薛进文、校长龚克、常务副校长陈洪、校党委副书记刘景泉以及学校办公室、宣传部、文学院有关负责同志出席了致聘仪式。

薛进文为肖怀远教授佩戴校徽、龚克为肖怀远教授颁发聘书，陈洪主持仪式。肖怀远教授向南开大学赠送了由其策划创作的大型革命历史题材电视剧《解放》、纪录片《延安时代》和《解读皇粮国税》光盘并致辞。

肖怀远教授在致辞时表示，南开是一所有着深厚积淀和光荣传统的学校，为国家民族和天津发展培养了大批全面发展的优秀人才，南开的素质教育、爱国主义教育一直是值得学习的榜样。他说，2004年，他参与策划制作了电视剧《张伯苓》。由此，对南开精神有了更深的感触和理解，对以老校长张伯苓等一代代南开人所坚持的办学理念感到更加地赞同和钦佩。今天能够成为一个真正的南开人，感到十分光荣，愿意为南开做更多的工作和事情。

肖怀远教授著有《西藏地方货币史》、《西藏历史档案汇萃》、《西藏畜牧业走向市场的问题与对策》、《西藏经济改革纵横谈》，另有散文、文学评论多篇。《西藏地方货币史》获全国民族经济学优秀论著奖。《西藏畜牧业走向市场的问题与对策》获第四届中宣部“五个一”工程优秀论著奖。</body></doc>