<?xml version='1.0' encoding='utf-8'?>
<doc><id>10398</id><url>http://news.nankai.edu.cn/nkyw/system/2011/02/16/000037156.shtml</url><title>南开大学新校区将于年内开工建设-新校区-南开要闻</title><datetime>2011-02-16 00:00:00</datetime><body>南开新闻网讯(记者 张丽)今年是“十二五”开局之年，也是贯彻实施《天津市中长期教育改革和发展规划纲要》的关键一年。日前，天津市教委制定下发了2011年工作要点，对2011年教育工作进行了全面部署。为进一步优化高校布局调整，今年天津市将加快南开大学、天津大学新校区规划设计，确保年内开工建设。

此外，在高等教育方面，今年天津市将创新高等院校科技管理体制，鼓励高等院校教师以职务成果创办企业，允许职务成果作价入股，向企业提供技术服务。鼓励高等院校教师、学生参与“科技小巨人成长计划”，发展科技型中小企业，构建包括专业孵化器、大学科技园、创业导师队伍在内的孵化体系。设立科技成果转化扶持基金，重点资助20项重大科技成果转化项目，积极储备100项重大科技研发项目。建立行业企业需求与高校成果信息对接制度，遴选并转化一批适宜科技型中小企业需求的科技成果。依托滨海新区，面向全国建设高校创新成果转化中心，建设多功能产学研合作平台，吸引一批国内外知名院校，聚集一批高素质创新团队，转化一批高水平科技成果，探索高校主动对接企业研发和技术攻关的新机制。进一步完善滨海技术转移中心、产学研战略联盟等载体的运行机制，推进科技特派员计划和科技创新团队服务计划。</body></doc>