<?xml version='1.0' encoding='utf-8'?>
<doc><id>1039</id><url>http://news.nankai.edu.cn/nkyw/system/2018/03/04/000370135.shtml</url><title>南开大学召开座谈会隆重纪念杰出校友周恩来诞辰120周年--南开要闻</title><datetime>2018-03-04 00:00:00</datetime><body>南开新闻网讯(记者 聂际慈 摄影 赖鸿杰)3月5日是南开杰出校友周恩来总理诞辰120周年纪念日。3月3日，南开大学召开“学习总书记讲话 传承周恩来精神——纪念周恩来同志诞辰120周年座谈会”，学习习近平总书记在纪念周恩来同志诞辰120周年座谈会上的重要讲话，缅怀伟人风范，传承恩来精神。

校党委书记魏大鹏传达习近平总书记在纪念周恩来同志诞辰120周年座谈会上的重要讲话精神，校党委副书记、校长曹雪涛讲话，曾在20世纪50年代亲历周恩来回母校视察亲切场景的中国工程院院士、南开大学化学学院教授李正名先生，南开大学荣誉教授李赫�I先生出席座谈会，在校校领导班子成员、老中青三代教师代表、各分党委(党总支、党工委)书记、部分职能部门负责同志、后勤职工代表、“周恩来”班、“伯苓班”学生以及部分学院师生代表参加会议，校党委副书记王磊主持会议。

魏大鹏代表南开大学参加中共中央纪念周恩来同志诞辰120周年座谈会，他和全体与会者一起集体学习了习近平总书记在中央纪念周恩来同志诞辰120周年座谈会上的重要讲话。习近平总书记在讲话中指出，周恩来，是一个光荣的名字、不朽的名字。每当我们提起这个名字就感到很温暖、很自豪。周恩来同志在为中国人民谋幸福、为中华民族谋复兴、为人类进步事业而奋斗的光辉一生中建立的卓著功勋、展现的崇高风范，深深铭刻在中国各族人民心中，也深深铭刻在全世界追求和平与正义的人们心中。

魏大鹏说，习近平总书记在讲话中强调，周恩来同志是近代以来中华民族的一颗璀璨巨星，是中国共产党人的一面不朽旗帜。周恩来同志的崇高精神、高尚品德、伟大风范，感召和哺育着一代又一代中国共产党人。周恩来同志身上展现出来的中国共产党人的崇高精神，是历史的，也是时代的，将激励我们在新时代坚持和发展中国特色社会主义征程上奋勇前进。周恩来同志是不忘初心、坚守信仰的杰出楷模，是对党忠诚、维护大局的杰出楷模，是热爱人民、勤政为民的杰出楷模，是自我革命、永远奋斗的杰出楷模，是勇于担当、鞠躬尽瘁的杰出楷模，是严于律己、清正廉洁的杰出楷模。现在我们比历史上任何时期都更接近、更有信心和能力实现中华民族伟大复兴的目标。周恩来同志生前念兹在兹的中国现代化的宏伟目标，一定能够在不远的将来完全实现。

魏大鹏说，习近平总书记在讲话中指出，新时代中国特色社会主义的航线已经明确，中华民族伟大复兴的巨轮正在乘风破浪前行。在前进道路上，我们要更加紧密地团结在党中央周围，高举中国特色社会主义伟大旗帜，奋发进取，埋头苦干，勇于开拓，勇于创新，为实现党的十九大确定的目标任务，为决胜全面建成小康社会、夺取新时代中国特色社会主义伟大胜利、实现中华民族伟大复兴的中国梦而继续奋斗！

魏大鹏说，在参加中央座谈会学习习近平总书记重要讲话后，深受教育、深受鼓舞，希望全校各级党组织和广大师生员工按照习近平总书记重要讲话要求，向周恩来同志学习，学习他的杰出楷模的崇高精神、高尚品德、伟大风范，扎扎实实做好南开大学各项工作，把南开发展好、建设好，不辜负周恩来同志生前对母校的关怀和期望。

李正名先生，周恩来政府管理学院院长孙涛教授，周恩来研究中心主任徐行教授，思想政治理论课教师代表、马克思主义学院副院长林绪武教授，辅导员代表、校党委学工部干部朱祥超，第七届“周恩来班”代表、经济学院经管法专业2016级本科生郝若馨，第十一届研究生“周恩来奖学金”获奖代表、文学院2016级硕士研究生常小松，南开大学新觉悟社成员、历史学院2016级本科生朱恒宇先后发言。

李正名曾在周恩来1959年第三次视察南开大学时亲眼目睹总理风采。他在《伟人功勋竟传颂精神永照南开人——深切缅怀敬爱的周总理》主题发言中说，1959年5月28日，他看到敬爱的周总理在杨石先校长等人的陪同下，来到第二教学楼何炳林教授高分子实验室，周总理目光炯炯、神采奕奕，大家都热烈鼓掌表示欢迎。此外，李正名还回忆了他担任杨石先校长的科研助手时，周总理对南开的亲切关怀以及对杨石先的巨大影响。他回忆道，“杨石先是通过周总理进一步认识共产党的，在周总理的启发下，1960年杨校长由一个民主主义者转变为一名共产主义战士，光荣加入中国共产党。”李正名说，现在南开正为建设世界一流大学而奋斗，幸福要通过不懈的艰苦努力争取来，全体师生要以周恩来同志为学习榜样，在各自的岗位上更加努力工作，做出无愧于当今时代的新贡献。

孙涛在《践行恩来政府管理思想着力打造一流专业学院》主题发言中说，周恩来政府管理学院是全国唯一以政治家的名字冠名的学院，学院秉承恩来精神，参照和研究周恩来政府管理思想，总结周恩来的领导方式和对人事、行政管理、制度法规建设方面的思想特点，在学院党的建设、学术研究、教师队伍建设与行政管理中强调方圆结合、刚柔结合、民主与集中相结合，积极开展批评与自我批评，发挥党政联席会、教授会、学术委员会作用，推动学务、政务公开。在一流学科建设过程中，政府学院正建设公管学科群和国际问题学科群，加强国际化进程，面向国家“一带一路”建设的需要培养人才。

徐行做《在新的时代，继续深入研究、大力弘扬周恩来精神》主题发言，他表示，习近平总书记在纪念周恩来同志诞辰120周年座谈会上的讲话深刻阐述了周恩来的楷模精神。中国特色社会主义进入新时代，大家应学习周恩来坚守信仰的精神，确立爱国主义思想和坚定的共产主义信仰，并为之努力奋斗终身。学习周恩来全心全意为人民服务的精神，学习他一生勤勤恳恳，任劳任怨，敬业爱民的工作作风。学习周恩来廉洁奉公、严格自律、艰苦奋斗的精神。学习周恩来埋头苦干、实事求是的精神，学习他杰出的政府管理思想，积极为我国现代化建设作奉献。学习周恩来对中华民族优秀文化的传承精神，铭记他对弘扬中华民族优秀文化做出的不朽贡献。南开大学周恩来研究中心将做好周恩来研究与恩来精神的宣传。

林绪武在《学习和传承总理的人民情怀》主题发言中说，要学习和传承周恩来在任何时候都把人民利益放在第一位、全心全意为人民服务的人民情怀。周恩来的人民情怀，是将“一切为了人民”作为毕生的价值追求，是把“一切依靠人民”作为根本的工作方法，是坚持“领导干部也是普通人”根基与底色。作为思政课教师，有责任认真学习周恩来的崇高精神并将其融汇到教学工作中，要站在“中国立场”上把“学科话语”“理论话语”“中国话语”讲透彻、讲明白、讲生动，将“以人民为中心”的发展思想和价值理念通过课堂植根于学生的头脑当中，努力让每一位学生都能沿着张伯苓老校长“知中国，服务中国”的理念，以杰出校友周恩来为标杆，树立崇高理想和远大抱负，立公增能、开拓创新，做新时代的弄潮儿。

朱祥超是第六届“周恩来班”——哲学院2014级本科生班的辅导员，他在《学思践悟传承恩来精神秉公尽能奉献百年南开》主题发言中表示，“周恩来班”以恩来精神为指引，努力营造积极向上、具有南开特色的班风和学风。班级成员认真阅读与周恩来有关的著作，曾通过暑期社会实践辗转4省12地，跋涉8000余公里，重走长征路，深刻领会恩来学长的崇高品德和精神风范。大家倍加珍惜这项来之不易的集体荣誉，积极发挥“周恩来班”的示范带动作用，让更多的班级、更多的学生学习和传承恩来精神。在个人从事思想政治工作过程中，他努力以周恩来为楷模，践行恩来精神，将辅导员工作当作毕生的事业去追求，力争做学生健康成长的引路人，做无愧于新时代的学生辅导员。

郝若馨发言题目是《致敬总理：中华崛起有我在》。她说，“周恩来班”是南开大学授予本科生班集体的最高荣誉。周恩来不畏艰难、严以律己、勇攀高峰的品质以及在青年时期就表现出来的鸿鹄之志和责任担当，深深鼓舞、鞭策着每一名班级成员成为胸怀天下、全面发展、思维开阔的复合型人才。在恩来精神的感染下，班级形成了脚踏实地、勇攀高峰的严谨学风，团结拼搏、乐学善思的良好班风，也让每一名成员有了奉献社会、服务他人的价值追求。未来中国，当看青年，南开学子要接过新时代的接力棒，不辱民族复兴的使命，不负大有可为的时代，传承恩来精神、践行南开人责任，用行动诠释“为中华之崛起而读书”。

常小松做《以周总理为榜样，争做新时代青年》主题发言，他说，南开学子要以周恩来为楷模。周恩来曾说，要“为中华之崛起而读书”，它激励着南开人树立远大理想，到西部去、到基层去、到军营去，主动将时代使命融入到人生的奋斗历程中，情系乡土、情系人民、情系民族命运。以周恩来为楷模，刻苦学习的精神也必不可少。青年人正处于学习的黄金时期，应该把学习作为首要任务，作为一种责任、一种精神追求、一种生活方式，像青年周恩来一样，不断学习新思想、新知识。以周恩来为楷模，还要肩负责任担当，在新时代把“恩来精神”内化为自身的品格和修养，内化为自觉的人格追求和精神境界，做“有理想、有本领、有担当”的新时代青年。

朱恒宇发言题目是《传承恩来精神 做新时代的觉悟者》，他说，传承恩来精神，秉承“公能”校训，应是广大南开青年的责任担当。周恩来是觉悟社的创始人，为了纪念周恩来等革命先辈，传承南开人的社会担当精神，南开学子在本世纪初自发组织成立了新觉悟社以及理论社团联盟“翔宇社”，社团秉承“知中国服务中国”的理念，以实际行动践行恩来精神，并注重将恩来精神贯彻到学习生活中去，实现学思践悟的高度统一。新觉悟社及翔宇社成员，都以周恩来为楷模，传承、宣传恩来精神，勇担历史重任，践行社会责任，立志为中华崛起而读书，为民族复兴而成才，当好新时代的“觉悟者”和“实干者”。

曹雪涛在讲话中回顾了周恩来在南开的求学岁月，以及他与严修、张伯苓等南开先贤的深厚情谊，对南开大学的亲切关怀。曹雪涛说，今天，我们怀着十分崇敬的心情，以召开师生座谈会的形式，纪念南开杰出校友、敬爱的周恩来总理诞辰120周年，缅怀伟人风范，激励广大师生以周恩来为楷模，弘扬周恩来精神，勇担历史重任，为中华崛起读书，为民族复兴育才，努力建设南开品格、中国特色、世界一流大学。通过学习习近平总书记在纪念周恩来同志诞辰120周年座谈会上的重要讲话精神，听取南开师生代表结合实际、饱含深情的发言，他深受教育、深受感动。敬爱的周总理虽已离开我们42年，但对全体南开人而言，他从未离去。纪念周恩来，研究周恩来，学习周恩来，已在南开大学蔚然成风，周恩来的思想风范和精神品格，更在南开师生中得到代代传承和弘扬，作为总理母校，是南开的无上光荣，传承弘扬周恩来精神，是南开义不容辞的责任使命。对南开大学师生而言，要特别注意学习和弘扬周恩来的五种精神：

一是忠于信仰的精神。周恩来信仰坚定、理想崇高，对党和人民无限忠诚。周恩来在确立革命理想信念的过程中，既有追求真理的强烈愿望，又有深思熟虑的理性思考；既重视对科学理论的学习和研究，又注重在实践中运用和发展科学理论；既注意学习马克思主义的先进理论，又注意吸取中华民族的文化精华。他的革命理想信念是建立在理性自觉的基础之上的，因此坚如磐石。二是求真务实的精神。周恩来从学生时代就逐步培养起趋重实际、言行一致、实事求是的优良品质。在工作中，他坚持理论联系实际，用科学的世界观方法论指导实践，一贯倡导学会运用辩证唯物主义的思想方法，高度重视对实际情况的调查研究，注重总结实践经验，考虑问题时总是力求在分析、综合、比较上多下功夫。三是探索创新的精神。周恩来反对迷信盲从，敢于独立思考，崇尚科学真理，勇于探索创新。1959年5月28日，他第三次来母校视察时指出：“要掌握新的规律、新的平衡、新的比例、新的关系，这不是一下子就能处理恰当的。”他还勇于作自我批评，善于从错误中总结和发现问题。四是严于律己的精神。周恩来一生心底无私，严以律己，廉洁奉公。他身居高位，但从不搞特殊化，凡要求党员和群众做到的，他自己首先做到。他身后没有留下任何个人财产，他的骨灰撒在了祖国的江河大地上。在严守政治纪律方面，他更是以身作则，对亲人与身边人也不例外。五是不断学习的精神。1951年9月29日，周恩来在京津高等学校教师学习报告会上作《关于知识分子的改造问题》的报告。他说：“大家学习的目的是为了改造自己。改造需要时间，应该由浅入深，循序渐进。我参加五四运动以来，已经三十多年了，也是不断地进步，不断地改造。”

曹雪涛指出，进入中国特色社会主义新时代，面向南开新百年，学校第九次党代会提出了建设南开品格、中国特色、世界一流大学的宏伟目标。杰出校友周恩来是南开人的骄傲，也是南开办学成果的结晶。南开人当年办学的初心，就是为国家民族的振兴作育英才。广大南开师生员工要以周恩来为楷模，弘扬恩来精神，勇担历史重任，不忘初心，牢记使命，坚持把立德树人作为办学的根本任务，以培养公能兼济、全面发展的社会主义建设者和接班人为目标，以强化质量、突出特色为基点，全面提升学校核心竞争力，作育英才、繁荣学术、强国兴邦、传承文明，建设一所伟大的学校，为中华民族的伟大复兴，为人类社会的文明进步，做出南开人应有的贡献，这是当代南开人对周恩来最好的纪念。

王磊在主持会议时说，周恩来是南开大学杰出校友，是南开人的杰出楷模，他的崇高精神、高尚品德、伟大风范丰富充实了南开精神的内涵。南开精神就是周恩来精神的一种体现，而周恩来精神又感召和激励着一代代南开人攻坚克难、奋勇前进，在新时代不断丰富和发展南开精神。我们要认真学习贯彻习近平总书记重要讲话精神，紧密团结在以习近平同志为核心的党中央周围，在习近平新时代中国特色社会主义思想指引下，不忘初心，牢记使命，凝心聚力，全面加快一流大学建设，把南开建设成一所伟大的学校，为国家民族与社会做出南开贡献。

当天中午，魏大鹏、曹雪涛，校党委副书记、副校长杨克欣与师生代表齐聚八里台校区周恩来塑像前敬献鲜花。

据悉，为纪念周恩来诞辰120周年，学校及各单位还举办了“践行恩来精神勇担时代使命”大学生主题论坛、“看总理外交话中外情谊”中外师生交流会等纪念活动。</body></doc>