<?xml version='1.0' encoding='utf-8'?>
<doc><id>10408</id><url>http://news.nankai.edu.cn/nkyw/system/2011/02/05/000037099.shtml</url><title>【南开2010要闻回顾】英才辈出 沃土南开--南开要闻</title><datetime>2011-02-05 00:00:00</datetime><body>【南开2010要闻回顾】英才辈出 沃土南开 来源： 发稿时间： 2011-02-05 15:43 2010年，学校召开贯彻落实中央16号文件精神成果汇报会，总结加强和改进学生思想政治教育的成效经验；召开第六届高校学生课外理论学习社团研讨会，鼓励学生开展马克思主义中国化最新理论成果的学习与研究。《红旗谱》青年读书会成立，天津日报・南开大学人才实践基地挂牌。“杰出南开人月”活动获2010年高校校园文化建设优秀成果二等奖。 2010年，学校召开贯彻落实中央16号文件精神成果汇报会，总结加强和改进学生思想政治教育的成效经验；召开第六届高校学生课外理论学习社团研讨会，鼓励学生开展马克思主义中国化最新理论成果的学习与研究。《红旗谱》青年读书会成立，天津日报・南开大学人才实践基地挂牌。“杰出南开人月”活动获2010年高校校园文化建设优秀成果二等奖。 学生志愿者服务夏季达沃斯论坛、上海世博会、广州亚运会；参与联合国“外出务工人员子女培训试点项目”志愿服务工作，弘扬时代主旋律。学生合唱团代表国家参演“俄罗斯汉语年”、“西班牙汉语年”、“葡萄牙汉语年”，传播中国文化。信息技术科学学院2008级计算机专业硕士研究生陈永刚冰湖勇救落水老人，并荣获第十四届“中国青年五四奖章”。物理科学学院4名本科生研究成果登上世界光学专业顶级期刊《光学快报》。文学院本科生王�h跻身国际象棋世界排名前十，并在广州亚运会中担任一台主将出战，为我国夺取男团冠军发挥了重要作用。 编辑 ： 陈鑫 相关新闻：</body></doc>