<?xml version='1.0' encoding='utf-8'?>
<doc><id>10400</id><url>http://news.nankai.edu.cn/nkyw/system/2011/02/15/000037150.shtml</url><title>南开大学等高校自主招生联考将开考-联考-南开要闻</title><datetime>2011-02-15 00:00:00</datetime><body>南开新闻网讯(记者 平扬)由南开大学、北京大学等13所高校共同举办的自主招生联考，将在本月20日各地同时开考。全国超过4500名学生报考2011年南开大学自主招生考试，为实现“名校梦”紧张备战。按照教育部录取比例的要求，将有约300名考生经过竞争可获得南开自主招生资格。

据悉，此次联考共有13所综合性高校加盟，分别为北京大学(含医学部)、北京航空航天大学、北京师范大学、南开大学、复旦大学、厦门大学、山东大学、武汉大学、华中科技大学、中山大学、四川大学、兰州大学、香港大学(以国家院校代码为序)。

联考考生将在各省、市、自治区考点就近参加此次考试，免于旅途奔波。南开大学作为此次联考的天津地区唯一考点，将为近600名报考各校的考生提供良好的考试环境。

具体考试时间备受考生和家长关注，据了解，基于人才培养目标的接近，联考将设语文、数学、外语、历史、政治、物理、化学等7科考试，每科成绩满分为100分。语文、数学、英语3科目考试于当天上午一起进行，具体时间为8：30-12:00；下午举行的物理、化学、历史、政治4科目考试时间依次为14：00-15：00、 15：20-16：20 、18：00-19：00 、19：20-20：20 。

各高校将视各自标准依照报考学生成绩进行甄选，考生根据报考学校要求自行选择考试科目。针对南开大学，参加联考的理科生需要提供语文、数学、外语、物理、化学等5个科目成绩，而文科生则需要提供数学、语文、外语、历史、政治等5个科目成绩。

据南开大学学生工作部副部长、招生办公室主任赵桂敏介绍，此次通过联考报考南开大学的自主招生考生，学校将根据其笔试成绩，确定面试人选，考生可通过登录南开的专门网站进行查询，各项工作在全透明状态下接受社会监督。</body></doc>