<?xml version='1.0' encoding='utf-8'?>
<doc><id>10409</id><url>http://news.nankai.edu.cn/nkyw/system/2011/02/04/000037094.shtml</url><title>外籍教师和留学生在南开园欢度中国年--南开要闻</title><datetime>2011-02-04 00:00:00</datetime><body>南开新闻网讯(记者 张剑 摄影 任永华)大年初一的南开园安静整洁，爱大会馆餐厅内却张灯结彩、喜气洋洋。2月3日，留校过春节的来自世界各地的100多名留学生和外国专家欢聚一堂，欢度他们眼中的“洋节”。

谈到在中国5个月来的求学经历，来自白俄罗斯的安娜很兴奋。她说，自己很快就要回国过寒假，为了过一次中国的春节，特地推迟了行程。

学校国际学术交流处处长高海燕用中、英、日三国语言给大家拜年，引起餐厅内阵阵热烈的掌声。晚会的主持人是来自老挝的蔡文杰，他用流利的汉语祝大家“心想事成、万事如意”。外国专家和留学生代表也都热情发言，彼此祝福异乡之旅快乐幸福。

品尝中国的传统美食饺子是联欢会的重头戏。留学生们对薄皮大馅、味美多汁的饺子赞不绝口。在汉语言文化学院学习的泰国学生连林说，自己一定要学会包饺子，回国后让自己的家人一起品尝美味。

吃饺子、放鞭炮、做游戏、向亲友们送祝福……他们说，在这个寒冷的冬日，自己体会到了中国年的浓浓暖意，深刻感受到中国传统文化的魅力。</body></doc>