<?xml version='1.0' encoding='utf-8'?>
<doc><id>10402</id><url>http://news.nankai.edu.cn/nkyw/system/2011/02/13/000037130.shtml</url><title>南开大学新校区规划建设汇报研讨会召开--南开要闻</title><datetime>2011-02-13 00:00:00</datetime><body>南开新闻网讯(记者 刘慕鑫 摄影 任永华)2月12日，南开大学、天津大学新校区规划建设汇报研讨会在南开大学举行。市委常委、市委教育工委书记苟利军主持会议并讲话。

南开大学、天津大学、市委办公厅、市委教育工委、市教委、市规划局、市国土资源和房屋管理局等单位负责人参加了研讨会。南开大学党委书记薛进文，校长龚克，副校长佟家栋，校党委常委、校长助理、总会计师孙广平参加会议。

会上，苟利军认真听取了两校对新校区建设总体思路、设计进展、工作计划等方面的汇报，对两校在新校区建设上取得的阶段性成果给予充分肯定。他指出，市委市政府高度重视两校新校区建设工作，希望学校以科学发展观为指导，进一步增强责任感和紧迫感，坚持一流的标准，优化设计方案，开创南开、天大美好的未来。

苟利军强调，新校区建设要按照市委市政府的决策部署，统一规划，加强统筹，要树立低碳生态理念，加强组织协调，集思广益，完善功能布局，进一步提升规划。在科学规划的基础上，充分运用市场经济手段解决资金筹集、土地整合等问题。

与会者就两校新校区的前期设计、功能布局、交通组织、新技术应用等方面进行了讨论。</body></doc>