<?xml version='1.0' encoding='utf-8'?>
<doc><id>10407</id><url>http://news.nankai.edu.cn/nkyw/system/2011/02/06/000037100.shtml</url><title>【南开2010要闻回顾】交流合作 开放南开--南开要闻</title><datetime>2011-02-06 00:00:00</datetime><body>【南开2010要闻回顾】交流合作 开放南开 来源： 发稿时间： 2011-02-06 08:37 2010年，我校与天津中医药大学，津南区、泰州市、新疆维吾尔自治区政府，日本东京大学、美国天普大学、威斯康星大学、英国格拉斯哥大学、西班牙庞培法布拉大学、台湾师范大学等签署合作协议。 南开大学代表团先后赴美国、德国、英国、俄罗斯、西班牙、葡萄牙、日本、香港、台湾等国家和地区的著名高校与科研机构访问考察，达成了一系列合作意向。 英国王子暨约克公爵安德鲁获南开大学名誉博士，世界经济论坛主席克劳斯・施瓦布来校演讲。香港科技大学副校长李行伟受聘我校名誉教授。澳大利亚驻华大使芮捷锐、美国洛克菲勒集团总裁史蒂夫・克拉克・洛克菲勒二世、韩国驻华大使柳佑益、意大利驻华大使里卡多・谢飒、台湾知名媒体人陈文茜、中欧论坛创办人高大伟等受聘我校客座教授。 达沃斯青年科学家高层论坛、2010年芬斯勒几何国际会议、海峡两岸区域发展与地方政府合作学术研讨会、中国留美经济学年会、中俄激光物理研讨会等国际会议在南开举行。 留学生工作取得显著进展，2010年全年共接收长、短期留学生2618人，留学生总数比去年增加221人。尤其是欧美留学生人数达到715人，较去年增加110人。 学校先后承办了了国家汉办孔子学院中方院长、公派汉语教师、志愿者、海外汉语教师等7期培训班。

编辑 ： 陈鑫 相关新闻：</body></doc>