<?xml version='1.0' encoding='utf-8'?>
<doc><id>10405</id><url>http://news.nankai.edu.cn/nkyw/system/2011/02/08/000037110.shtml</url><title>【南开2010要闻回顾】后勤保障 给力南开--南开要闻</title><datetime>2011-02-08 00:00:00</datetime><body>2010年，完成基建项目配套工程、专项及常规维修改造工程30余项。专家楼餐厅重新开业，崭新的面貌、精致的菜品以及优质的服务赢得顾客好评。爱大会馆装修改造、设备更新等各项工作圆满完成。 学校供电供暖运行正常。学生食堂完成全面改造，新增电子价目牌、保温售货亭等设施，食堂大宗货物实现天津市六所高校的联合招标采购，通过多项举措实现食堂的物价稳定。 绿色校园建设取得积极进展，校容校貌进一步改观。新栽草坪3350平方米，补种草坪3500平方米。新栽乔木、灌木树种近千株，补植绿篱多处，补种月季6000株。</body></doc>