<?xml version='1.0' encoding='utf-8'?>
<doc><id>10406</id><url>http://news.nankai.edu.cn/nkyw/system/2011/02/07/000037109.shtml</url><title>【南开2010要闻回顾】科学研究 创新南开--南开要闻</title><datetime>2011-02-07 00:00:00</datetime><body>【南开2010要闻回顾】科学研究 创新南开 来源： 发稿时间： 2011-02-07 09:06 2010年，理科各单位获得国家自然科学基金项目180余项，科技部各类项目40余项，教育部项目32项，与企事业单位签订横向合同170余个。新增1个教育部重点实验室。 2010年，理科各单位获得国家自然科学基金项目180余项，科技部各类项目40余项，教育部项目32项，与企事业单位签订横向合同170余个。新增1个教育部重点实验室。 在已公示的各类奖项中，刘育教授领衔的“环糊精的分子识别与组装”项目获国家自然科学二等奖，我校获得“发明创业奖”1项，高等学校科学研究优秀成果奖自然科学二等奖1项。此外，获得第六届中国青年女科学家奖1项，求是杰出青年成果转化奖1项。共提交专利申请231项，取得授权专利69项，计算机软件著作权登记申请26项。5位教授当选教育部科技委学部委员。 文科入校科研经费再创新高，全年实际入校经费达7358.65万元。文科教师新立纵向项目202项，其中包括国家社科基金重大项目4项、重点项目3项、一般项目13项、青年项目18项、后期资助项目4项；教育部哲学社会科学研究重大课题攻关项目1项、人文社会科学研究一般项目55项、人文社会科学重点研究基地重大项目12项；国家自然科学基金面上项目12项、青年项目3项、专项任务项目1项、重大研究计划项目1项；全国教育科学规划课题2项。此外，文科教师全年新立横向项目共计240余项。

编辑 ： 陈鑫 相关新闻：</body></doc>