<?xml version='1.0' encoding='utf-8'?>
<doc><id>10404</id><url>http://news.nankai.edu.cn/nkyw/system/2011/02/09/000037111.shtml</url><title>【南开2010要闻回顾】媒体聚焦 魅力南开--南开要闻</title><datetime>2011-02-09 00:00:00</datetime><body>2010年国内主要文字媒体共刊发有关我校的报道近11400条。《人民日报》、《新华每日电讯》、《光明日报》、《中国青年报》、《中国教育报》、《科技日报》、《中国社会科学报》、《天津日报》、《今晚报》等重要媒体均在头版或显著位置报道南开各方面工作的成就，并被众多网站转载，在社会上引起热烈反响。中央电视台“新闻联播”、中央人民广播电台等重要栏目和人民网、新华网、中国新闻网等网络媒体也多次报道南开。

学校新闻宣传围绕根本任务、中心工作和社会时政热点，积极策划、主动挖掘，及时报道南开教育、科研工作成果和师生言论、反响等。包括“南开大学推出学业警示制”、“南开学生处分不再一背终身”、“南开大学创新思想政治教育工作方式”、“南开大学创新人才培养模式打造国际化拔尖人才”、“南开纪念严范孙150周年”、“南开学子陈永刚勇救落水老人”等系列报道在内的许多专稿特稿，大篇幅刊发于中央和地方重要媒体，形成了强大的主题宣传声势，受到各界的广泛关注和好评。</body></doc>