<?xml version='1.0' encoding='utf-8'?>
<doc><id>10418</id><url>http://news.nankai.edu.cn/nkyw/system/2011/01/31/000037075.shtml</url><title>市政协领导看望母国光院士-政协,母国光,院士,春节-南开要闻</title><datetime>2011-01-31 00:00:00</datetime><body>(记者 张 剑 摄影 任永华)新春佳节来临之际，天津市政协副主席田惠光一行1月30日上午看望了中国科学院院士、南开大学原校长母国光教授，向他致以节日的问候。南开大学党委副书记杨庆山，学校统战部负责人陪同看望。

田惠光代表市政协祝母先生新春快乐，并祝愿他身体健康、寿比南山。她关切地询问了母国光的生活和健康状况，感谢他为科技和教育事业所作的杰出贡献，并希望他一如既往地关心和支持天津市政协的工作。

前不久刚刚度过80岁寿辰的母国光面色红润、精神矍铄。他说，感谢市政协领导的关心和问候，我将尽己所能为天津市和南开大学多作贡献，近年来天津经济社会发展取得了令人瞩目的成就，期望未来更加美好。言谈中，他对天津教育事业的热爱、对南开大学发展的牵挂溢于言表。

母国光先生长期从事光学、应用光学和光学信息处理的科研与教学工作。他设计和制造了多种新型光学仪器。在白光光学信息处理、模式识别、傅立叶分光术、分光光度计、彩色图像的编码和解码及其在彩色胶片的存贮和恢复以及彩色摄影的应用等方面，均提出了重要的新概念、新技术，并卓有成效地使之实用化。他在国内外有关光学的核心学术期刊发表学术论文百余篇，获两项具有重要价值的发明专利，十余项科研成果通过技术鉴定，其中3项获得国家级科技奖，4项获部委级奖。他创造性地充实和发展了应用光学和光学信息处理的相关学科。

母国光先生在教书育人和从事教育领导工作中成绩卓著。他编写了我国第一部“光学”大学教科书，讲授“光学”和“应用光学”课程。他创建了南开大学现代光学研究所，并任所长。他作为博士生导师培养了数十名博士和硕士，学生遍及海内外。他任南开大学校长近十年期间，贯彻中央提出的面向现代化、面向世界、面向未来的教育方针，结合南开大学实际，提出建设综合性、研究型、现代化大学的思路，把学科建设是龙头、社会主义是方向、深化改革是途径、提高质量是目的作为指导思想。他在基础学科的调整和改造、师资队伍的建设、严格教学管理和学风、促进国际交流与合作、开放式办学及实行灵活的办学机制等方面实施了一系列的改革措施，取得显著成效，为南开大学的长足发展和建设成具有先进水平的重点大学作出了重要贡献。</body></doc>