<?xml version='1.0' encoding='utf-8'?>
<doc><id>10410</id><url>http://news.nankai.edu.cn/nkyw/system/2011/02/04/000037092.shtml</url><title>我校参加教育部高校保卫部门电视电话会议--南开要闻</title><datetime>2011-02-04 00:00:00</datetime><body>南开新闻网讯(通讯员 张俊杰)2月1日，教育部召开全国高校保卫部门监控系统视频会议，22所部属高校通过视频系统参加了会议。教育部党组书记、部长袁贵仁出席并讲话。袁贵仁高度评价了高校保卫部门在维护学校改革、发展，尤其是稳定工作中发挥的重要作用，并向高校保卫部门工作人员致以崇高的敬意和节日的问候。

会议中，教育部思政司维稳处处长余先亭与我校保卫处处长王惠兰进行了视频对话。王惠兰感谢教育部领导的关心和支持，并送去新春祝福。余先亭高度评价了我校的安全保卫工作，希望在今后的维稳工作中继续发挥更重要的作用。

学校保卫处各负责同志在监控指挥中心参加了会议。</body></doc>