<?xml version='1.0' encoding='utf-8'?>
<doc><id>10415</id><url>http://news.nankai.edu.cn/nkyw/system/2011/02/02/000037086.shtml</url><title>校领导慰问春节在岗职工-春节,慰问,保卫处,后勤-南开要闻</title><datetime>2011-02-02 00:00:00</datetime><body>(记者张剑 陈鑫 摄影 任永华 陈鑫)2月2日是我国农历的大年三十。校党委书记薛进文，校长龚克，党委副书记杨庆山，党委常委、校长助理、总会计师孙广平，以及学校办公室、后勤等相关部门负责人来到学校保卫处、变电站和供热站，看望和慰问节日期间仍然奋战在工作一线的干部、职工，代表学校向他们致以新春的问候。

校领导一行视察了保卫处的技防系统，察看了变电站和锅炉房的设备运行情况，与职工们亲切交谈，感谢他们对南开作出的贡献，祝愿他们春节快乐，并给他们的家属送上节日的祝福。</body></doc>