<?xml version='1.0' encoding='utf-8'?>
<doc><id>10412</id><url>http://news.nankai.edu.cn/nkyw/system/2011/02/03/000037089.shtml</url><title>市领导看望母国光教授-市委组织部,史莲喜,母国光-南开要闻</title><datetime>2011-02-03 00:00:00</datetime><body>南开新闻网讯(记者张剑 摄影任永华)2月3日是农历大年初一。上午，市委常委、市委组织部部长史莲喜看望了中国科学院院士、南开大学原校长母国光教授，向他及家人致以新春祝福。

南开大学党委书记薛进文、党委副书记杨庆山，及学校办公室、组织部负责人陪同慰问。

史莲喜一行来到母国光教授家中，与他亲切交谈，送上新春问候，祝愿他身体健康、阖家幸福。她高度评价了母先生多年来在教学、科研等领域取得的卓越成就，衷心感谢他为国家和地方发展作出的突出贡献，希望母先生继续支持教育、科技事业的发展。

母国光表示，天津近年来的快速发展令人欣喜，自己将继续为社会发展献计出力，相信天津的明天一定会更加美好。

母国光先生长期从事光学、应用光学和光学信息处理的科研与教学工作。他设计和制造了多种新型光学仪器。在白光光学信息处理、模式识别、傅立叶分光术、分光光度计、彩色图像的编码和解码及其在彩色胶片的存贮和恢复以及彩色摄影的应用等方面，均提出了重要的新概念、新技术，并卓有成效地使之实用化。他在国内外有关光学的核心学术期刊发表学术论文百余篇，获两项具有重要价值的发明专利，十余项科研成果通过技术鉴定，其中3项获得国家级科技奖，4项获部委级奖。他创造性地充实和发展了应用光学和光学信息处理的相关学科。

母国光先生在教书育人和从事教育领导工作中成绩卓著。他编写了我国第一部“光学”大学教科书，讲授“光学”和“应用光学”课程。他创建了南开大学现代光学研究所，并任所长。他作为博士生导师培养了数十名博士和硕士，学生遍及海内外。他任南开大学校长近十年期间，贯彻中央提出的面向现代化、面向世界、面向未来的教育方针，结合南开大学实际，提出建设综合性、研究型、现代化大学的思路，把学科建设是龙头、社会主义是方向、深化改革是途径、提高质量是目的作为指导思想。他在基础学科的调整和改造、师资队伍的建设、严格教学管理和学风、促进国际交流与合作、开放式办学及实行灵活的办学机制等方面实施了一系列的改革措施，取得显著成效，为南开大学的长足发展和建设成具有先进水平的重点大学作出了重要贡献。</body></doc>