<?xml version='1.0' encoding='utf-8'?>
<doc><id>10414</id><url>http://news.nankai.edu.cn/nkyw/system/2011/02/02/000037087.shtml</url><title>南开大学百名留校学生欢度春节-春节,留校学生-南开要闻</title><datetime>2011-02-02 00:00:00</datetime><body>(记者张剑 摄影任永华)“虽然身在异乡过春节，可我心里充满了幸福感，也祝愿老师和同学们‘扎西德勒’！”除夕，来自西藏的南开大学本科生格古拉加收到了邀请函，参加学校为留校学生举办的新春联欢会。在张灯结彩的馨香园餐厅，南开大学党委书记薛进文，校长龚克，党委副书记杨庆山、刘景泉，党委常委、校长助理、总会计师孙广平与百名留校学生一起欢度中国传统节日。

薛进文、龚克代表学校向全体留校学生致以新春的问候，祝大家在新的一年里学习进步、万事如意。“南开就是一个大家庭，我们要让学生在这里度过一个更加温暖幸福的春节。”龚克校长的一句话，说到了同学们心坎里。

联欢会上，校领导们与学生一起包饺子、话家常。不一会儿，热气腾腾的饺子上桌了，薄皮大馅的饺子让每一位南开学生都吃出了幸福的味道。

南开大学硕士生魏欣为了准备博士生考试，抓紧寒假时间留校学习，体验了一把“集体春节”。“说到过年，我却觉得和平时是一样的，因为假期里宿舍、自习室、食堂、浴园都照常开放，可以说衣、食、住、学都得到了充分的保障。”

据了解，学校不仅为他们准备了精彩的联欢活动，还发放了红包、餐券和瓜子、花生、水果等新鲜食品。</body></doc>