<?xml version='1.0' encoding='utf-8'?>
<doc><id>10419</id><url>http://news.nankai.edu.cn/nkyw/system/2011/01/31/000037074.shtml</url><title>【南开2010要闻回顾】教学提升 品质南开-南开2010要闻回顾,教学提升,品质南开-南开要闻</title><datetime>2011-01-31 00:00:00</datetime><body>我校将2010年定为“本科教学质量年”，围绕此主题正式启动了青年教师教学培训等多项举措，积极探索推进教学方式方法的改革，强力助推本科教学质量提高。修订本科生教学计划，“听讲座”成为每名本科学生的专业必修课程。开展“模块式”公选课教学。 我校将2010年定为“本科教学质量年”，围绕此主题正式启动了青年教师教学培训等多项举措，积极探索推进教学方式方法的改革，强力助推本科教学质量提高。修订本科生教学计划，“听讲座”成为每名本科学生的专业必修课程。开展“模块式”公选课教学。 “世界经济概论”、“中国近现代史纲要”、“科研方法论”、“大学英语”、“综合化学实验”、“微生物发酵工程”、“大学文科数学”和“会计学”8门课程被评为国家级精品课程。“化学实验系列课程教学团队”和“环境科学专业基础课程教学团队”入选国家级教学团队。南开大学“实施基础学科拔尖学生培养试验计划”和“化学学科教育教学改革”两个项目，列为国家教育体制改革试点。马克思主义教育学院博士生课程“中国马克思主义与当代”、“马克思主义经典著作选读”位列研究生思想政治理论课课程设置调整改革试点。 3位教授入选国家基础教育课程教材专家咨询委员会和工作委员会。3位教授入选教育部高校思想政治理论课教学指导委员会。1篇论文入选2010年全国优秀博士学位论文。</body></doc>