<?xml version='1.0' encoding='utf-8'?>
<doc><id>10417</id><url>http://news.nankai.edu.cn/nkyw/system/2011/01/31/000037076.shtml</url><title>市委书记张高丽慰问南开教师代表-市委书记,张高丽,慰问,教师代表,新春-南开要闻</title><datetime>2011-01-31 00:00:00</datetime><body>(记者 冀 宁 摄影 任永华)冬日暖阳，笑语欢颜。1月30日上午，中共中央政治局委员、天津市委书记张高丽来到中国科学院院士、南开大学教授葛墨林先生的家中，向先生及家人，以及南开大学全体师生致以亲切的新春问候。

天津市委常委、市委组织部部长史莲喜，市委常委、市委教育工委书记苟利军，市委常委、市委秘书长段春华，副市长张俊芳等市领导及市有关部门负责人，南开大学党委书记薛进文，校长龚克，学校办公室、组织部等部门负责人陪同慰问。

在愉快的交谈中，张高丽代表天津市祝福葛墨林先生及家人新春快乐、身体健康，并对葛墨林等一大批优秀教师、科技工作者为国家和天津发展作出的卓越贡献表示衷心感谢，同时希望南开大学教师继续关注、支持天津市教育、科技事业的发展。

葛墨林向天津市对自己及南开大学数学学科的支持表示感谢。他说，天津市近几年的发展变化有目共睹，自己最近正在致力于将基础理论研究成果转化为实际生产力，希望能够继续为祖国和社会多作贡献。

薛进文、龚克感谢天津市对南开大学专家学者的关心、对南开大学各项事业的大力支持，并表示今后学校还会更加努力，继续推动天津经济社会发展。

葛墨林现任南开大学陈省身数学研究所教授、副所长，国务院学位委员会物理学科组成员，国家攀登项目“非线性科学”专家委员会成员，物理中群论方法国际大会常委委员会委员。受邀担任《美国数学物理》、《统计力学》、《数学物理评论》、《结理论》等国际学术期刊编委。曾获国家教委科技进步一等奖、二等奖，国家级教学成果二等奖，国家自然科学三等奖，何梁何利科技进步奖，柏宁顿金球奖。

葛墨林最初曾从事广义相对论和粒子物理研究，理论物理与数学物理，凝聚态理论、量子力学、广义相对论、规范场及统计物理的应用等领域的研究。如今主要致力于Yang-Baxter(杨振宁・巴克斯特)方程与量子群、Yang-Mills(杨・米尔斯)场及其无穷维代数结构、理论物理学、Yangian代数在物理中的应用等方向的研究。葛墨林的成就之一是发现Yang-Mills场存在无穷维代数结构，并使得该方向成为一个分支。他在Yang-Baxter系统研究方面已在国际上占有一席之地。</body></doc>