<?xml version='1.0' encoding='utf-8'?>
<doc><id>10411</id><url>http://news.nankai.edu.cn/nkyw/system/2011/02/03/000037091.shtml</url><title>南开区领导看望南开大学教师代表-南开区,刘长顺,南炳文,朱光磊-南开要闻</title><datetime>2011-02-03 00:00:00</datetime><body>南开新闻网讯(记者张剑 摄影任永华)2月3日大年初一下午，南开区区委书记刘长顺一行来到南开大学南炳文、朱光磊教授家中，为他们送上新春祝福。

南开大学党委书记薛进文、党委副书记杨庆山，及学校办公室、组织部负责人陪同会见。

刘长顺代表南开区政府祝二位教授春节愉快，万事如意。他表示，南开大学在南开区发展文化 、科技、教育事业中发挥着重要作用，南开区的建设离不开众多南开大学教师的大力支持，各位专家学者是天津市的财富，更是南开区的财富。希望各位老师在做好科研工作的同时，继续为南开区出谋划策，提供智力支持，共同促进南开区经济和社会各项事业又好又快发展。

南炳文、朱光磊表示，近年来南开区的飞速发展令人欣喜，自己将做好本职工作，争取为天津市、南开区作出更大的贡献。</body></doc>