<?xml version='1.0' encoding='utf-8'?>
<doc><id>10413</id><url>http://news.nankai.edu.cn/nkyw/system/2011/02/02/000037088.shtml</url><title>南开大学举办春节团拜会共话美好明天-春节 团拜会-南开要闻</title><datetime>2011-02-02 00:00:00</datetime><body>南开新闻网讯(记者张剑 摄影任永华)2月2日是中国传统佳节除夕之日。南开大学的伯苓楼内灯笼高掌、“福”字喜人，2011年春节团拜会在这里举行。校领导薛进文、龚克、陈洪、杨庆山、刘景泉、张式琪、佟家栋，校党委常委、教务长朱光磊，校党委常委、校长助理、总会计师孙广平，与学校教师、专家学者、离退休老干部代表欢聚一堂，同庆新春佳节，共话美好明天。团拜会由龚克主持。

校党委书记薛进文致新春祝辞。他说，虎年即将过去，兔年阔步走来，在辞旧迎新的欢乐时刻，祝愿全体南开人新春快乐、幸福安康！2010年，在党中央和教育部的正确领导下，在全校师生的共同努力下，南开大学的各项事业都取得了令人瞩目的成就。去年3月，教育部与天津市签署协议共建南开大学新校区，天津市将南开大学新校区建设纳入全市整体规划，新校区规划建设取得了实质性进展。中国旅游管理干部学院整建制划入我校，为南开打造旅游一级学科，更好地服务经济社会奠定了坚实基础。

薛进文指出，2010年，南开大学发展步伐稳健，创先争优活动广泛开展，教学、科研、师资队伍建设、人才培养、服务社会等各方面成绩斐然。南开师生救助阿依努尔，硕士生陈永刚勇救落水老人等成为全国典型，收到各界广泛关注。他强调，在新的一年里，南开人依然使命在肩，任重道远，要抓住机遇，迎接挑战，为创建世界知名高水平大学不懈努力。

龚克指出，在新的一年里，南开人要齐心协力，共谋发展，提升综合实力和国际形象，进一步深化教学改革，提高科研创新能力，加强人才队伍建设，创建和谐校园，发挥综合大学优势服务天津及滨海新区。

团拜会上，大家畅所欲言，抒发节日情怀，表达美好祝愿。老教授身着华服、神采奕奕，中青年教师仪表堂堂、意气风发，学子们喜气洋洋、欣欣向荣。师生们纷纷赋诗抒怀，感念南开岁月，展望美好未来，谈起即将启动的新校区建设，大家神采飞扬、无限憧憬。

虎年喜结丰收果，南开昂首展鸿“兔”。祝愿南开新年好！</body></doc>