<?xml version='1.0' encoding='utf-8'?>
<doc><id>10422</id><url>http://news.nankai.edu.cn/nkyw/system/2011/01/30/000037070.shtml</url><title>【南开2010要闻回顾】学科人才 实力南开-南开2010要闻回顾,学科人才,实力南开-南开要闻</title><datetime>2011-01-30 00:00:00</datetime><body>中国旅游管理干部学院整建制划转我校。成立旅游与服务学院、伯苓学院，哲学系更名为哲学院。

2010年我校本科新增翻译专业并开始招生，旅游管理专业恢复单独招生。确定在2011年增设“资源循环科学与工程”本科专业，旨在为社会培养循环经济、再生资源、低碳经济等领域的急需人才。研究生招生新增14个专业硕士学位和5个工程硕士领域。

新增3名长江学者特聘教授、4名讲座教授。新增两支“长江学者和创新团队发展计划”创新团队。1人入选国家“千人计划”。3人入选“新世纪百千万人才工程”。15人入选“新世纪优秀人才支持计划”。新增科学研究计划首席科学家、国家基金杰出青年各1位。龙以明教授当选国际数学联盟执委。3人荣获“全国优秀科技工作者”称号。</body></doc>