<?xml version='1.0' encoding='utf-8'?>
<doc><id>10421</id><url>http://news.nankai.edu.cn/nkyw/system/2011/01/30/000037071.shtml</url><title>师生热议新校区规划：新南开 新憧憬 新未来-新校区,规划,新南开,新憧憬,新未来-南开要闻</title><datetime>2011-01-30 00:00:00</datetime><body>南开新闻网讯(记者 张轶帆 平 扬)双港之东、咸水沽之西，河流围绕、绿茵环抱……随着“南开大学津南新校区总体规划设计展”的开展，即将诞生于这条津滨黄金走廊的南开大学新校区连日来成了师生们争相热议的焦点。

组织部部长张景荫通过展览和报纸认真了解学校新校区建设情况，作为首批参观展览的观众之一，他表示新校区建设规划令人振奋。他说：“我认为未来校区的设计应集合现有方案的优点和特色，取其精华，并使各处设计在科学合理的基础上协调发展、有序建设。”

在规划设计方案的沙盘前，周恩来政府管理学院教授、统战部部长陈钟林正在和几位老师热烈地讨论着心目中的新校区。她说：“在规划设计上，新校区应充分体现南开大学厚重的人文底蕴及文理交融、共同发展的教育理念，并融入充满时代精神的现代设计元素；在具体的建设施工上，要坚持标准确保质量，创造优质、高效、便于师生互动交流和可持续发展的空间环境。”

信息技术科学学院2009级硕士生陈翠莹高兴地说：“希望新校区能早日落成，以崭新的面貌迎接南开学子。”

展览期间担任志愿讲解员的商学院2007级本科生李凡一告诉记者，许多前来参观展览的师生希望新校区秉承南开大学悠久的文化传统和宝贵的精神财富。她说：“母校有着91载历史传统，古朴、大气、稳重的风格已经融入它的每一处景观，我们盼望在新校区的设计和建设中找到这些永不褪色的南开光华。”

不少师生校友高度关注新校园生态环境，学生小何通过网上留言表达对生态园林式设计的钟爱之情。他说：“良好的校园布局、建筑风格、绿化美化以及环境中蕴含的人文气息，是无声的育人载体，希望新校区能为大家提供更加舒适宜居、人与自然和谐共生的学习生活环境。”

团委教师孟杰用散文诗般的优美语言描述了自己的感受：“新校区落户津南，暗合鸿雁南飞之瑞意，作为南开的一分子，我对未来南开的事业更加充满信心。衷心期盼学校展开双翼，振翅高飞。”

为深入宣传新校区总体规划和建设情况，学校通过多种形式全方位、立体地介绍了津南新校区为学校发展带来的历史机遇、新校区建设的进程及3套设计方案。连日来，每天前来参观展览的师生、校友和各界人士络绎不绝，电视专题片“世纪跨越――南开大学津南新校区总体规划纪实”在校内外电视媒体多时段连续播出，以南开新闻网为平台刊发的“规划新校区，建设新南开”、“走进南开大学新校区”专题点击量累计数万次，详细解读新校区总体规划及建筑设计方案的《南开大学报》专刊更是成为广大读者竞相收藏的珍品。</body></doc>