<?xml version='1.0' encoding='utf-8'?>
<doc><id>10420</id><url>http://news.nankai.edu.cn/nkyw/system/2011/01/30/000037073.shtml</url><title>天津市社科界新春联谊会在南开大学举行-社科界,新春,联谊会-南开要闻</title><datetime>2011-01-30 00:00:00</datetime><body>(记者 韦承金 摄影 任永华)1月28日，由天津市委宣传部、市社联联合举办的天津市社会科学界2011新春联谊会在南开大学举行。天津市人大常委会主任肖怀远出席并讲话，市委宣传部常务副部长陈浙闽、副部长李毅，南开大学党委书记薛进文、校长龚克、常务副校长陈洪、党委副书记刘景泉、副校长佟家栋出席会议，市社联党组书记李家祥主持会议。会前，薛进文、龚克在爱大会馆会见了肖怀远一行。

肖怀远向全市哲学社会科学工作者致以新春的问候和良好的祝愿。他在讲话中介绍了当前天津市各项事业发展的喜人形势和哲学社会科学工作的良好态势，并对全市哲学社会科学工作者提出更高的要求。他说，在天津社会经济快速发展的大好形势下，社会科学工作者是大有所为的，希望广大哲学社会科学工作者积极建言献策，为国家和天津的发展提供智力支持，更好地发挥哲学社会科学服务经济社会发展的作用。

薛进文对各位领导、专家学者的到来表示热烈欢迎。他在致辞中指出，南开大学是文理并重的高校，多年来，南开大学哲学社会科学的学术视野、人才培养、队伍建设、学科和专业建设、学术研究等，一直得到天津市各级领导和社会科学界专家学者的大力支持，我们对此铭记在心，深怀感激，希望各位领导和专家学者对南开教育事业的发展尤其是哲学社会科学的发展给予一如既往的支持。

当天晚上，南开大学爱大会馆内气氛热烈，来自天津市社科界的代表50余人齐聚一堂，喜迎新春，畅谈天津大好形势。</body></doc>