<?xml version='1.0' encoding='utf-8'?>
<doc><id>10429</id><url>http://news.nankai.edu.cn/nkyw/system/2011/01/26/000037049.shtml</url><title>校领导到解放军总后勤部开展新年慰问活动--南开要闻</title><datetime>2011-01-26 00:00:00</datetime><body>南开新闻网讯(通讯员 邹晓健)1月25日，南开大学党委副书记刘景泉到中国人民解放军总后勤部开展新年慰问活动，党委学生工作部负责人与中国人民解放军总后勤部驻南开大学天津大学后备军官选拔培训工作办公室负责人陪同。

刘景泉代表南开大学向中国人民解放军总后勤部致以新年的问候，感谢中国人民解放军总后勤部长期以来对南开大学的大力支持。他指出，南开大学今后将继续做好国防生的培养工作，为军队培养优秀人才作出更大的努力。中国人民解放军总后勤部政治部副主任袁安升、陶德平，政治部干部部部长苏林波、副部长朱明哲等热情接待了刘景泉一行。

双方深入交流了联合培养国防生工作的历程和基本情况，就进一步总结国防生培养成功经验、改进国防生培养工作等交换了意见。

据了解，南开大学是与中国人民解放军总后勤部联合培养国防生的首所高校。自1999年9月招收首批国防生以来，南开大学与中国人民解放军联合培养国防生达700多人，为部队培养了一批优秀军官，为国防教育和军队现代化建设作出了贡献。</body></doc>