<?xml version='1.0' encoding='utf-8'?>
<doc><id>10423</id><url>http://news.nankai.edu.cn/nkyw/system/2011/01/29/000037068.shtml</url><title>【南开2010要闻回顾】津南校区 未来南开-【南开2010要闻回顾】,津南校区,未来南开-南开要闻</title><datetime>2011-01-29 00:00:00</datetime><body>2010年，教育部和天津市人民政府在京签署协议，共建南开大学新校区。中共天津市委九届九次全会决定将“启动南开大学、天津大学新校区建设”工作列入市委2011年工作要点，标志着南开大学新校区规划建设全面启动。 2010年，教育部和天津市人民政府在京签署协议，共建南开大学新校区。中共天津市委九届九次全会决定将“启动南开大学、天津大学新校区建设”工作列入市委2011年工作要点，标志着南开大学新校区规划建设全面启动。 学校党委抢抓机遇，组织力量深入开展调查研究，并多次就新校区建设赴浙江大学、华南理工大学、同济大学、南京大学等高校调研，听取有关专家和师生校友的意见，形成了新校区总体规划的基本思路。 在此基础上，南开大学与天津市规划院共同组织“南开大学津南新校区总体规划及建筑设计方案国际征集”活动，邀请了5家海内外知名设计单位参与征集工作，并举行了评审会，最终评选出一等奖方案1个，二等奖方案1个。学校通过展览等形式面向师生校友和社会各界人士广泛征求和吸纳意见，为修改完善最终规划方案奠定基础。</body></doc>