<?xml version='1.0' encoding='utf-8'?>
<doc><id>10427</id><url>http://news.nankai.edu.cn/nkyw/system/2011/01/27/000037052.shtml</url><title>校领导春节前看望慰问老同志和专家学者-春节慰问-南开要闻</title><datetime>2011-01-27 00:00:00</datetime><body>薛进文、龚克看望慰问罗宗强教授

薛进文、龚克看望慰问南开大学原副校长朱光华教授

薛进文、龚克看望慰问南开大学原校长侯自新教授

薛进文、龚克看望慰问南开大学原校长母国光院士

薛进文、龚克看望慰问李正名院士

薛进文、龚克看望慰问申泮文院士

薛进文、龚克看望慰问南开大学原副校长逄锦聚教授

薛进文、龚克看望慰问魏宏运教授 薛进文、龚克看望慰问南开大学原党委书记洪国起教授 薛进文、龚克看望慰问谷书堂教授 薛进文、龚克看望慰问陈晏清教授 薛进文、龚克看望慰问叶嘉莹教授 薛进文、龚克看望慰问周其林院士 薛进文、龚克看望慰问南开大学原党委书记李原 薛进文、龚克看望慰问宋礼成院士 薛进文、龚克看望慰问葛墨林院士 薛进文、龚克看望慰问龙以明院士

(记者 韦承金 摄影 任永华)新春佳节到来之际，南开大学党委书记薛进文、校长龚克带领学校相关部门负责人，前往我校老同志和专家学者家中，代表南开大学向他们致以亲切的新年问候。

1月25日至26日，薛进文、龚克先后慰问了罗宗强、朱光华、侯自新、母国光、李正名、申泮文、逄锦聚、魏宏运、洪国起、谷书堂、陈晏清、叶嘉莹、周其林、李原、宋礼成、葛墨林、龙以明等老同志和专家学者。薛进文、龚克与老同志、专家学者们亲切交谈，对他们为南开大学发展付出的辛勤努力和作出的突出贡献致以崇高的敬意，并了解他们近期的工作和生活情况，认真听取他们对学校工作的意见和建议。

老同志、专家学者们感谢学校的关心，纷纷畅谈自己对南开教育事业发展的关注，坦诚自己对学校工作的期望，表示将尽自己最大的努力，为南开发展作出更大的贡献。</body></doc>