<?xml version='1.0' encoding='utf-8'?>
<doc><id>10428</id><url>http://news.nankai.edu.cn/nkyw/system/2011/01/28/000037060.shtml</url><title>【南开2010要闻回顾】创先争优 活力南开--南开要闻</title><datetime>2011-01-28 00:00:00</datetime><body>2010年6月起，按照教育部党组和天津市教育工委的统一部署，校党委高度重视、周密部署、精心组织开展创先争优活动，全校各级党组织和广大党员紧密围绕“深入学习实践科学发展观、推动学校事业又好又快发展”这一主题，创新载体，丰富形式，充分发挥基层党组织的战斗堡垒作用和共产党员的先锋模范作用，为推动科学发展、促进校园和谐、服务广大师生、加强基层组织而努力，初步实现了高起点开局、高质量推进、高标准深化的阶段性目标。

在深入开展创先争优活动的同时，校党委召开大会隆重纪念中国共产党成立89周年，表彰先进党组织和优秀共产党员，总结交流新形势下加强学校党组织建设、发挥党员先锋模范作用的成功经验。认真组织学习贯彻落实党的十七届五中全会和全国教育工作会议精神，学习贯彻落实《中国共产党普通高等学校基层组织工作条例》、《国家中长期教育改革和发展规划纲要(2010-2020年)》。

学校隆重纪念严范孙诞辰150周年、曹禺诞辰100周年。</body></doc>