<?xml version='1.0' encoding='utf-8'?>
<doc><id>10424</id><url>http://news.nankai.edu.cn/nkyw/system/2011/01/29/000037066.shtml</url><title>学校召开新校区规划建设学生意见征求会-新校区,规划,学生意见,征求-南开要闻</title><datetime>2011-01-29 00:00:00</datetime><body>(通讯员 魏 巍 摄影 韦承金)1月27日，南开大学津南新校区规划建设学生意见征求会在办公楼举行。副校长佟家栋，校党委常委、校长助理、总会计师孙广平出席，研工部、基建处相关负责人与近30名来自各学院的本、硕、博同学参加了会议。

佟家栋在讲话中指出，建设新校区是南开大学的重大历史机遇，是新时期南开办学上台阶、上水平、国际化的硬件保证，承载着南开未来发展的重大责任。在新校区的规划中突出“以人为本，以学生为本”的设计理念，因此广大学生的意见非常重要，希望同学们广开思路，积极献策献计。孙广平对新校区的总体情况和设计方案征集情况作了简要说明，并介绍了兄弟高校在建设新校区过程中的成功经验。基建处同志就目前国内外相关大学的主要学生服务设施情况进行了介绍。与会老师和同学们结合学校校情和自身学习生活特点，从校区的宿舍建设、食堂建设、体育场馆建设、学生活动场所建设等方面进行了热烈讨论，并就学生生活区“安全、环保、绿色、舒适”的设计理念达成了共识。

佟家栋对大家提出的建议表示感谢，他说，学校会积极采纳老师、同学们提出的合理化建议，尽可能提高学生生活区的建设水平，希望大家能够进一步提出更多、更好、切实可行的方案，学校也将进一步凝聚共识，为修改完善最终规划方案奠定基础。</body></doc>