<?xml version='1.0' encoding='utf-8'?>
<doc><id>1042</id><url>http://news.nankai.edu.cn/nkyw/system/2018/03/03/000370034.shtml</url><title>纪念周恩来诞辰120周年――南开大学中外学子看总理外交 话中外情谊--南开要闻</title><datetime>2018-03-03 00:00:00</datetime><body>南开新闻网讯( 记者 郝静秋 摄影报道 )2018年3月5日，是周恩来总理诞辰120周年。3月2日，南开大学数十名中外学子汇聚在汉语言文化学院大楼，追忆总理英容风姿，回顾总理与中国外交，延续中外友好情谊。

活动现场播放的影片，讲述了周恩来总理为中国人民谋幸福、为中华民族谋复兴、为人类进步事业做出的卓著功勋，他的“风雨外交路”，他对和平与正义的执着追求深深打动了在场中外学子。

“周总理一生付出了很多，他是一个伟大的外交官，他是一位值得敬佩的好总理！”亚美尼亚的秦梦兰在看到周总理事迹后感慨道。

来自日本创价大学的田中幸一是周总理的忠实粉丝，他告诉大家，“我第一次知道周恩来总理，是因为创价大学的创立者池田大作先生。1974年12月5日，周恩来总理会见了池田大作先生。当时，周恩来总理得了癌症，还在病中，但即使在病中，周总理还是表现出了对和平的强烈希望。他对中日友好的想法，关于世界和平的见解，我十分感动，也十分认同。作为一名留学生，我也想为中日友好作出贡献，像周总理一样维护世界和平。”

周恩来总理是南开大学的杰出校友。他的崇高理想和坚定信念，他的伟大人格和精神风范，永远是南开师生学习的楷模，永远激励着南开人砥砺前行。

南开大学2016级本科生王思聪和大家分享了周总理在外交上的一些小故事，他说，周总理提出的“求同存异，和平共处”五项原则，是那个时代为世界和平发展提出的中国方案，贡献了中国智慧，这是不忘初心的生动体现。作为新时代的南开学子，我们有义务、有责任延续这份初心，将自我发展与国家发展命运相融合，严格要求自己，用踏实的努力和奋斗，做出青年一代应有的贡献。</body></doc>