<?xml version='1.0' encoding='utf-8'?>
<doc><id>10425</id><url>http://news.nankai.edu.cn/nkyw/system/2011/01/28/000037061.shtml</url><title>【南开2010要闻回顾】服务社会 公能南开--南开要闻</title><datetime>2011-01-28 00:00:00</datetime><body>【南开2010要闻回顾】服务社会 公能南开 来源： 南开新闻网-南开大学报 发稿时间： 2011-01-28 08:23 2010年，我校师生通过多种形式为夏季达沃斯论坛贡献智慧与力量。与台湾竞争力论坛学会和中华金融人员协会联合主办环渤海经济圈津台论坛。 2010年，我校师生通过多种形式为夏季达沃斯论坛贡献智慧与力量。与台湾竞争力论坛学会和中华金融人员协会联合主办环渤海经济圈津台论坛。 南开教授参与编写的天津首部全方位反映民营经济发展状况的专著《天津市民营经济发展报告(2008-2009)》(蓝皮书)、《天津市民营经济发展环境报告(2009)》(白皮书)出版。发布2010中国公司治理指数、与恒安标准人寿联合发布2010年寿险指数。 我校与海南大学联合成立“海南国际旅游岛发展研究院”，将建设成为海南国际旅游岛发展的政府智库、业界智囊、学术高地和人才培养基地。 组织开展为玉树、舟曲灾区祈福、捐款系列活动。 编辑 ： 韦承金 相关新闻：</body></doc>