<?xml version='1.0' encoding='utf-8'?>
<doc><id>10430</id><url>http://news.nankai.edu.cn/nkyw/system/2011/01/26/000037047.shtml</url><title>我校举行机关新年联欢暨2010年度机关表彰大会--南开要闻</title><datetime>2011-01-26 00:00:00</datetime><body>(记者 平扬 摄影 任永华陈晨) 1月24日，南开大学综合实验楼报告厅内张灯结彩，鲜花锦簇， 2011机关新年联欢暨2010年度机关表彰大会在这里举行。校党委书记薛进文，党委副书记杨庆山、刘景泉，校纪委书记张式琪，校党委常委、校长助理、总会计师孙广平与数百名员工一同联欢。

薛进文向过去一年为学校改革、建设、发展、稳定作出努力和贡献的同仁表示衷心感谢，向获得各项表彰和奖励的老师们表示热烈祝贺，并代表远在外地开会的校长龚克向大家转达诚挚问候和新春祝福。他说，学校机关各部门认真履行职责，圆满完成了各项工作任务，取得了令人振奋的成绩。在新的一年里，希望大家珍惜机遇，在建党90周年、《国家中长期教育改革和发展规划纲要》出台、天津市“十二五”开局之际，戮力同心，再接再厉，奋发进取，为南开美好的未来贡献智慧，为提升学校核心竞争力贡献力量。

喜庆乐声悠扬响起，一曲《欢乐中国年》拉开联欢会的帷幕。歌曲联唱、小品、歌舞等丰富多彩的节目为观众带来美的享受。掌声此起彼伏，欢笑不绝于耳。机关教工合唱团演唱的《瑶山夜歌》将联欢会推向高潮。

会上，校领导为获得2010年度机关“先进党支部”、“优秀共产党员”、“文明处室”、“青年文明示范岗”、“爱岗敬业奖”、“最佳党日”、“先进工会小组”、“工会工作积极分子”、机关青年干部征文等奖项的集体和个人颁奖。</body></doc>