<?xml version='1.0' encoding='utf-8'?>
<doc><id>10437</id><url>http://news.nankai.edu.cn/nkyw/system/2011/01/23/000037020.shtml</url><title>南开大学保送生考试1月开考-招生,保送生,考试,自主招生-南开要闻</title><datetime>2011-01-23 00:00:00</datetime><body>南开新闻网记者 平 扬

1月23日，南开大学2011年保送生、自主招生考试开考。与以往不同，此次考试只面向各地保送生和通过该校自主招生夏令营获得资格的考生及天津籍自主招生考生，总数超过千人。报考该校自主招生的非天津籍考生须参加由北京大学、南开大学等13所学校共同举办自主选拔联合考试。

增加笔试科目 利于考生公平竞争

开考前夕，从天津及全国各地赶来的优秀学子在家长的陪同下来到学校报到。南开大学由各学科专业的专家、学者参与组织文化课考试和面试。

23日和24日，他们将在学校参加为期两天的统一测试，第一天为笔试，第二天为面试。据了解，今年的笔试科目由往年的3门增加为5门，理科笔试科目为语文、数学、外语、物理和化学，文科则为语文、数学、外语、历史和政治。

南开大学党委学工部副部长、招生办公室主任赵桂敏介绍，此次笔试科目增加，是为了与联考相互呼应，形成科学统一的选才标准并为广大考生搭建公平竞争平台。

由北京大学、南开大学等13所综合性高校共同举办的自主招生联考将于2月20日举行，南开大学为天津地区唯一考点。基于人才培养目标的接近，联考将设语文、数学、外语、历史、政治、物理、化学等7门考试，视各自标准依照报考学生成绩进行甄选。针对南开大学，参加联考的理科生需要提供语文、数学、外语、物理、化学等5个科目成绩，而文科生则需要提供数学、语文、外语、历史、政治等5个科目成绩。

“组团”面试 专家助阵

第二天的面试环节是本次自主招生考试的一大亮点。南开大学将为参加自主招生考试的考生“组团”面试，考生将被随机分组，共同参加15至20分钟的面试。

“把学生置于一个团体中更容易全面客观地对比其综合素质优劣。此外我们还特意在其中安排了小组讨论类题目，让考生意识到竞争之外合作的重要性。”赵桂敏说。

据了解，面试考官设置上也尽显“学问”。负责此次招生工作的刘老师向记者介绍，考官全部是在开考前才能够获知自己负责的考场，严格保证了考试的公平性。一般每考场内除了专业教师之外，还有专门考察学生综合素质的专家，从各个角度提问并与学生交流。

“这种形式的考试体现了发展性，给学生提供了一个相对自由和轻松的自我展示机会，锻炼了大家的反应能力、适应能力。”赵桂敏说。

为保送生开优惠条件

与自主招生考生不同的是，对于没来得及参加或者没有通过此次测试的南开大学保送考生，还有机会再参加一次联考，多一次实现名校梦想的机会。学校为保送生开出更多优惠条件，根据考生在此次考试中的成绩和报考专业的志愿，除了个别专业外，将尽量满足对成绩优异考生第一专业志愿。

在南开大学自主招生“哲学夏令营”、“历史夏令营”、“医学夏令营”和“药学夏令营”中脱颖而出的考生也如期前来报到，他们只需参加笔试，入围者按照该校招生简章规定，最高可获40分优惠。

据介绍，南开大学将在春节前后将考试成绩发布于专门网站并进行公示，在全透明状态下接受社会监督。</body></doc>