<?xml version='1.0' encoding='utf-8'?>
<doc><id>10434</id><url>http://news.nankai.edu.cn/nkyw/system/2011/01/24/000037043.shtml</url><title>解放军总后勤部向南开师生致以新春问候-解放军,总后勤部,新春-南开要闻</title><datetime>2011-01-24 00:00:00</datetime><body>(记者 平 扬 摄影 任永华)1月24日，解放军总后勤部干部部副部长朱明哲、培训组组长张保民、培训组干事杜润安，军事交通学院政治部主任王克金一行来校访问。党委副书记刘景泉会见客人。学工部、武装部负责人陪同会见。

朱明哲代表总后官兵向南开师生致以新春问候，感谢南开长期以来为部队培养和输送大批栋梁之材。

刘景泉对客人表示欢迎，并介绍了学校近期发展建设情况。他说，在11年的教学实践中，南开培养了700余名优秀国防生，为提升我军干部综合素质贡献了力量，今后学校将通过走访学生、深入调研，进一步总结教育经验，严格按照部队的要求培养学生，不断提升教育水平和人才培养质量。</body></doc>