<?xml version='1.0' encoding='utf-8'?>
<doc><id>10439</id><url>http://news.nankai.edu.cn/nkyw/system/2011/01/23/000037017.shtml</url><title>尹沧海画展在津举行-尹沧海,画展-南开要闻</title><datetime>2011-01-23 00:00:00</datetime><body>南开新闻网讯(记者 平 扬 摄影报道)1月22日，由南开大学、天津市文学艺术界联合会、天津市美术家协会、天津天美时代艺术发展有限公司联合主办的“2010台湾尹沧海书画艺术交流展――天津汇报展”在天美时代艺术博览中心举行。天津市委常委、市委政法委书记散襄军，南开大学党委书记薛进文，原天津市政协副主席曹秀荣出席开幕式并剪彩，仪式由南开大学党委副书记杨庆山主持。各界南开校友纷纷前来祝贺。 (记者 平 扬 摄影报道)1月22日，由南开大学、天津市文学艺术界联合会、天津市美术家协会、天津天美时代艺术发展有限公司联合主办的“2010台湾尹沧海书画艺术交流展――天津汇报展”在天美时代艺术博览中心举行。天津市委常委、市委政法委书记散襄军，南开大学党委书记薛进文，原天津市政协副主席曹秀荣出席开幕式并剪彩，仪式由南开大学党委副书记杨庆山主持。各界南开校友纷纷前来祝贺。 44岁的尹沧海出生于有“画家之乡”之称的安徽萧县，毕业于天津美术学院中国画系，2003年取得南开大学艺术史博士学位，目前是南开大学东方艺术系教授，天津大学、天津商业大学客座教授，也是中国美术家协会与书法家协会会员、九三学社天津书画院副院长，是“水墨写意画”领域实力雄厚的中生代。作为当代中青年画家，其写意画当属性灵派，追求禅的哲学意味和文人画的精湛与凝练，除其性情之外，更凸显他对中国画传统的认知与把握，以及他的写意方式之主观性、纯粹性和寓意元素。本次展出大部分作品是尹沧海“2010台湾尹沧海书画艺术交流展”的80余幅艺术原作。</body></doc>