<?xml version='1.0' encoding='utf-8'?>
<doc><id>10433</id><url>http://news.nankai.edu.cn/nkyw/system/2011/01/24/000037044.shtml</url><title>南开大学教育基金会召开第二次理事会会议-教育基金会,理事会-南开要闻</title><datetime>2011-01-24 00:00:00</datetime><body>(记者 平 扬 摄影 任永华)1月24日，南开大学教育基金会在办公楼召开2010年第二次理事会会议。会议由基金会理事长、校党委书记薛进文主持并讲话，基金会理事、监事等参加了会议。

薛进文指出，基金会在过去一年中扎实工作，富有成效，为学校的人才培养、学科建设等方面提供了有力的支持，在促进学校发展方面发挥重要作用。新一年的工作任务明确、重点明晰，随着新校区建设工作的启动，基金会应紧抓机遇，积极筹划，真抓实干，凝聚广大南开人的共识，调动各方面校友资源，为新校区建设和学校发展提供支持，贡献力量。他要求大家加强学校和社会各界的联系，拓展筹款渠道，增加募捐领域，进一步规范和完善基金的运营管理，积极探索适合基金保值增值的渠道，促进基金会工作健康持续发展。

理事会听取了关于2010年基金会基本运营情况的汇报，讨论并通过了2011年工作计划。</body></doc>