<?xml version='1.0' encoding='utf-8'?>
<doc><id>10436</id><url>http://news.nankai.edu.cn/nkyw/system/2011/01/24/000037038.shtml</url><title>南开大学举行宣传思想工作总结交流会-宣传思想,总结,交流-南开要闻</title><datetime>2011-01-24 00:00:00</datetime><body>南开新闻网讯(记者 张 丽)1月20日，南开大学宣传思想工作总结交流会举行，校党委副书记刘景泉出席会议并讲话，党委宣传部负责同志和全体工作人员参加。

刘景泉在讲话中指出，2010年，宣传思想工作在学校党委的领导下，在全校各单位的大力支持下，取得了突出的成绩，工作队伍面貌蓬勃向上，工作水平得到了进一步提升，为内聚人心、外树形象、提高学校核心发展力与构建和谐南开发挥了重要作用。新的一年里，要围绕中心、服务大局，扎实做好引领政治方向、弘扬时代主旋律、繁荣校园文化、营造舆论氛围、扩大南开影响、促进科学发展等方面的工作，进一步开创学校宣传思想工作的新局面。

与会人员对2010年宣传思想工作经验进行了回顾总结，对2011年工作计划进行了充分讨论。大家纷纷表示，要以崭新的工作面貌，发扬创新精神，扎实努力，开拓进取，为南开大学宣传思想工作再上新台阶作出更大的贡献。

2010年，南开大学宣传思想工作部门全面贯彻党的十七大和十七届四中全会精神，深入贯彻落实科学发展观，按照“高举旗帜、围绕大局、服务师生、改革创新”的要求，从各方面加强和改进宣传思想文化工作，取得了突出成效和成绩。

这一年，学校宣传思想工作认真抓好学习实践活动后续有关工作，通过多种方式营造了浓厚的学习宣传氛围，增强了广大师生学习实践科学发展观的自觉性和坚定性；深入开展创先争优活动，形成了良好的创先争优氛围；推进学习型党组织建设；加强理论研究和宣传调研；加强思想政治教育；开展党建主题征文、规划研讨座谈等形式的主题教育活动，加强精神文明建设；繁荣发展校园文化，全年举办“南开名人讲座”和“南开周末乐坛”、“南开周末影坛”、“南开周末文苑”等主流校园文化活动近40场次，形成了“南开文化周末”的系列品牌；加强网络教育管理。

这一年，努力扩大校内主流媒体影响，组织了主题宣传报道，形成对外宣传亮点。据不完全统计，全年各类报刊刊发有关我校的报道近2000条；以“南开大学”为关键词在百度新闻上共检索到相关新闻报道5万2400余篇，其中直接以“南开大学”为标题的新闻近3650篇。同时推进新闻宣传机制建设，新闻宣传工作信息化办公平台进入试运行阶段。强化部门建设和队伍建设。宣传思想工作档案资料数据库建设进入前期筹备阶段。</body></doc>