<?xml version='1.0' encoding='utf-8'?>
<doc><id>10435</id><url>http://news.nankai.edu.cn/nkyw/system/2011/01/24/000037041.shtml</url><title>教育部哲学社科研究重大课题攻关项目开题-教育部,哲学社科,研究,重大课题,攻关项目,开题,周恩来政府管理学院,吴志成-南开要闻</title><datetime>2011-01-24 00:00:00</datetime><body>(记者 张 剑 摄影 任永华)1月23日上午，由南开大学周恩来政府管理学院教授吴志成主持的2010年度教育部哲学社会科学研究重大课题攻关项目“新时期全球治理的理论创新研究”开题报告会举行。

会前，校党委书记薛进文、常务副校长陈洪分别会见了前来参加开题报告会的专家学者，并代表学校感谢教育部社科司及各位专家对南开大学国际关系学科建设的关心和支持。

日前，2010年度教育部哲学社会科学研究重大课题攻关项目的立项结果业已正式公布。经教育部组织专家严格评审和面向社会公示，南开大学周恩来政府管理学院吴志成教授领衔投标的“新时期全球治理的理论创新研究”最终获准立项，经费资助达80万元。

教育部社会科学研究司副司长张东刚，南开大学副校长佟家栋，及来自外交部、中共中央对外联络部、中共中央编译局、北京大学、上海外国语大学、中国现代国际关系研究院、外交学院、中国政法大学等部委、研究机构的专家学者参加了开题报告会。

张东刚对南开中标课题表示祝贺。他说，“新时期全球治理的理论创新研究”是本年度天津市唯一获批的项目，这是荣誉，也是责任。希望通过重大课题研究多出产生重大影响的标志性成果，并带动相关学科建设更上一层楼，将南开打造成国际政治学的重镇。

佟家栋对与会专家表示热烈欢迎。他希望专家们提出真知灼见，集中学术优势，在重点问题、核心问题上提供建设性的修改建议。

开题报告会由南开大学社会科学管理处负责人主持。项目首席专家吴志成教授首先做了开题报告，从研究背景、研究思路、基本框架、研究重点和前期基础等方面汇报了项目的总体情况。部分子课题负责人分别介绍了项目研究的重点问题。

中国中东学会副会长、上海外国语大学中东研究所所长朱威烈，中国国际关系学会副会长、外交学院党委书记秦亚青，中国国际关系学会副会长、北京大学国际关系学院副院长王逸舟，中国现代国际关系研究院《现代国际关系》主编林利民，外交部政策规划司参赞杨义瑞，中央编译局当代所副所长、《经济社会体制比较》主编杨雪冬，中联部《当代世界》总编辑金鑫，中国政法大学全球化与全球问题研究所所长蔡拓等专家，从项目研究内容、研究方法、研究视角、阶段成果、最终成果等各个角度提出了相关合理化建议。

“新时期全球治理的理论创新研究”以全球治理的历史演进为线索，以全球治理的前沿理论为基础，运用国际政治学、历史学、环境学、法学与国际经济学等多学科综合交叉的研究方法，深入考察全球治理的历史与实践，分析全球治理的界定、特征、机制、理论与模式的创新，探讨全球治理改革的必要性、措施及对传统理论、观念和国家主权思想的挑战，对民族国家体制、结构、管理过程的影响，进而总结全球治理的一般规律、经验教训以及对世界各地区区域治理的启示与借鉴，尤其强调在新的国际背景下，全球治理与全球秩序变革的关系以及西方大国与新兴国家对全球治理的不同战略。本课题具体分为全球治理的历史考察、理论分析、国家视角、领域维度、国际机制建设、未来发展和理论创新等七大研究板块，重点关注具有中国特色的全球治理的创新理论――“和谐世界”理论，以及这一理论在中国全球战略中的应用――“和谐外交”。</body></doc>