<?xml version='1.0' encoding='utf-8'?>
<doc><id>10432</id><url>http://news.nankai.edu.cn/nkyw/system/2011/01/24/000037045.shtml</url><title>周恩来奖学金评审会举行-周恩来,奖学金,评审会-南开要闻</title><datetime>2011-01-24 00:00:00</datetime><body>(记者 平 扬 摄影 任永华)1月24日，南开大学第四届周恩来奖学金评审会在办公楼举行。奖学金评审委员会主任薛进文主持并讲话，评审委员会成员参加会议。

薛进文指出，南开大学设立“周恩来奖学金”是希望人民的好总理、南开的杰出校友周恩来的伟大精神和高尚风范得以发扬光大，激励一代又一代南开人为了“为中华之崛起”的共同理想奋斗终生。他强调，“周恩来奖学金”被南开师生视为最高荣誉，今后要进一步完善评审程序，加强对奖学金及获奖学生的宣传，在广大学生中树立榜样，激励大家勤奋求知，锐意进取，奉献社会。

学工部、研工部负责人分别介绍了本科生、研究生的奖学金评选工作及候选人情况。到场评审委员对候选人进行表决。

“南开大学周恩来奖学金”是代表南开学生最高荣誉的奖学金，旨在弘扬“恩来精神”和南开精神，激励学生树立青年“为中华之崛起而读书”的远大抱负，勇攀高峰，锐意创新。该项基金于2005年在香港慈善家方润华先生倡议下设立，募捐基金委托南开大学教育基金会管理，限定金额为1000万人民币。</body></doc>