<?xml version='1.0' encoding='utf-8'?>
<doc><id>10431</id><url>http://news.nankai.edu.cn/nkyw/system/2011/01/25/000037046.shtml</url><title>“环保行天下 低碳进万家”公益活动在南开启动--南开要闻</title><datetime>2011-01-25 00:00:00</datetime><body>(记者 张轶帆 摄影报道)1月24日，天津市“环保行天下，低碳进万家”大型系列公益演出活动启动仪式暨天津市生态道德教育促进会年会在南开大学召开。天津市政协副主席曹小红，南开大学党委书记薛进文，市文明办副主任刘春雷，市政协原副主席、市生态道德教育促进会会长、南开大学教授朱坦，市政协原副主席、生态道德教育促进会顾问周绍熹，中国声乐学会、天津影视艺术学校有关负责人出席会议并观看演出。

刘春雷在讲话中指出，很高兴看到天津生态道德教育工作在市生态道德教育会等诸多单位和部门的群策群力下，如火如荼地开展起来。“环保行天下，低碳进万家”系列公益活动以文艺演出为载体普及生态文明理念，有利于环保走进百姓生活，有利于低碳深入大众之心，活动形式活泼，寓教于乐，值得大力发扬。希望各行各业努力推广、普及生态观念、规范和知识，助力津城建设。

曹小红宣布天津市“环保行天下，低碳进万家”大型系列公益演出活动启动，并与薛进文、周绍熹、朱坦一起种植见证树。市生态道德教育促进会为天津市环境保护宣传教育中心、南开大学环境与社会发展研究中心、天津市环境影响评估中心等24家常务理事单位颁发了常务理事单位证书。在市生态道德教育促进会年会上，中国声乐学会、天津市影视艺术学校师生演出了《绿色公益主题曲》、《大话环保》等歌曲、舞蹈、器乐演奏、相声小品等文娱节目。

据悉，为积极应对气候变化，努力保护生态环境，加快天津市生态城市建设，进一步拓展环保宣传渠道，市文明办作为指导单位，由天津市生态道德教育促进会、南开大学、中国声乐学会共同主办，天津影视艺术学校和天津市凹凸唱片文化发展中心承办的“环保行天下，低碳进万家”大型系列公益演出活动将持续10年(至2020年12月31日)，采取演出团队“四进”(即进校园、进企业、进社区、进乡村)的形式，以天津市为中心辐射华北地区以至全国各地，通过大家喜闻乐见的文娱演出形式，以及节能环保企业和热心环保人士的参与，共同推动环保事业的发展。</body></doc>