<?xml version='1.0' encoding='utf-8'?>
<doc><id>10443</id><url>http://news.nankai.edu.cn/nkyw/system/2011/01/20/000036965.shtml</url><title>新加坡南洋理工大学校长代表团来访-新加坡,南洋理工大学,校长,代表团,来访-南开要闻</title><datetime>2011-01-20 00:00:00</datetime><body>(通讯员 李 丹 记者 平 扬 摄影 陈晨)1月19日，新加坡南洋理工大学校长徐冠林一行访问南开大学。校长龚克、副校长关乃佳在办公楼会见客人。文学院、教务处、国际学术交流处等部门负责人陪同会见。

龚克对徐冠林一行的来访表示欢迎。他向来宾简要地介绍了南开大学新校区的规划情况，并表示南开大学一定会抓住这次前所未有的机遇，全力以赴做好新校区的建设，提高学术研究和教学等各项资源的质量。他说，秉承国际化办学理念，以合作促进学科发展、优势互补、资源融合，对高等教育进步及学校发展都具有重要意义，希望双方以此为契机加强合作与交流。

徐冠林对龚克成为南开大学新一任校长表示祝贺，认真了解了南开大学新校区规划建设情况，并介绍了南洋理工大学拟筹建的天津学院项目的进展情况。他说，随着南洋理工大学与南开大学、天津大学三校之间合作的加强，必将实现两国教育发展的共赢局面。

南洋理工大学是新加坡政府建立的顶尖大学，前身是1981年成立的南洋理工学院。文、理、工、商四大学院为超过21700名本科学生及9400名研究生提供全方位的跨学科教育，吸引着来自区域内及世界各地的众多精英学者。2010年6月，徐冠林曾率团访问过南开大学，同我校就双方共同发展和在未来进一步促进院系交流合作交换了意见，并探讨了在学生联合培养方面的合作。</body></doc>