<?xml version='1.0' encoding='utf-8'?>
<doc><id>10446</id><url>http://news.nankai.edu.cn/nkyw/system/2011/01/20/000036962.shtml</url><title>意大利前总理普罗迪来南开当老师-意大利,前总理,普罗迪,名誉教授-南开要闻</title><datetime>2011-01-20 00:00:00</datetime><body>(记者 张 剑 摄影 任永华)1月19日，欧盟委员会前主席、意大利前总理罗马诺・普罗迪受聘南开大学名誉教授。这位学者出身的著名政治家，将在南开大学重拾教鞭，不定期地来这里为青年人授课。

当日上午，“罗马诺・普罗迪先生名誉教授致聘仪式”在省身楼举行。会前，天津市政协副主席王文华，南开大学党委书记薛进文、校长龚克，副校长关乃佳等分别会见了普罗迪一行，对他加盟南开表示热烈欢迎，希望他今后常来南开讲学，为这里的师生传道授业，南开大学十分期待与欧洲高校的交流合作。

致聘仪式上，薛进文向普罗迪致送聘书，并为他佩戴南开校徽。致聘仪式由关乃佳主持。

普罗迪在致辞中说：“我之所以来南开大学做教授是因为喜欢当老师。中国现在已是世界上不可或缺的重要国家，在未来将发挥越来越大的作用。我曾在美国大学教过书，我认为学术界需要思想上的沟通和理解。”

作为一名经济学家，普罗迪对中国快速增长的经济很感兴趣。他表示，南开大学的经济、政治学科拥有很强的实力，相信这里是一个非常适合自己教学的地方。“希望能够一直教书，直到我不能教的那一天。而且我喜欢跟别人交流意见，进行辩论，听年轻人对我的批评，因为这个能够使我保持年轻，我希望我能够做这件事情做很多时间。”普罗迪说。

普罗迪还为师生带来了加盟南开后的首场讲座“21世纪世界主要地区的地缘政治格局”。他指出，进入21世纪以来，世界政治经济格局出现了新变化、新特征，美国、欧盟、俄罗斯、拉美，尤其是中国，在新的地缘政治格局中正发挥着独立而重要的作用。

普罗迪毕业于米兰天主教大学，获法学博士学位，后赴英国伦敦经济学院深造，获经济学硕士学位。从政之前，他在有千年历史的欧洲名校博洛尼亚大学担任工业组织和工业政策教授多年。主要著作包括《有力的竞争与市场的能力》、《意大利工业的广泛改革》等。从政之后，普罗迪在欧洲政坛产生了很大影响，他曾两度出任意大利总理，1999年至2004年年担任欧盟委员会主席。其间，成功地推动了欧元，促成了欧盟吸收中、东欧国家入盟，并全力支持推动欧盟宪法的起草工作。</body></doc>