<?xml version='1.0' encoding='utf-8'?>
<doc><id>10444</id><url>http://news.nankai.edu.cn/nkyw/system/2011/01/20/000036964.shtml</url><title>2010年度陈国庆奖学金颁发-研究生院,研工部,陈国庆,奖学金-南开要闻</title><datetime>2011-01-20 00:00:00</datetime><body>(记者 平 扬 通讯员 霍丽敏 摄影 任永华)1月19日，南开大学2010年度陈国庆奖学金颁发仪式在伯苓楼举行，副校长、研究生院院长佟家栋出席，研究生院、研工部及经济学院相关负责人参加。

经学生本人申请、导师推荐、院系初选、校奖学金评审委员会审定，2010年度共有经济学院李振静等7名同学获得南开大学陈国庆奖学金。

佟家栋对奖学金捐资人陈国庆先生热衷教育事业、无私奖掖后学的高尚品德给予赞誉，并向获奖同学表示祝贺。他说，陈国庆奖学金意义深刻，陈国庆先生一生勤奋治学，兢兢业业，将毕生精力奉献给教育事业，是值得广大师生敬仰和学习的楷模。奖学金的颁发是对同学们努力不懈、全面发展的肯定，希望同学们在今后的学习工作中始终心怀感恩，不忘师情，不断进取，回报母校，奉献社会。

获奖学生代表王婧彬接过证书说：“陈国庆奖学金的获得是对我以及在座的每一位获奖者在过去一年中刻苦学习、专心科研的态度及成果的肯定，也是对我们在今后进取道路上的一种激励和鼓舞。然而荣誉既是终点又是起点，今后我们要更加努力，回报社会。”

南开大学“陈国庆奖学金”由陈国庆夫妇捐资设立。陈国庆先生是我国著名经济学家、国内最早的金融学博士生导师之一，在推动我国金融工程研究和发展方面作出了重要贡献，被公认为国内金融工程领域的先驱。陈先生毕业于南开中学，并从1950年开始任职于南开大学，对南开怀有深厚的感情。60年春风化雨，桃李满天下，他以严谨的治学态度、卓越的学术成就、崇高的人格魅力培养出了几代南开经济学人。2005年，陈先生不幸逝世，其夫人程明林女士根据先生生前遗愿，捐资10万元人民币设立了陈国庆奖学金，此奖学金共颁发5年，用来奖励我校金融类专业品学兼优、表现突出的研究生，以此激励南开学子拼搏进取、自强不息、勇攀科技高峰。2006年，先生生前弟子鲁维丽女士又捐赠4万元，作为奖学金的延续。2011年是陈国庆奖学金设立的第六年，6年间共有来自经济学院不同专业的63名学生获此殊荣。</body></doc>