<?xml version='1.0' encoding='utf-8'?>
<doc><id>10440</id><url>http://news.nankai.edu.cn/nkyw/system/2011/01/22/000037008.shtml</url><title>南开大学举行学生工作总结交流会-学生工作,总结,交流-南开要闻</title><datetime>2011-01-22 00:00:00</datetime><body>南开新闻网讯(通讯员 沈宝庆)1月20日，南开大学学生工作总结交流会在学生活动中心举行，校党委副书记刘景泉出席会议并讲话，党委学生工作部负责同志和各学院学生工作负责同志参加。

刘景泉在讲话中指出，2010年，学生工作队伍在学校党委的领导下，在各部门、各学院的大力支持下，努力工作，积极做好学生思想政治教育和日常管理，维护学校稳定，圆满完成了各项任务，取得了很好的成绩。他强调，当前，学生工作系统要紧密围绕学校中心工作和重点工作，认真研究学生工作的新情况和新问题，统筹谋划好2011年的工作，为新的一年里稳步推进学生思想政治教育谋篇布局，为学生的全面发展创造良好条件。

会上，各学院就2010年推进全员育人机制建设、学生理想信念教育、学生班集体建设、校园文化建设、学生党建与学生骨干队伍培养、学风建设和网络思想政治教育、学生日常管理与资助、学生社会实践与就业创业、学生心理健康教育等工作做了精彩的回顾和展示，并着重介绍了在探索基层党组织建设、学业导师制与宿舍导师制、分类教育管理、大型文化活动、网上党校与博客等新的工作方式方法上的特色和典型经验。

2010年是我校学生工作的重要一年。在这一年里，学校召开了贯彻落实中央16号文件精神成果汇报会、加强和改进学生思想政治教育工作研讨班，全面总结了我校学生思想政治教育工作取得的成果，认真研究了今后一个时期的努力方向和工作重点。

在这一年里，在各级党委的指导下，学生工作部门紧密围绕学校的中心工作和学生工作的核心任务，坚持育人为本、德育为先，狠抓基础性工作和重点工作，不断创新工作内容和工作方式，取得了很多喜人的成绩，先后获得教育部授予的“全国高等学校学生资助工作先进单位”称号、全国高校校园文化建设优秀成果评选二等奖、“中华诵・经典诵读”活动成就奖等荣誉10项；教育部简报、教育部加强和改进大学生思想政治教育工作简报先后编发了3期专文介绍我校学生思想政治教育的经验和做法。</body></doc>