<?xml version='1.0' encoding='utf-8'?>
<doc><id>10441</id><url>http://news.nankai.edu.cn/mtnk/system/2011/01/21/000036988.shtml</url><title>天津日报：两张天津“名片” 携手共创“一流”--媒体南开</title><datetime>2011-01-21 00:00:00</datetime><body>本报讯(记者 赵晖)出席市十五届人大四次会议的市人大代表中，有两位同一天上任的校长，那就是南开大学校长龚克和天津大学校长李家俊。在“十二五”开局之年，刚刚履新的两位校长均表示将进一步在本市发展和滨海新区开发开放过程中抓机遇、上水平、做贡献，坚持以培养高素质拔尖创新人才为根本任务，推动教学、科研、社会服务的协调发展，提升办学水平和综合实力，把南开大学、天津大学早日建设成为国内外知名高水平大学。

作为地处天津的全国重点大学，南大、天大一直是天津的两张亮丽名片。在本市一系列大项目、好项目和重点工程、科技攻关中总能看到这两所高校的影子。当谈到如何进一步服务本市经济社会发展时，李家俊说：“‘融入天津’是天津大学未来发展的重要战略，作为一所工科见长的高校，天大首先要积极主动融入天津创新体系建设，建设好天津大学滨海工业研究院，探索产学研深度合作机制，助力天津城市创新能力提升、企业技术进步升级、科技型中小企业发展，为天津构筑创新高地、转变经济发展方式提供更强有力的支撑。”龚克也表达了相同的意愿：“天津兴，南大兴，南大要主动为天津发展服务，为滨海新区开发开放服务。”他还透露，以新校区建设为契机，南大将把与滨海新区发展紧密相关的学科悉数迁入新校区，更好地为滨海新区服务，而泰达学院、滨海发展研究院，更是成为南大服务滨海新区开发开放的平台。

同是1955年生人，又同在2011年1月10日就职的两位校长，谈起学校未来的发展也有很多“不谋而合”。“早日建设成为国内外知名高水平大学，未来成为‘综合性、研究型、开放式、国际化’的世界一流大学”是天津大学的发展目标，也是南开大学的发展目标。谈起人才培养和团队建设，龚克说南大要在引进高层次人才方面走在全市前列，通过学科内的团队建设、学科间团队交叉合作机制、与滨海新区的合作渠道，使得人才发挥最大优势。李家俊说天津大学要继续推进“卓越工程师教育培养”计划，引领天津和国家高等工程教育的发展，虽然两位校长各有侧重，但两人在“以人为本”这个原则上高度一致。

加强合作，优势学科互补将是天津这两所名牌大学未来交流互动的关键词。龚克是天津大学的原校长，对天大有着深入的了解，而天津大学校长李家俊在担任市科委主任期间也与南开大学有过不少的合作。“在过去合作的基础上，南大、天大要面向天津发展的新阶段，启动一批新的合作项目。”两所学校已经达成了初步意向。2011年南开大学、天津大学的新校区也将破土动工，作为教育部与天津市共同建设的重点工程，两所百年名校都投入了百分之百的努力。两位校长均表示要借势天津发展的东风，以新校区建设作为学校进一步发展的契机，融汇南大、天大文化传承的精髓，努力把新校区建设成为百年精品工程，体现现代大学科技、人文、绿色、和谐的理念，成为天津城市建设的新亮点。</body></doc>