<?xml version='1.0' encoding='utf-8'?>
<doc><id>10445</id><url>http://news.nankai.edu.cn/nkyw/system/2011/01/20/000036963.shtml</url><title>普罗迪：21世纪是中国的世纪-意大利,前总理,普罗迪,名誉教授,演讲-南开要闻</title><datetime>2011-01-20 00:00:00</datetime><body>(记者 张 剑 摄影 任永华)和许多离职后走上世界讲坛的西方政要一样，罗马诺・普罗迪这几年也频频到访中国。1月19日，这位著名的政治家，意大利前总理、欧盟委员会前主席走上南开大学的讲坛，为师生讲授“21世纪世界主要地区的地缘政治格局”。

现年71岁的普罗迪出生于意大利北部一个小知识分子家庭，获有法学和经济学双重学位，曾执教于美国哈佛大学，是西方国家公认的经济学家，真正的“教授级”政治领袖。他两度出任意大利总理，目睹和参与了欧洲一体化的全过程，特别是美国次贷危机引发的全球经济格局变化和希腊债务危机给欧盟国家蒙上的阴影，更让他对当今世界地缘政治产生了全新看法。

演讲中，普罗迪深入分析了进入21世纪以来，世界政治经济格局出现的新变化、新特征，美国、欧盟、俄罗斯、拉美，还有亚洲尤其是中国在新的地缘政治格局中各自扮演的角色和担当的责任。

普罗迪指出，如果说18、19世纪是欧洲的世纪，20世纪是美国的世纪，那么21世纪则是“中国的世纪”。伊拉克战争标志着美国主宰的世纪结束了。同时欧洲一体化格局松动，欧洲国家内部开始出现大量分歧；经过苏联解体阵痛后，俄罗斯的力量开始变得越来越强大；印度、巴西也重新焕发了活力；特别引人注目的还有中国的崛起。

他预言，东方世界的崛起，以及教育对于亚洲崛起的推动力，将是21世纪的主旋律之一。他说：“美国试图维持单极世界的梦想破裂了。”虽然至今仍没有哪个国家可以替代美国成为世界老大，但“世界的确发生了改变”。在上世纪50年代美国GDP占世界经济总量的50%，2007年已经滑到了27%，其经济和政治力量的下降过程有目共睹。“世界正朝着多极化方向发展。”

普罗迪评价说，21世纪成为中国世纪实际上是一种积极趋势，也是一个美好愿景。世界期望看到“一个更强大、更合作、更有责任的中国”，在推进世界变革和和平繁荣中发挥更加积极的作用。

在40多分钟的演讲中，普罗迪不吝溢美之辞，对中国的崛起充满赞赏。他说，历史上从来没有哪个国家像中国这样在如此短的时间里发生了巨变，中国经济的快速发展让世界完全改变了对它的印象。举办奥运会、加入G20峰会、迅速有效地应对经济危机，中国在人力资源、资本等方面的优势，令全世界看到了它的力量，“中国代表了新的世界领导力量”。他幽默地说：“中国唯一的弱势只有足球了”。</body></doc>