<?xml version='1.0' encoding='utf-8'?>
<doc><id>10442</id><url>http://news.nankai.edu.cn/nkyw/system/2011/01/21/000036987.shtml</url><title>【两会南开之声】南大、天大一直是天津的两张亮丽名片--南开要闻</title><datetime>2011-01-21 00:00:00</datetime><body>作为地处天津的全国重点大学，南大、天大一直是天津的两张亮丽名片。在本市一系列大项目、好项目和重点工程、科技攻关中总能看到这两所高校的影子。――南开大学校长龚克和天津大学校长李家俊</body></doc>